0, 0, 1, 0, 0, 0, 0, 0, 0, 0, 0, 0, 0, 0, 0, 0, 0, 0, 0, 0, 0, 0, 117, 1, 4.096370382272837, D-LinkSiren
0, 0, 1, 0, 0, 0, 0, 0, 0, 0, 0, 0, 0, 0, 0, 0, 0, 0, 0, 0, 0, 0, 95, 1, 1.6313145368868314, D-LinkSiren
0, 0, 0, 0, 0, 0, 0, 0, 0, 0, 0, 0, 0, 0, 0, 0, 0, 0, 0, 0, 0, 0, 1, 0, 0, D-LinkSiren
0, 0, 0, 0, 0, 0, 0, 0, 0, 0, 0, 0, 0, 0, 0, 0, 0, 0, 0, 0, 0, 0, 0, 0, 0, D-LinkSiren
0, 0, 0, 0, 0, 0, 0, 0, 0, 0, 0, 0, 0, 0, 0, 0, 0, 0, 0, 0, 0, 0, 1, 0, 0, D-LinkSiren
0, 0, 0, 1, 0, 0, 0, 0, 0, 0, 0, 0, 0, 0, 0, 0, 0, 0, 1, 0, 0, 0, 40, 1, 2.216917186688699, D-LinkSiren
0, 0, 0, 1, 0, 0, 0, 1, 0, 0, 0, 0, 0, 0, 0, 1, 0, 0, 2, 0, 2, 2, 627, 0, 0, D-LinkSiren
0, 0, 0, 1, 0, 0, 0, 1, 0, 0, 0, 0, 0, 0, 0, 1, 0, 0, 2, 0, 2, 2, 200, 0, 0, D-LinkSiren
0, 0, 0, 1, 0, 0, 0, 1, 0, 0, 0, 0, 0, 0, 0, 1, 0, 0, 2, 0, 2, 2, 627, 0, 0, D-LinkSiren
0, 0, 0, 1, 0, 0, 0, 1, 0, 0, 0, 0, 0, 0, 0, 1, 0, 0, 2, 0, 2, 2, 627, 0, 0, D-LinkSiren
0, 0, 0, 1, 0, 0, 0, 1, 0, 0, 0, 0, 0, 0, 0, 1, 0, 0, 2, 0, 2, 2, 591, 0, 0, D-LinkSiren
0, 0, 0, 1, 0, 0, 0, 1, 0, 0, 0, 0, 0, 0, 0, 1, 0, 0, 2, 0, 2, 2, 469, 0, 0, D-LinkSiren
0, 0, 0, 1, 0, 0, 0, 0, 0, 0, 0, 0, 0, 0, 0, 0, 0, 0, 2, 0, 0, 0, 40, 1, 2.216917186688699, D-LinkSiren
0, 0, 0, 1, 0, 0, 0, 1, 0, 0, 0, 0, 0, 0, 0, 1, 0, 0, 2, 0, 2, 2, 526, 0, 0, D-LinkSiren
0, 0, 0, 1, 0, 0, 0, 1, 0, 0, 0, 0, 0, 0, 0, 1, 0, 0, 2, 0, 2, 2, 126, 0, 0, D-LinkSiren
0, 1, 0, 0, 0, 0, 0, 0, 0, 0, 0, 0, 0, 0, 0, 0, 0, 0, 2, 0, 0, 0, 6, 1, 1.584962500721156, D-LinkSiren
0, 0, 1, 0, 0, 0, 0, 0, 0, 0, 0, 0, 0, 0, 0, 0, 0, 0, 2, 0, 0, 0, 117, 1, 4.089918352339816, D-LinkSiren
0, 0, 1, 0, 0, 0, 0, 0, 0, 0, 0, 0, 0, 0, 0, 0, 0, 0, 2, 0, 0, 0, 95, 1, 1.6523671684657788, D-LinkSiren
1, 0, 0, 0, 0, 0, 0, 0, 0, 0, 0, 0, 0, 0, 0, 0, 0, 0, 2, 0, 0, 0, 0, 0, 0, D-LinkSiren
0, 0, 0, 1, 0, 0, 0, 1, 0, 0, 0, 0, 0, 0, 0, 1, 0, 0, 2, 0, 2, 2, 364, 0, 0, D-LinkSiren
0, 0, 0, 1, 0, 0, 0, 1, 0, 0, 0, 0, 0, 0, 0, 1, 0, 0, 2, 0, 2, 2, 182, 0, 0, D-LinkSiren
0, 0, 0, 1, 0, 0, 0, 1, 0, 0, 0, 0, 0, 0, 0, 1, 0, 0, 2, 0, 2, 2, 294, 0, 0, D-LinkSiren
0, 0, 0, 1, 0, 0, 0, 0, 0, 0, 0, 0, 0, 0, 0, 0, 0, 0, 2, 0, 0, 0, 40, 1, 2.216917186688699, D-LinkSiren
0, 0, 0, 1, 0, 0, 0, 0, 0, 0, 0, 0, 0, 0, 0, 0, 0, 0, 2, 0, 0, 0, 40, 1, 2.216917186688699, D-LinkSiren
1, 0, 0, 0, 0, 0, 0, 0, 0, 0, 0, 0, 0, 0, 0, 0, 0, 0, 2, 0, 0, 0, 0, 0, 0, D-LinkSiren
0, 0, 0, 1, 0, 0, 0, 0, 0, 0, 0, 0, 0, 0, 0, 0, 0, 0, 2, 0, 0, 0, 40, 1, 2.216917186688699, D-LinkSiren
0, 0, 0, 1, 0, 0, 0, 1, 0, 0, 0, 0, 0, 0, 0, 1, 0, 0, 2, 0, 2, 2, 318, 0, 0, D-LinkSiren
1, 0, 0, 0, 0, 0, 0, 0, 0, 0, 0, 0, 0, 0, 0, 0, 0, 0, 2, 0, 0, 0, 0, 0, 0, D-LinkSiren
0, 0, 0, 1, 0, 0, 0, 1, 0, 0, 0, 0, 0, 0, 0, 1, 0, 0, 2, 0, 2, 2, 318, 0, 0, D-LinkSiren
0, 0, 0, 1, 0, 0, 0, 1, 0, 0, 0, 0, 0, 0, 0, 1, 0, 0, 2, 0, 2, 2, 318, 0, 0, D-LinkSiren
0, 0, 0, 1, 0, 0, 0, 1, 0, 0, 0, 0, 0, 0, 0, 1, 0, 0, 2, 0, 2, 2, 264, 0, 0, D-LinkSiren
0, 0, 0, 1, 0, 0, 0, 1, 0, 0, 0, 0, 0, 0, 0, 1, 0, 0, 2, 0, 2, 2, 108, 0, 0, D-LinkSiren
0, 0, 0, 1, 0, 0, 0, 1, 0, 0, 0, 0, 0, 0, 0, 1, 0, 0, 2, 0, 2, 2, 358, 0, 0, D-LinkSiren
0, 0, 0, 1, 0, 0, 0, 1, 0, 0, 0, 0, 0, 0, 0, 1, 0, 0, 2, 0, 2, 2, 358, 0, 0, D-LinkSiren
0, 0, 0, 1, 0, 0, 0, 1, 0, 0, 0, 0, 0, 0, 0, 1, 0, 0, 2, 0, 2, 2, 358, 0, 0, D-LinkSiren
0, 0, 0, 1, 0, 0, 0, 1, 0, 0, 0, 1, 1, 0, 0, 0, 0, 0, 3, 0, 1, 1, 337, 0, 0, D-LinkSiren
0, 0, 0, 1, 0, 0, 0, 1, 0, 0, 0, 1, 1, 0, 0, 0, 0, 0, 3, 0, 1, 1, 349, 0, 0, D-LinkSiren
0, 0, 0, 1, 0, 0, 0, 0, 0, 0, 0, 0, 0, 0, 0, 0, 0, 0, 3, 0, 0, 0, 40, 1, 2.216917186688699, D-LinkSiren
0, 0, 0, 1, 0, 0, 0, 1, 0, 0, 0, 0, 0, 0, 0, 1, 0, 0, 3, 0, 2, 2, 626, 0, 0, D-LinkSiren
0, 0, 0, 1, 0, 0, 0, 1, 0, 0, 0, 0, 0, 0, 0, 1, 0, 0, 3, 0, 2, 2, 626, 0, 0, D-LinkSiren
0, 0, 0, 1, 0, 0, 0, 1, 0, 0, 0, 0, 0, 0, 0, 1, 0, 0, 3, 0, 2, 2, 626, 0, 0, D-LinkSiren
0, 0, 0, 1, 0, 0, 0, 1, 0, 0, 0, 0, 0, 0, 0, 1, 0, 0, 3, 0, 2, 2, 293, 0, 0, D-LinkSiren
1, 0, 0, 0, 0, 0, 0, 0, 0, 0, 0, 0, 0, 0, 0, 0, 0, 0, 3, 0, 0, 0, 0, 0, 0, D-LinkSiren
1, 0, 0, 0, 0, 0, 0, 0, 0, 0, 0, 0, 0, 0, 0, 0, 0, 0, 3, 0, 0, 0, 0, 0, 0, D-LinkSiren
0, 0, 0, 1, 0, 0, 0, 1, 0, 0, 0, 0, 0, 0, 1, 0, 0, 0, 4, 0, 2, 1, 60, 0, 0, D-LinkSiren
0, 0, 0, 1, 0, 0, 0, 1, 0, 0, 0, 0, 0, 0, 1, 0, 0, 0, 5, 0, 1, 2, 381, 0, 0, D-LinkSiren
0, 0, 0, 1, 0, 0, 0, 1, 0, 0, 0, 0, 0, 0, 1, 0, 0, 0, 5, 0, 2, 1, 99, 0, 0, D-LinkSiren
0, 0, 0, 1, 0, 0, 0, 1, 0, 0, 0, 0, 0, 0, 1, 0, 0, 0, 5, 0, 1, 2, 155, 0, 0, D-LinkSiren
0, 0, 0, 1, 0, 0, 0, 1, 0, 0, 0, 0, 0, 0, 1, 0, 0, 0, 5, 0, 2, 1, 60, 0, 0, D-LinkSiren
0, 0, 0, 1, 0, 0, 0, 1, 0, 0, 0, 0, 0, 0, 1, 0, 0, 0, 5, 0, 1, 2, 357, 0, 0, D-LinkSiren
0, 0, 0, 1, 0, 0, 1, 0, 5840, 1, 0, 0, 0, 0, 0, 0, 0, 0, 6, 0, 2, 1, 60, 0, 0, D-LinkSiren
0, 0, 0, 1, 0, 0, 1, 0, 14480, 1, 0, 0, 0, 0, 0, 0, 0, 0, 6, 0, 1, 2, 60, 0, 0, D-LinkSiren
0, 0, 0, 1, 0, 0, 1, 0, 2920, 1, 0, 0, 0, 0, 0, 0, 0, 0, 6, 0, 2, 1, 52, 0, 0, D-LinkSiren
0, 0, 0, 1, 0, 0, 1, 0, 2920, 1, 0, 0, 0, 0, 0, 0, 0, 0, 6, 0, 2, 1, 189, 1, 5.368309068185367, D-LinkSiren
0, 0, 0, 1, 0, 0, 1, 0, 61, 1, 0, 0, 0, 0, 0, 0, 0, 0, 6, 0, 1, 2, 52, 0, 0, D-LinkSiren
0, 0, 0, 1, 0, 0, 1, 0, 61, 1, 0, 0, 0, 0, 0, 0, 0, 0, 6, 0, 1, 2, 253, 1, 5.292959895062739, D-LinkSiren
0, 0, 0, 1, 0, 0, 1, 0, 2920, 1, 0, 0, 0, 0, 0, 0, 0, 0, 6, 0, 2, 1, 52, 0, 0, D-LinkSiren
0, 0, 0, 1, 0, 0, 0, 1, 0, 0, 0, 0, 0, 0, 0, 1, 0, 0, 6, 0, 2, 2, 293, 0, 0, D-LinkSiren
0, 0, 0, 1, 0, 0, 0, 1, 0, 0, 0, 0, 0, 0, 1, 0, 0, 0, 6, 0, 3, 1, 60, 0, 0, D-LinkSiren
0, 0, 0, 1, 0, 0, 0, 1, 0, 0, 0, 0, 0, 0, 1, 0, 0, 0, 6, 0, 1, 3, 92, 0, 0, D-LinkSiren
0, 0, 0, 1, 0, 0, 0, 1, 0, 0, 0, 0, 0, 0, 0, 0, 1, 0, 7, 0, 2, 1, 76, 0, 0, D-LinkSiren
0, 0, 0, 1, 0, 0, 0, 1, 0, 0, 0, 0, 0, 0, 0, 0, 1, 0, 7, 0, 1, 2, 76, 0, 0, D-LinkSiren
0, 0, 0, 1, 0, 0, 1, 0, 2920, 1, 0, 0, 0, 0, 0, 0, 0, 0, 7, 0, 2, 1, 52, 0, 0, D-LinkSiren
0, 0, 0, 1, 0, 0, 1, 0, 61, 1, 0, 0, 0, 0, 0, 0, 0, 0, 7, 0, 1, 2, 52, 0, 0, D-LinkSiren
0, 0, 0, 1, 0, 0, 1, 0, 2920, 1, 0, 0, 0, 0, 0, 0, 0, 0, 7, 0, 2, 1, 52, 0, 0, D-LinkSiren
0, 0, 0, 1, 0, 0, 0, 1, 0, 0, 0, 0, 0, 0, 0, 1, 0, 0, 7, 0, 2, 2, 293, 0, 0, D-LinkSiren
0, 0, 0, 1, 0, 0, 0, 1, 0, 0, 0, 0, 0, 0, 0, 1, 0, 0, 7, 0, 2, 2, 128, 0, 0, D-LinkSiren
0, 0, 0, 1, 0, 0, 0, 1, 0, 0, 0, 0, 0, 0, 0, 1, 0, 0, 7, 0, 2, 2, 145, 0, 0, D-LinkSiren
0, 0, 0, 1, 0, 0, 0, 1, 0, 0, 0, 0, 0, 0, 0, 1, 0, 0, 7, 0, 2, 2, 293, 0, 0, D-LinkSiren
0, 0, 0, 1, 0, 0, 0, 0, 0, 0, 0, 0, 0, 0, 0, 0, 0, 0, 7, 0, 0, 0, 40, 1, 2.216917186688699, D-LinkSiren
0, 0, 0, 1, 0, 0, 0, 0, 0, 0, 0, 0, 0, 0, 0, 0, 0, 0, 7, 0, 0, 0, 40, 1, 2.216917186688699, D-LinkSiren
0, 0, 0, 1, 0, 0, 0, 1, 0, 0, 0, 0, 0, 0, 0, 1, 0, 0, 7, 0, 2, 2, 317, 0, 0, D-LinkSiren
0, 0, 0, 1, 0, 0, 0, 1, 0, 0, 0, 0, 0, 0, 0, 1, 0, 0, 7, 0, 2, 2, 317, 0, 0, D-LinkSiren
1, 0, 0, 0, 0, 0, 0, 0, 0, 0, 0, 0, 0, 0, 0, 0, 0, 0, 7, 0, 0, 0, 0, 0, 0, D-LinkSiren
1, 0, 0, 0, 0, 0, 0, 0, 0, 0, 0, 0, 0, 0, 0, 0, 0, 0, 7, 0, 0, 0, 0, 0, 0, D-LinkSiren
0, 0, 0, 1, 0, 0, 0, 1, 0, 0, 0, 0, 0, 0, 0, 1, 0, 0, 7, 0, 2, 2, 317, 0, 0, D-LinkSiren
0, 0, 0, 1, 0, 0, 0, 1, 0, 0, 0, 0, 0, 0, 0, 1, 0, 0, 7, 0, 2, 2, 263, 0, 0, D-LinkSiren
0, 0, 0, 1, 0, 0, 0, 1, 0, 0, 0, 0, 0, 0, 0, 1, 0, 0, 7, 0, 2, 2, 107, 0, 0, D-LinkSiren
0, 0, 0, 1, 0, 0, 0, 1, 0, 0, 0, 0, 0, 0, 0, 1, 0, 0, 7, 0, 2, 2, 359, 0, 0, D-LinkSiren
0, 0, 0, 1, 0, 0, 0, 1, 0, 0, 0, 0, 0, 0, 0, 1, 0, 0, 7, 0, 2, 2, 359, 0, 0, D-LinkSiren
0, 0, 0, 1, 0, 0, 0, 1, 0, 0, 0, 0, 0, 0, 0, 1, 0, 0, 7, 0, 2, 2, 359, 0, 0, D-LinkSiren
0, 0, 0, 1, 0, 0, 0, 1, 0, 0, 0, 0, 0, 0, 0, 1, 0, 0, 7, 0, 2, 2, 470, 0, 0, D-LinkSiren
0, 0, 0, 1, 0, 0, 0, 1, 0, 0, 0, 0, 0, 0, 0, 1, 0, 0, 7, 0, 2, 2, 233, 0, 0, D-LinkSiren
0, 0, 0, 1, 0, 0, 0, 1, 0, 0, 0, 0, 0, 0, 0, 1, 0, 0, 7, 0, 2, 2, 69, 0, 0, D-LinkSiren
0, 0, 0, 1, 0, 0, 0, 0, 0, 0, 0, 0, 0, 0, 0, 0, 0, 0, 7, 0, 0, 0, 40, 1, 2.216917186688699, D-LinkSiren
0, 0, 0, 1, 0, 0, 0, 1, 0, 0, 0, 0, 0, 0, 0, 1, 0, 0, 7, 0, 2, 2, 470, 0, 0, D-LinkSiren
0, 0, 0, 1, 0, 0, 0, 1, 0, 0, 0, 0, 0, 0, 0, 1, 0, 0, 7, 0, 2, 2, 277, 0, 0, D-LinkSiren
0, 0, 0, 1, 0, 0, 0, 1, 0, 0, 0, 0, 0, 0, 0, 1, 0, 0, 7, 0, 2, 2, 69, 0, 0, D-LinkSiren
0, 0, 0, 1, 0, 0, 0, 1, 0, 0, 0, 0, 0, 0, 0, 1, 0, 0, 7, 0, 2, 2, 470, 0, 0, D-LinkSiren
0, 0, 0, 1, 0, 0, 0, 1, 0, 0, 0, 0, 0, 0, 0, 1, 0, 0, 7, 0, 2, 2, 470, 0, 0, D-LinkSiren
0, 0, 0, 1, 0, 0, 0, 1, 0, 0, 0, 0, 0, 0, 0, 1, 0, 0, 7, 0, 2, 2, 293, 0, 0, D-LinkSiren
0, 0, 0, 1, 0, 0, 0, 0, 0, 0, 0, 0, 0, 0, 0, 0, 0, 0, 7, 0, 0, 0, 40, 1, 2.216917186688699, D-LinkSiren
0, 0, 0, 1, 0, 0, 0, 1, 0, 0, 0, 0, 0, 0, 1, 0, 0, 0, 7, 0, 2, 1, 63, 0, 0, D-LinkSiren
0, 0, 0, 1, 0, 0, 0, 1, 0, 0, 0, 0, 0, 0, 1, 0, 0, 0, 7, 0, 1, 2, 161, 0, 0, D-LinkSiren
0, 0, 0, 1, 0, 0, 1, 0, 5840, 0, 1, 0, 0, 0, 0, 0, 0, 0, 8, 0, 3, 1, 60, 0, 0, D-LinkSiren
0, 0, 0, 1, 0, 0, 1, 0, 17898, 0, 1, 0, 0, 0, 0, 0, 0, 0, 8, 0, 1, 3, 60, 0, 0, D-LinkSiren
0, 0, 0, 1, 0, 0, 1, 0, 2920, 0, 1, 0, 0, 0, 0, 0, 0, 0, 8, 0, 3, 1, 52, 0, 0, D-LinkSiren
0, 0, 0, 1, 0, 0, 1, 0, 2920, 0, 1, 0, 0, 0, 0, 0, 0, 0, 8, 0, 3, 1, 259, 1, 4.67700744960648, D-LinkSiren
0, 0, 0, 1, 0, 0, 1, 0, 75, 0, 1, 0, 0, 0, 0, 0, 0, 0, 8, 0, 1, 3, 52, 0, 0, D-LinkSiren
0, 0, 0, 1, 0, 0, 1, 0, 75, 0, 1, 0, 0, 0, 0, 0, 0, 0, 8, 0, 1, 3, 1420, 1, 7.158414669118187, D-LinkSiren
0, 0, 0, 1, 0, 0, 1, 0, 75, 0, 1, 0, 0, 0, 0, 0, 0, 0, 8, 0, 1, 3, 1420, 1, 7.246205454900595, D-LinkSiren
0, 0, 0, 1, 0, 0, 1, 0, 75, 0, 1, 0, 0, 0, 0, 0, 0, 0, 8, 0, 1, 3, 1133, 1, 7.667182517725644, D-LinkSiren
0, 0, 0, 1, 0, 0, 1, 0, 4288, 0, 1, 0, 0, 0, 0, 0, 0, 0, 8, 0, 3, 1, 52, 0, 0, D-LinkSiren
0, 0, 0, 1, 0, 0, 1, 0, 5656, 0, 1, 0, 0, 0, 0, 0, 0, 0, 8, 0, 3, 1, 52, 0, 0, D-LinkSiren
0, 0, 0, 1, 0, 0, 1, 0, 7024, 0, 1, 0, 0, 0, 0, 0, 0, 0, 8, 0, 3, 1, 52, 0, 0, D-LinkSiren
0, 0, 0, 1, 0, 0, 1, 0, 7024, 0, 1, 0, 0, 0, 0, 0, 0, 0, 8, 0, 3, 1, 186, 1, 6.428149313925207, D-LinkSiren
0, 0, 0, 1, 0, 0, 1, 0, 79, 0, 1, 0, 0, 0, 0, 0, 0, 0, 8, 0, 1, 3, 286, 1, 6.8637875576018725, D-LinkSiren
0, 0, 0, 1, 0, 0, 1, 0, 7024, 0, 1, 0, 0, 0, 0, 0, 0, 0, 8, 0, 3, 1, 52, 0, 0, D-LinkSiren
0, 0, 0, 1, 0, 0, 1, 0, 7024, 0, 1, 0, 0, 0, 0, 0, 0, 0, 8, 0, 3, 1, 558, 1, 7.604007910798265, D-LinkSiren
0, 0, 0, 1, 0, 0, 1, 0, 83, 0, 1, 0, 0, 0, 0, 0, 0, 0, 8, 0, 1, 3, 52, 0, 0, D-LinkSiren
0, 0, 0, 1, 0, 0, 1, 0, 83, 0, 1, 0, 0, 0, 0, 0, 0, 0, 8, 0, 1, 3, 601, 1, 7.624638298638627, D-LinkSiren
0, 0, 0, 1, 0, 0, 1, 0, 83, 0, 1, 0, 0, 0, 0, 0, 0, 0, 8, 0, 1, 3, 89, 1, 5.101345257520845, D-LinkSiren
0, 0, 0, 1, 0, 0, 1, 0, 7024, 0, 1, 0, 0, 0, 0, 0, 0, 0, 8, 0, 3, 1, 52, 0, 0, D-LinkSiren
0, 0, 0, 1, 0, 0, 1, 0, 7024, 0, 1, 0, 0, 0, 0, 0, 0, 0, 8, 0, 3, 1, 52, 0, 0, D-LinkSiren
0, 0, 0, 1, 0, 0, 1, 0, 7024, 0, 1, 0, 0, 0, 0, 0, 0, 0, 8, 0, 3, 1, 52, 0, 0, D-LinkSiren
0, 0, 0, 1, 0, 0, 0, 0, 0, 0, 0, 0, 0, 0, 0, 0, 0, 0, 8, 0, 0, 0, 40, 1, 2.216917186688699, D-LinkSiren
0, 0, 0, 1, 0, 0, 0, 1, 0, 0, 0, 0, 0, 0, 0, 1, 0, 0, 8, 0, 2, 2, 317, 0, 0, D-LinkSiren
0, 0, 0, 1, 0, 0, 1, 0, 5840, 0, 1, 0, 0, 0, 0, 0, 0, 0, 8, 0, 3, 1, 60, 0, 0, D-LinkSiren
0, 0, 0, 1, 0, 0, 1, 0, 17898, 0, 1, 0, 0, 0, 0, 0, 0, 0, 8, 0, 1, 3, 60, 0, 0, D-LinkSiren
0, 0, 0, 1, 0, 0, 1, 0, 2920, 0, 1, 0, 0, 0, 0, 0, 0, 0, 8, 0, 3, 1, 52, 0, 0, D-LinkSiren
0, 0, 0, 1, 0, 0, 1, 0, 2920, 0, 1, 0, 0, 0, 0, 0, 0, 0, 8, 0, 3, 1, 259, 1, 4.723176830469176, D-LinkSiren
0, 0, 0, 1, 0, 0, 1, 0, 75, 0, 1, 0, 0, 0, 0, 0, 0, 0, 8, 0, 1, 3, 52, 0, 0, D-LinkSiren
0, 0, 0, 1, 0, 0, 1, 0, 75, 0, 1, 0, 0, 0, 0, 0, 0, 0, 8, 0, 1, 3, 1420, 1, 7.1395349820171035, D-LinkSiren
0, 0, 0, 1, 0, 0, 1, 0, 75, 0, 1, 0, 0, 0, 0, 0, 0, 0, 8, 0, 1, 3, 1420, 1, 7.246205454900595, D-LinkSiren
0, 0, 0, 1, 0, 0, 1, 0, 75, 0, 1, 0, 0, 0, 0, 0, 0, 0, 8, 0, 1, 3, 1133, 1, 7.671529046696614, D-LinkSiren
0, 0, 0, 1, 0, 0, 1, 0, 4288, 0, 1, 0, 0, 0, 0, 0, 0, 0, 8, 0, 3, 1, 52, 0, 0, D-LinkSiren
0, 0, 0, 1, 0, 0, 1, 0, 5656, 0, 1, 0, 0, 0, 0, 0, 0, 0, 8, 0, 3, 1, 52, 0, 0, D-LinkSiren
0, 0, 0, 1, 0, 0, 1, 0, 7024, 0, 1, 0, 0, 0, 0, 0, 0, 0, 8, 0, 3, 1, 52, 0, 0, D-LinkSiren
0, 0, 0, 1, 0, 0, 0, 1, 0, 0, 0, 0, 0, 0, 0, 1, 0, 0, 8, 0, 2, 2, 317, 0, 0, D-LinkSiren
0, 0, 0, 1, 0, 0, 1, 0, 7024, 0, 1, 0, 0, 0, 0, 0, 0, 0, 8, 0, 3, 1, 186, 1, 6.43941629156944, D-LinkSiren
0, 0, 0, 1, 0, 0, 1, 0, 79, 0, 1, 0, 0, 0, 0, 0, 0, 0, 8, 0, 1, 3, 286, 1, 7.083705745076488, D-LinkSiren
0, 0, 0, 1, 0, 0, 1, 0, 7024, 0, 1, 0, 0, 0, 0, 0, 0, 0, 8, 0, 3, 1, 52, 0, 0, D-LinkSiren
0, 0, 0, 1, 0, 0, 1, 0, 7024, 0, 1, 0, 0, 0, 0, 0, 0, 0, 8, 0, 3, 1, 574, 1, 7.639279418363229, D-LinkSiren
0, 0, 0, 1, 0, 0, 1, 0, 83, 0, 1, 0, 0, 0, 0, 0, 0, 0, 8, 0, 1, 3, 52, 0, 0, D-LinkSiren
0, 0, 0, 1, 0, 0, 1, 0, 7024, 0, 1, 0, 0, 0, 0, 0, 0, 0, 8, 0, 3, 1, 766, 1, 7.708976460135591, D-LinkSiren
0, 0, 0, 1, 0, 0, 1, 0, 89, 0, 1, 0, 0, 0, 0, 0, 0, 0, 8, 0, 1, 3, 52, 0, 0, D-LinkSiren
0, 0, 0, 1, 0, 0, 0, 1, 0, 0, 0, 0, 0, 0, 0, 1, 0, 0, 8, 0, 2, 2, 317, 0, 0, D-LinkSiren
0, 0, 0, 1, 0, 0, 1, 0, 5840, 0, 1, 0, 0, 0, 0, 0, 0, 0, 8, 0, 3, 1, 60, 0, 0, D-LinkSiren
0, 0, 0, 1, 0, 0, 1, 0, 17898, 0, 1, 0, 0, 0, 0, 0, 0, 0, 8, 0, 1, 3, 60, 0, 0, D-LinkSiren
0, 0, 0, 1, 0, 0, 1, 0, 2920, 0, 1, 0, 0, 0, 0, 0, 0, 0, 8, 0, 3, 1, 52, 0, 0, D-LinkSiren
0, 0, 0, 1, 0, 0, 0, 1, 0, 0, 0, 0, 0, 0, 0, 1, 0, 0, 8, 0, 2, 2, 293, 0, 0, D-LinkSiren
0, 0, 0, 1, 0, 0, 1, 0, 2920, 0, 1, 0, 0, 0, 0, 0, 0, 0, 8, 0, 3, 1, 259, 1, 4.743779064800048, D-LinkSiren
0, 0, 0, 1, 0, 0, 1, 0, 75, 0, 1, 0, 0, 0, 0, 0, 0, 0, 8, 0, 1, 3, 52, 0, 0, D-LinkSiren
0, 0, 0, 1, 0, 0, 1, 0, 75, 0, 1, 0, 0, 0, 0, 0, 0, 0, 8, 0, 1, 3, 1420, 1, 7.150519147686553, D-LinkSiren
0, 0, 0, 1, 0, 0, 1, 0, 75, 0, 1, 0, 0, 0, 0, 0, 0, 0, 8, 0, 1, 3, 1420, 1, 7.246205454900595, D-LinkSiren
0, 0, 0, 1, 0, 0, 1, 0, 75, 0, 1, 0, 0, 0, 0, 0, 0, 0, 8, 0, 1, 3, 1133, 1, 7.671526003454034, D-LinkSiren
0, 0, 0, 1, 0, 0, 1, 0, 4288, 0, 1, 0, 0, 0, 0, 0, 0, 0, 8, 0, 3, 1, 52, 0, 0, D-LinkSiren
0, 0, 0, 1, 0, 0, 1, 0, 5656, 0, 1, 0, 0, 0, 0, 0, 0, 0, 8, 0, 3, 1, 52, 0, 0, D-LinkSiren
0, 0, 0, 1, 0, 0, 1, 0, 7024, 0, 1, 0, 0, 0, 0, 0, 0, 0, 8, 0, 3, 1, 52, 0, 0, D-LinkSiren
0, 0, 0, 1, 0, 0, 0, 1, 0, 0, 0, 0, 0, 0, 0, 1, 0, 0, 8, 0, 2, 2, 359, 0, 0, D-LinkSiren
0, 0, 0, 1, 0, 0, 0, 1, 0, 0, 0, 0, 0, 0, 1, 0, 0, 0, 8, 0, 2, 1, 60, 0, 0, D-LinkSiren
0, 0, 0, 1, 0, 0, 0, 1, 0, 0, 0, 0, 0, 0, 1, 0, 0, 0, 8, 0, 1, 2, 92, 0, 0, D-LinkSiren
0, 0, 0, 1, 0, 0, 0, 1, 0, 0, 0, 0, 0, 0, 0, 0, 1, 0, 9, 0, 2, 1, 76, 0, 0, D-LinkSiren
0, 0, 0, 1, 0, 0, 1, 0, 7024, 0, 1, 0, 0, 0, 0, 0, 0, 0, 9, 0, 3, 1, 186, 1, 6.444565216464162, D-LinkSiren
0, 0, 0, 1, 0, 0, 1, 0, 79, 0, 1, 0, 0, 0, 0, 0, 0, 0, 9, 0, 1, 3, 286, 1, 7.028066642475402, D-LinkSiren
0, 0, 0, 1, 0, 0, 1, 0, 7024, 0, 1, 0, 0, 0, 0, 0, 0, 0, 9, 0, 3, 1, 52, 0, 0, D-LinkSiren
0, 0, 0, 1, 0, 0, 1, 0, 7024, 0, 1, 0, 0, 0, 0, 0, 0, 0, 9, 0, 3, 1, 446, 1, 7.459496704021952, D-LinkSiren
0, 0, 0, 1, 0, 0, 1, 0, 89, 0, 1, 0, 0, 0, 0, 0, 0, 0, 9, 0, 1, 3, 649, 1, 7.7283258863172986, D-LinkSiren
0, 0, 0, 1, 0, 0, 1, 0, 7024, 0, 1, 0, 0, 0, 0, 0, 0, 0, 9, 0, 3, 1, 52, 0, 0, D-LinkSiren
0, 0, 0, 1, 0, 0, 1, 0, 7024, 0, 1, 0, 0, 0, 0, 0, 0, 0, 9, 0, 3, 1, 52, 0, 0, D-LinkSiren
0, 0, 0, 1, 0, 0, 1, 0, 89, 0, 1, 0, 0, 0, 0, 0, 0, 0, 9, 0, 1, 3, 89, 1, 5.155399311574899, D-LinkSiren
0, 0, 0, 1, 0, 0, 1, 0, 89, 0, 1, 0, 0, 0, 0, 0, 0, 0, 9, 0, 1, 3, 52, 0, 0, D-LinkSiren
0, 0, 0, 1, 0, 0, 1, 0, 0, 0, 1, 0, 0, 0, 0, 0, 0, 0, 9, 0, 3, 1, 40, 0, 0, D-LinkSiren
0, 0, 0, 1, 0, 0, 1, 0, 0, 0, 1, 0, 0, 0, 0, 0, 0, 0, 9, 0, 3, 1, 40, 0, 0, D-LinkSiren
0, 0, 0, 1, 0, 0, 1, 0, 83, 0, 1, 0, 0, 0, 0, 0, 0, 0, 9, 0, 1, 3, 52, 0, 0, D-LinkSiren
0, 0, 0, 1, 0, 0, 0, 1, 0, 0, 0, 0, 0, 0, 0, 0, 1, 0, 9, 0, 1, 2, 76, 0, 0, D-LinkSiren
0, 0, 0, 1, 0, 0, 0, 1, 0, 0, 0, 0, 0, 0, 0, 1, 0, 0, 9, 0, 2, 2, 359, 0, 0, D-LinkSiren
0, 0, 0, 1, 0, 0, 0, 1, 0, 0, 0, 0, 0, 0, 0, 1, 0, 0, 9, 0, 2, 2, 359, 0, 0, D-LinkSiren
0, 0, 0, 1, 0, 0, 0, 1, 0, 0, 0, 0, 0, 0, 0, 1, 0, 0, 9, 0, 2, 2, 470, 0, 0, D-LinkSiren
0, 0, 0, 1, 0, 0, 1, 0, 83, 0, 1, 0, 0, 0, 0, 0, 0, 0, 9, 0, 1, 3, 457, 1, 7.457695105196805, D-LinkSiren
0, 0, 0, 1, 0, 0, 1, 0, 83, 0, 1, 0, 0, 0, 0, 0, 0, 0, 9, 0, 1, 3, 89, 1, 5.047291203466791, D-LinkSiren
0, 0, 0, 1, 0, 0, 1, 0, 7024, 0, 1, 0, 0, 0, 0, 0, 0, 0, 9, 0, 3, 1, 52, 0, 0, D-LinkSiren
0, 0, 0, 1, 0, 0, 1, 0, 7024, 0, 1, 0, 0, 0, 0, 0, 0, 0, 9, 0, 3, 1, 52, 0, 0, D-LinkSiren
0, 0, 0, 1, 0, 0, 0, 1, 0, 0, 0, 0, 0, 0, 1, 0, 0, 0, 9, 0, 2, 1, 65, 0, 0, D-LinkSiren
0, 0, 0, 1, 0, 0, 0, 1, 0, 0, 0, 0, 0, 0, 1, 0, 0, 0, 9, 0, 1, 2, 81, 0, 0, D-LinkSiren
0, 0, 0, 1, 0, 0, 1, 0, 5840, 0, 1, 0, 0, 0, 0, 0, 0, 0, 10, 0, 2, 1, 60, 0, 0, D-LinkSiren
0, 0, 0, 1, 0, 0, 1, 0, 2048, 0, 1, 0, 0, 0, 0, 0, 0, 0, 10, 0, 1, 2, 52, 0, 0, D-LinkSiren
0, 0, 0, 1, 0, 0, 1, 0, 2920, 0, 1, 0, 0, 0, 0, 0, 0, 0, 10, 0, 2, 1, 40, 0, 0, D-LinkSiren
0, 0, 0, 1, 0, 0, 0, 1, 0, 0, 0, 0, 0, 0, 0, 1, 0, 0, 10, 0, 2, 2, 233, 0, 0, D-LinkSiren
0, 0, 0, 1, 0, 0, 0, 1, 0, 0, 0, 0, 0, 0, 0, 1, 0, 0, 10, 0, 2, 2, 69, 0, 0, D-LinkSiren
0, 0, 0, 1, 0, 0, 1, 0, 2920, 0, 1, 0, 0, 0, 0, 0, 0, 0, 10, 0, 2, 1, 247, 1, 4.759253791939517, D-LinkSiren
0, 0, 0, 1, 0, 0, 1, 0, 390, 0, 1, 0, 0, 0, 0, 0, 0, 0, 10, 0, 1, 2, 40, 0, 0, D-LinkSiren
0, 0, 0, 1, 0, 0, 1, 0, 390, 0, 1, 0, 0, 0, 0, 0, 0, 0, 10, 0, 1, 2, 98, 1, 4.760336369619865, D-LinkSiren
0, 0, 0, 1, 0, 0, 1, 0, 390, 0, 1, 0, 0, 0, 0, 0, 0, 0, 10, 0, 1, 2, 1420, 1, 7.214506932345419, D-LinkSiren
0, 0, 0, 1, 0, 0, 1, 0, 390, 0, 1, 0, 0, 0, 0, 0, 0, 0, 10, 0, 1, 2, 1420, 1, 7.1070261665549275, D-LinkSiren
0, 0, 0, 1, 0, 0, 1, 0, 390, 0, 1, 0, 0, 0, 0, 0, 0, 0, 10, 0, 1, 2, 686, 1, 7.530092497800246, D-LinkSiren
0, 0, 0, 1, 0, 0, 1, 0, 390, 0, 1, 0, 0, 0, 0, 0, 0, 0, 10, 0, 1, 2, 376, 1, 7.412398589559477, D-LinkSiren
0, 0, 0, 1, 0, 0, 1, 0, 390, 0, 1, 0, 0, 0, 0, 0, 0, 0, 10, 0, 1, 2, 49, 1, 2.2810361125534233, D-LinkSiren
0, 0, 0, 1, 0, 0, 1, 0, 2920, 0, 1, 0, 0, 0, 0, 0, 0, 0, 10, 0, 2, 1, 40, 0, 0, D-LinkSiren
0, 0, 0, 1, 0, 0, 1, 0, 4300, 0, 1, 0, 0, 0, 0, 0, 0, 0, 10, 0, 2, 1, 40, 0, 0, D-LinkSiren
0, 0, 0, 1, 0, 0, 1, 0, 5680, 0, 1, 0, 0, 0, 0, 0, 0, 0, 10, 0, 2, 1, 40, 0, 0, D-LinkSiren
0, 0, 0, 1, 0, 0, 1, 0, 5680, 0, 1, 0, 0, 0, 0, 0, 0, 0, 10, 0, 2, 1, 40, 0, 0, D-LinkSiren
0, 0, 0, 1, 0, 0, 1, 0, 5680, 0, 1, 0, 0, 0, 0, 0, 0, 0, 10, 0, 2, 1, 40, 0, 0, D-LinkSiren
0, 0, 0, 1, 0, 0, 1, 0, 5680, 0, 1, 0, 0, 0, 0, 0, 0, 0, 10, 0, 2, 1, 40, 0, 0, D-LinkSiren
0, 0, 0, 1, 0, 0, 0, 1, 0, 0, 0, 0, 0, 0, 1, 0, 0, 0, 10, 0, 2, 1, 66, 0, 0, D-LinkSiren
0, 0, 0, 1, 0, 0, 0, 1, 0, 0, 0, 0, 0, 0, 1, 0, 0, 0, 10, 0, 1, 2, 199, 0, 0, D-LinkSiren
0, 0, 0, 1, 0, 0, 0, 1, 0, 0, 0, 0, 0, 0, 1, 0, 0, 0, 10, 0, 2, 1, 90, 0, 0, D-LinkSiren
0, 0, 0, 1, 0, 0, 0, 1, 0, 0, 0, 0, 0, 0, 1, 0, 0, 0, 10, 0, 1, 2, 90, 0, 0, D-LinkSiren
0, 0, 0, 1, 0, 0, 0, 1, 0, 0, 0, 0, 0, 0, 1, 0, 0, 0, 10, 0, 3, 1, 66, 0, 0, D-LinkSiren
0, 0, 0, 1, 0, 0, 0, 1, 0, 0, 0, 0, 0, 0, 1, 0, 0, 0, 10, 0, 1, 3, 354, 0, 0, D-LinkSiren
0, 0, 0, 1, 0, 0, 1, 0, 5840, 1, 0, 0, 0, 0, 0, 0, 0, 0, 11, 0, 3, 1, 60, 0, 0, D-LinkSiren
0, 0, 0, 1, 0, 0, 1, 0, 17898, 1, 0, 0, 0, 0, 0, 0, 0, 0, 11, 0, 1, 3, 60, 0, 0, D-LinkSiren
0, 0, 0, 1, 0, 0, 1, 0, 2920, 1, 0, 0, 0, 0, 0, 0, 0, 0, 11, 0, 3, 1, 52, 0, 0, D-LinkSiren
0, 0, 0, 1, 0, 0, 1, 0, 2920, 1, 0, 0, 0, 0, 0, 0, 0, 0, 11, 0, 3, 1, 213, 1, 5.272006015735169, D-LinkSiren
0, 0, 0, 1, 0, 0, 1, 0, 5680, 0, 1, 0, 0, 0, 0, 0, 0, 0, 11, 0, 2, 1, 174, 1, 6.333708850999435, D-LinkSiren
0, 0, 0, 1, 0, 0, 1, 0, 390, 0, 1, 0, 0, 0, 0, 0, 0, 0, 11, 0, 1, 2, 159, 1, 6.371585305270209, D-LinkSiren
0, 0, 0, 1, 0, 0, 1, 0, 390, 0, 1, 0, 0, 0, 0, 0, 0, 0, 11, 0, 1, 2, 46, 1, 1.7924812503605778, D-LinkSiren
0, 0, 0, 1, 0, 0, 1, 0, 390, 0, 1, 0, 0, 0, 0, 0, 0, 0, 11, 0, 1, 2, 93, 1, 5.487262199805396, D-LinkSiren
0, 0, 0, 1, 0, 0, 1, 0, 5680, 0, 1, 0, 0, 0, 0, 0, 0, 0, 11, 0, 2, 1, 40, 0, 0, D-LinkSiren
0, 0, 0, 1, 0, 0, 1, 0, 5680, 0, 1, 0, 0, 0, 0, 0, 0, 0, 11, 0, 2, 1, 40, 0, 0, D-LinkSiren
0, 0, 0, 1, 0, 0, 1, 0, 5680, 0, 1, 0, 0, 0, 0, 0, 0, 0, 11, 0, 2, 1, 40, 0, 0, D-LinkSiren
0, 0, 0, 1, 0, 0, 1, 0, 75, 1, 0, 0, 0, 0, 0, 0, 0, 0, 11, 0, 1, 3, 52, 0, 0, D-LinkSiren
0, 0, 0, 1, 0, 0, 1, 0, 75, 1, 0, 0, 0, 0, 0, 0, 0, 0, 11, 0, 1, 3, 253, 1, 5.188399419227522, D-LinkSiren
0, 0, 0, 1, 0, 0, 1, 0, 75, 1, 0, 0, 0, 0, 0, 0, 0, 0, 11, 0, 1, 3, 52, 0, 0, D-LinkSiren
0, 0, 0, 1, 0, 0, 1, 0, 2920, 1, 0, 0, 0, 0, 0, 0, 0, 0, 11, 0, 3, 1, 52, 0, 0, D-LinkSiren
0, 0, 0, 1, 0, 0, 1, 0, 2920, 1, 0, 0, 0, 0, 0, 0, 0, 0, 11, 0, 3, 1, 52, 0, 0, D-LinkSiren
0, 0, 0, 1, 0, 0, 0, 1, 0, 0, 0, 0, 0, 0, 0, 1, 0, 0, 11, 0, 2, 2, 470, 0, 0, D-LinkSiren
0, 0, 0, 1, 0, 0, 1, 0, 7024, 0, 1, 0, 0, 0, 0, 0, 0, 0, 11, 0, 3, 1, 52, 0, 0, D-LinkSiren
0, 0, 0, 1, 0, 0, 1, 0, 5680, 0, 1, 0, 0, 0, 0, 0, 0, 0, 11, 0, 2, 1, 242, 1, 7.0107164950316205, D-LinkSiren
0, 0, 0, 1, 0, 0, 1, 0, 2920, 1, 0, 0, 0, 0, 0, 0, 0, 0, 11, 0, 3, 1, 52, 0, 0, D-LinkSiren
0, 0, 0, 1, 0, 0, 1, 0, 390, 0, 1, 0, 0, 0, 0, 0, 0, 0, 11, 0, 1, 2, 40, 0, 0, D-LinkSiren
0, 0, 0, 1, 0, 0, 1, 0, 75, 1, 0, 0, 0, 0, 0, 0, 0, 0, 11, 0, 1, 3, 52, 0, 0, D-LinkSiren
0, 0, 0, 1, 0, 0, 0, 1, 0, 0, 0, 0, 0, 0, 0, 1, 0, 0, 11, 0, 2, 2, 321, 0, 0, D-LinkSiren
0, 0, 0, 1, 0, 0, 0, 1, 0, 0, 0, 0, 0, 0, 0, 1, 0, 0, 11, 0, 2, 2, 182, 0, 0, D-LinkSiren
0, 0, 0, 1, 0, 0, 0, 1, 0, 0, 0, 0, 0, 0, 0, 1, 0, 0, 11, 0, 2, 2, 293, 0, 0, D-LinkSiren
0, 0, 0, 1, 0, 0, 0, 0, 0, 0, 0, 0, 0, 0, 0, 0, 0, 0, 11, 0, 0, 0, 40, 1, 2.216917186688699, D-LinkSiren
0, 0, 0, 1, 0, 0, 0, 1, 0, 0, 0, 0, 0, 0, 1, 0, 0, 0, 11, 0, 2, 1, 63, 0, 0, D-LinkSiren
0, 0, 0, 1, 0, 0, 0, 1, 0, 0, 0, 0, 0, 0, 1, 0, 0, 0, 11, 0, 1, 2, 210, 0, 0, D-LinkSiren
0, 0, 0, 1, 0, 0, 0, 1, 0, 0, 0, 0, 0, 0, 1, 0, 0, 0, 11, 0, 2, 1, 98, 0, 0, D-LinkSiren
0, 0, 0, 1, 0, 0, 0, 1, 0, 0, 0, 0, 0, 0, 1, 0, 0, 0, 11, 0, 1, 2, 98, 0, 0, D-LinkSiren
0, 0, 0, 1, 0, 0, 0, 1, 0, 0, 0, 0, 0, 0, 1, 0, 0, 0, 11, 0, 2, 1, 63, 0, 0, D-LinkSiren
0, 0, 0, 1, 0, 0, 0, 1, 0, 0, 0, 0, 0, 0, 1, 0, 0, 0, 11, 0, 1, 2, 161, 0, 0, D-LinkSiren
0, 0, 0, 1, 0, 0, 1, 0, 5840, 1, 0, 0, 0, 0, 0, 0, 0, 0, 12, 0, 2, 1, 60, 0, 0, D-LinkSiren
0, 0, 0, 1, 0, 0, 1, 0, 17898, 1, 0, 0, 0, 0, 0, 0, 0, 0, 12, 0, 1, 2, 60, 0, 0, D-LinkSiren
0, 0, 0, 1, 0, 0, 1, 0, 2920, 1, 0, 0, 0, 0, 0, 0, 0, 0, 12, 0, 2, 1, 52, 0, 0, D-LinkSiren
0, 0, 0, 1, 0, 0, 1, 0, 2920, 1, 0, 0, 0, 0, 0, 0, 0, 0, 12, 0, 2, 1, 324, 1, 5.841789709028689, D-LinkSiren
0, 0, 0, 1, 0, 0, 1, 0, 75, 1, 0, 0, 0, 0, 0, 0, 0, 0, 12, 0, 1, 2, 52, 0, 0, D-LinkSiren
0, 0, 0, 1, 0, 0, 1, 0, 75, 1, 0, 0, 0, 0, 0, 0, 0, 0, 12, 0, 1, 2, 540, 1, 5.946815104962371, D-LinkSiren
0, 0, 0, 1, 0, 0, 1, 0, 75, 1, 0, 0, 0, 0, 0, 0, 0, 0, 12, 0, 1, 2, 52, 0, 0, D-LinkSiren
0, 0, 0, 1, 0, 0, 1, 0, 3456, 1, 0, 0, 0, 0, 0, 0, 0, 0, 12, 0, 2, 1, 52, 0, 0, D-LinkSiren
0, 0, 0, 1, 0, 0, 1, 0, 3456, 1, 0, 0, 0, 0, 0, 0, 0, 0, 12, 0, 2, 1, 52, 0, 0, D-LinkSiren
0, 0, 0, 1, 0, 0, 1, 0, 75, 1, 0, 0, 0, 0, 0, 0, 0, 0, 12, 0, 1, 2, 52, 0, 0, D-LinkSiren
0, 0, 0, 1, 0, 0, 0, 0, 0, 0, 0, 0, 0, 0, 0, 0, 0, 0, 12, 0, 0, 0, 40, 1, 2.216917186688699, D-LinkSiren
0, 0, 0, 1, 0, 0, 0, 1, 0, 0, 0, 0, 0, 0, 0, 1, 0, 0, 12, 0, 2, 2, 317, 0, 0, D-LinkSiren
0, 0, 0, 1, 0, 0, 0, 1, 0, 0, 0, 0, 0, 0, 0, 1, 0, 0, 12, 0, 2, 2, 317, 0, 0, D-LinkSiren
0, 0, 0, 1, 0, 0, 0, 1, 0, 0, 0, 0, 0, 0, 0, 1, 0, 0, 12, 0, 2, 2, 317, 0, 0, D-LinkSiren
0, 0, 0, 1, 0, 0, 1, 0, 390, 0, 1, 0, 0, 0, 0, 0, 0, 0, 12, 0, 1, 2, 77, 1, 5.101345257520845, D-LinkSiren
0, 0, 0, 1, 0, 0, 1, 0, 390, 0, 1, 0, 0, 0, 0, 0, 0, 0, 12, 0, 1, 2, 1101, 1, 7.814884384553715, D-LinkSiren
0, 0, 0, 1, 0, 0, 1, 0, 5680, 0, 1, 0, 0, 0, 0, 0, 0, 0, 12, 0, 2, 1, 40, 0, 0, D-LinkSiren
0, 0, 0, 1, 0, 0, 1, 0, 7060, 0, 1, 0, 0, 0, 0, 0, 0, 0, 12, 0, 2, 1, 40, 0, 0, D-LinkSiren
0, 0, 0, 1, 0, 0, 1, 0, 5840, 0, 1, 0, 0, 0, 0, 0, 0, 0, 12, 0, 2, 1, 60, 0, 0, D-LinkSiren
0, 0, 0, 1, 0, 0, 1, 0, 2048, 0, 1, 0, 0, 0, 0, 0, 0, 0, 12, 0, 1, 2, 52, 0, 0, D-LinkSiren
0, 0, 0, 1, 0, 0, 1, 0, 2920, 0, 1, 0, 0, 0, 0, 0, 0, 0, 12, 0, 2, 1, 40, 0, 0, D-LinkSiren
0, 0, 0, 1, 0, 0, 1, 0, 2920, 0, 1, 0, 0, 0, 0, 0, 0, 0, 12, 0, 2, 1, 247, 1, 4.7238723899161865, D-LinkSiren
0, 0, 0, 1, 0, 0, 1, 0, 390, 0, 1, 0, 0, 0, 0, 0, 0, 0, 12, 0, 1, 2, 40, 0, 0, D-LinkSiren
0, 0, 0, 1, 0, 0, 1, 0, 390, 0, 1, 0, 0, 0, 0, 0, 0, 0, 12, 0, 1, 2, 98, 1, 4.981970041555612, D-LinkSiren
0, 0, 0, 1, 0, 0, 1, 0, 390, 0, 1, 0, 0, 0, 0, 0, 0, 0, 12, 0, 1, 2, 1420, 1, 7.214506932345419, D-LinkSiren
0, 0, 0, 1, 0, 0, 1, 0, 390, 0, 1, 0, 0, 0, 0, 0, 0, 0, 12, 0, 1, 2, 1420, 1, 7.1070261665549275, D-LinkSiren
0, 0, 0, 1, 0, 0, 1, 0, 390, 0, 1, 0, 0, 0, 0, 0, 0, 0, 12, 0, 1, 2, 686, 1, 7.530092497800246, D-LinkSiren
0, 0, 0, 1, 0, 0, 1, 0, 2920, 0, 1, 0, 0, 0, 0, 0, 0, 0, 12, 0, 2, 1, 40, 0, 0, D-LinkSiren
0, 0, 0, 1, 0, 0, 1, 0, 4300, 0, 1, 0, 0, 0, 0, 0, 0, 0, 12, 0, 2, 1, 40, 0, 0, D-LinkSiren
0, 0, 0, 1, 0, 0, 1, 0, 5680, 0, 1, 0, 0, 0, 0, 0, 0, 0, 12, 0, 2, 1, 40, 0, 0, D-LinkSiren
0, 0, 0, 1, 0, 0, 1, 0, 5680, 0, 1, 0, 0, 0, 0, 0, 0, 0, 12, 0, 2, 1, 40, 0, 0, D-LinkSiren
0, 0, 0, 1, 0, 0, 1, 0, 390, 0, 1, 0, 0, 0, 0, 0, 0, 0, 12, 0, 1, 2, 376, 1, 7.379171897593515, D-LinkSiren
0, 0, 0, 1, 0, 0, 1, 0, 390, 0, 1, 0, 0, 0, 0, 0, 0, 0, 12, 0, 1, 2, 49, 1, 2.2810361125534233, D-LinkSiren
0, 0, 0, 1, 0, 0, 1, 0, 5680, 0, 1, 0, 0, 0, 0, 0, 0, 0, 12, 0, 2, 1, 40, 0, 0, D-LinkSiren
0, 0, 0, 1, 0, 0, 1, 0, 5680, 0, 1, 0, 0, 0, 0, 0, 0, 0, 12, 0, 2, 1, 40, 0, 0, D-LinkSiren
0, 0, 0, 1, 0, 0, 0, 1, 0, 0, 0, 0, 0, 0, 0, 1, 0, 0, 12, 0, 2, 2, 293, 0, 0, D-LinkSiren
0, 0, 0, 1, 0, 0, 0, 1, 0, 0, 0, 0, 0, 0, 0, 1, 0, 0, 12, 0, 2, 2, 361, 0, 0, D-LinkSiren
0, 0, 0, 1, 0, 0, 1, 0, 5680, 0, 1, 0, 0, 0, 0, 0, 0, 0, 12, 0, 2, 1, 174, 1, 6.339342339821551, D-LinkSiren
0, 0, 0, 1, 0, 0, 1, 0, 390, 0, 1, 0, 0, 0, 0, 0, 0, 0, 12, 0, 1, 2, 159, 1, 6.384272490180519, D-LinkSiren
0, 0, 0, 1, 0, 0, 1, 0, 390, 0, 1, 0, 0, 0, 0, 0, 0, 0, 12, 0, 1, 2, 46, 1, 1.7924812503605778, D-LinkSiren
0, 0, 0, 1, 0, 0, 1, 0, 390, 0, 1, 0, 0, 0, 0, 0, 0, 0, 12, 0, 1, 2, 93, 1, 5.5015053602235735, D-LinkSiren
0, 0, 0, 1, 0, 0, 1, 0, 5680, 0, 1, 0, 0, 0, 0, 0, 0, 0, 12, 0, 2, 1, 40, 0, 0, D-LinkSiren
0, 0, 0, 1, 0, 0, 1, 0, 5680, 0, 1, 0, 0, 0, 0, 0, 0, 0, 12, 0, 2, 1, 40, 0, 0, D-LinkSiren
0, 0, 0, 1, 0, 0, 1, 0, 5680, 0, 1, 0, 0, 0, 0, 0, 0, 0, 12, 0, 2, 1, 40, 0, 0, D-LinkSiren
0, 0, 0, 1, 0, 0, 1, 0, 5680, 0, 1, 0, 0, 0, 0, 0, 0, 0, 12, 0, 2, 1, 242, 1, 7.003242361346834, D-LinkSiren
0, 0, 0, 1, 0, 0, 1, 0, 390, 0, 1, 0, 0, 0, 0, 0, 0, 0, 12, 0, 1, 2, 40, 0, 0, D-LinkSiren
0, 0, 0, 1, 0, 0, 0, 1, 0, 0, 0, 0, 0, 0, 1, 0, 0, 0, 12, 0, 2, 1, 72, 0, 0, D-LinkSiren
0, 0, 0, 1, 0, 0, 0, 1, 0, 0, 0, 0, 0, 0, 1, 0, 0, 0, 12, 0, 1, 2, 72, 0, 0, D-LinkSiren
0, 0, 0, 1, 0, 0, 0, 1, 0, 0, 0, 0, 0, 0, 1, 0, 0, 0, 12, 0, 3, 1, 72, 0, 0, D-LinkSiren
0, 0, 0, 1, 0, 0, 0, 1, 0, 0, 0, 0, 0, 0, 1, 0, 0, 0, 12, 0, 1, 3, 289, 0, 0, D-LinkSiren
0, 0, 0, 1, 0, 0, 1, 0, 5840, 1, 0, 0, 0, 0, 0, 0, 0, 0, 13, 0, 3, 1, 60, 0, 0, D-LinkSiren
0, 0, 0, 1, 0, 0, 0, 1, 0, 0, 0, 0, 0, 0, 0, 1, 0, 0, 13, 0, 2, 2, 361, 0, 0, D-LinkSiren
0, 0, 0, 1, 0, 0, 1, 0, 7060, 0, 1, 0, 0, 0, 0, 0, 0, 0, 13, 0, 2, 1, 1170, 1, 7.831573181126201, D-LinkSiren
0, 0, 0, 1, 0, 0, 1, 0, 673, 0, 1, 0, 0, 0, 0, 0, 0, 0, 13, 0, 1, 2, 40, 0, 0, D-LinkSiren
0, 0, 0, 1, 0, 0, 1, 0, 5840, 1, 0, 0, 0, 0, 0, 0, 0, 0, 13, 0, 1, 3, 52, 0, 0, D-LinkSiren
0, 0, 0, 1, 0, 0, 1, 0, 2920, 1, 0, 0, 0, 0, 0, 0, 0, 0, 13, 0, 3, 1, 40, 0, 0, D-LinkSiren
0, 0, 0, 1, 0, 0, 1, 0, 2920, 1, 0, 0, 0, 0, 0, 0, 0, 0, 13, 0, 3, 1, 206, 1, 5.10509542328547, D-LinkSiren
0, 0, 0, 1, 0, 0, 0, 1, 0, 0, 0, 0, 0, 0, 0, 1, 0, 0, 13, 0, 2, 2, 361, 0, 0, D-LinkSiren
0, 0, 0, 1, 0, 0, 1, 0, 62, 1, 0, 0, 0, 0, 0, 0, 0, 0, 13, 0, 1, 3, 40, 0, 0, D-LinkSiren
0, 0, 0, 1, 0, 0, 0, 1, 0, 0, 0, 0, 0, 0, 0, 1, 0, 0, 13, 0, 2, 2, 293, 0, 0, D-LinkSiren
0, 0, 0, 1, 0, 0, 1, 0, 62, 1, 0, 0, 0, 0, 0, 0, 0, 0, 13, 0, 1, 3, 428, 1, 5.650776232092251, D-LinkSiren
0, 0, 0, 1, 0, 0, 1, 0, 62, 1, 0, 0, 0, 0, 0, 0, 0, 0, 13, 0, 1, 3, 1420, 1, 2.6772305124009037, D-LinkSiren
0, 0, 0, 1, 0, 0, 1, 0, 62, 1, 0, 0, 0, 0, 0, 0, 0, 0, 13, 0, 1, 3, 1420, 1, 1.9790154305653236, D-LinkSiren
0, 0, 0, 1, 0, 0, 1, 0, 62, 1, 0, 0, 0, 0, 0, 0, 0, 0, 13, 0, 1, 3, 1420, 1, 1.8044792693736391, D-LinkSiren
0, 0, 0, 1, 0, 0, 1, 0, 3456, 1, 0, 0, 0, 0, 0, 0, 0, 0, 13, 0, 3, 1, 40, 0, 0, D-LinkSiren
0, 0, 0, 1, 0, 0, 1, 0, 4836, 1, 0, 0, 0, 0, 0, 0, 0, 0, 13, 0, 3, 1, 40, 0, 0, D-LinkSiren
0, 0, 0, 1, 0, 0, 1, 0, 6216, 1, 0, 0, 0, 0, 0, 0, 0, 0, 13, 0, 3, 1, 40, 0, 0, D-LinkSiren
0, 0, 0, 1, 0, 0, 1, 0, 7596, 1, 0, 0, 0, 0, 0, 0, 0, 0, 13, 0, 3, 1, 40, 0, 0, D-LinkSiren
0, 0, 0, 1, 0, 0, 0, 1, 0, 0, 0, 0, 0, 0, 0, 1, 0, 0, 13, 0, 2, 2, 428, 0, 0, D-LinkSiren
0, 0, 0, 1, 0, 0, 1, 0, 62, 1, 0, 0, 0, 0, 0, 0, 0, 0, 13, 0, 1, 3, 1420, 1, 2.50410580459814, D-LinkSiren
0, 0, 0, 1, 0, 0, 1, 0, 62, 1, 0, 0, 0, 0, 0, 0, 0, 0, 13, 0, 1, 3, 1420, 1, 3.6797876229106943, D-LinkSiren
0, 0, 0, 1, 0, 0, 1, 0, 62, 1, 0, 0, 0, 0, 0, 0, 0, 0, 13, 0, 1, 3, 1420, 1, 3.5315888625396203, D-LinkSiren
0, 0, 0, 1, 0, 0, 1, 0, 62, 1, 0, 0, 0, 0, 0, 0, 0, 0, 13, 0, 1, 3, 1420, 1, 3.667177924357524, D-LinkSiren
0, 0, 0, 1, 0, 0, 1, 0, 62, 1, 0, 0, 0, 0, 0, 0, 0, 0, 13, 0, 1, 3, 1420, 1, 3.6668692896792794, D-LinkSiren
0, 0, 0, 1, 0, 0, 1, 0, 62, 1, 0, 0, 0, 0, 0, 0, 0, 0, 13, 0, 1, 3, 1420, 1, 3.54815825343769, D-LinkSiren
0, 0, 0, 1, 0, 0, 1, 0, 62, 1, 0, 0, 0, 0, 0, 0, 0, 0, 13, 0, 1, 3, 1420, 1, 4.765717080545475, D-LinkSiren
0, 0, 0, 1, 0, 0, 1, 0, 62, 1, 0, 0, 0, 0, 0, 0, 0, 0, 13, 0, 1, 3, 1420, 1, 4.802638418199363, D-LinkSiren
0, 0, 0, 1, 0, 0, 1, 0, 8976, 1, 0, 0, 0, 0, 0, 0, 0, 0, 13, 0, 3, 1, 40, 0, 0, D-LinkSiren
0, 0, 0, 1, 0, 0, 1, 0, 62, 1, 0, 0, 0, 0, 0, 0, 0, 0, 13, 0, 1, 3, 1420, 1, 4.948178673594774, D-LinkSiren
0, 0, 0, 1, 0, 0, 1, 0, 62, 1, 0, 0, 0, 0, 0, 0, 0, 0, 13, 0, 1, 3, 1420, 1, 4.858205658784978, D-LinkSiren
0, 0, 0, 1, 0, 0, 1, 0, 62, 1, 0, 0, 0, 0, 0, 0, 0, 0, 13, 0, 1, 3, 1420, 1, 4.895885009773968, D-LinkSiren
0, 0, 0, 1, 0, 0, 1, 0, 8976, 1, 0, 0, 0, 0, 0, 0, 0, 0, 13, 0, 3, 1, 40, 0, 0, D-LinkSiren
0, 0, 0, 1, 0, 0, 1, 0, 8976, 1, 0, 0, 0, 0, 0, 0, 0, 0, 13, 0, 3, 1, 40, 0, 0, D-LinkSiren
0, 0, 0, 1, 0, 0, 1, 0, 8976, 1, 0, 0, 0, 0, 0, 0, 0, 0, 13, 0, 3, 1, 40, 0, 0, D-LinkSiren
0, 0, 0, 1, 0, 0, 1, 0, 8976, 1, 0, 0, 0, 0, 0, 0, 0, 0, 13, 0, 3, 1, 40, 0, 0, D-LinkSiren
0, 0, 0, 1, 0, 0, 1, 0, 8976, 1, 0, 0, 0, 0, 0, 0, 0, 0, 13, 0, 3, 1, 40, 0, 0, D-LinkSiren
0, 0, 0, 1, 0, 0, 1, 0, 8976, 1, 0, 0, 0, 0, 0, 0, 0, 0, 13, 0, 3, 1, 40, 0, 0, D-LinkSiren
0, 0, 0, 1, 0, 0, 1, 0, 8976, 1, 0, 0, 0, 0, 0, 0, 0, 0, 13, 0, 3, 1, 40, 0, 0, D-LinkSiren
0, 0, 0, 1, 0, 0, 1, 0, 62, 1, 0, 0, 0, 0, 0, 0, 0, 0, 13, 0, 1, 3, 1420, 1, 4.987879808656736, D-LinkSiren
0, 0, 0, 1, 0, 0, 1, 0, 62, 1, 0, 0, 0, 0, 0, 0, 0, 0, 13, 0, 1, 3, 1420, 1, 2.2804521522940884, D-LinkSiren
0, 0, 0, 1, 0, 0, 1, 0, 62, 1, 0, 0, 0, 0, 0, 0, 0, 0, 13, 0, 1, 3, 1420, 1, 4.959433610616253, D-LinkSiren
0, 0, 0, 1, 0, 0, 1, 0, 62, 1, 0, 0, 0, 0, 0, 0, 0, 0, 13, 0, 1, 3, 1420, 1, 5.030567920549125, D-LinkSiren
0, 0, 0, 1, 0, 0, 1, 0, 62, 1, 0, 0, 0, 0, 0, 0, 0, 0, 13, 0, 1, 3, 1420, 1, 5.486962106766959, D-LinkSiren
0, 0, 0, 1, 0, 0, 1, 0, 62, 1, 0, 0, 0, 0, 0, 0, 0, 0, 13, 0, 1, 3, 1420, 1, 5.275499960575386, D-LinkSiren
0, 0, 0, 1, 0, 0, 1, 0, 62, 1, 0, 0, 0, 0, 0, 0, 0, 0, 13, 0, 1, 3, 1420, 1, 5.368642128994286, D-LinkSiren
0, 0, 0, 1, 0, 0, 1, 0, 62, 1, 0, 0, 0, 0, 0, 0, 0, 0, 13, 0, 1, 3, 1420, 1, 5.096465867957699, D-LinkSiren
0, 0, 0, 1, 0, 0, 1, 0, 62, 1, 0, 0, 0, 0, 0, 0, 0, 0, 13, 0, 1, 3, 1420, 1, 5.360235701706566, D-LinkSiren
0, 0, 0, 1, 0, 0, 1, 0, 62, 1, 0, 0, 0, 0, 0, 0, 0, 0, 13, 0, 1, 3, 1420, 1, 5.624554228198227, D-LinkSiren
0, 0, 0, 1, 0, 0, 1, 0, 62, 1, 0, 0, 0, 0, 0, 0, 0, 0, 13, 0, 1, 3, 1420, 1, 5.367202016209617, D-LinkSiren
0, 0, 0, 1, 0, 0, 1, 0, 62, 1, 0, 0, 0, 0, 0, 0, 0, 0, 13, 0, 1, 3, 1420, 1, 4.895779459485625, D-LinkSiren
0, 0, 0, 1, 0, 0, 1, 0, 62, 1, 0, 0, 0, 0, 0, 0, 0, 0, 13, 0, 1, 3, 1420, 1, 5.329849773468612, D-LinkSiren
0, 0, 0, 1, 0, 0, 1, 0, 8976, 1, 0, 0, 0, 0, 0, 0, 0, 0, 13, 0, 3, 1, 40, 0, 0, D-LinkSiren
0, 0, 0, 1, 0, 0, 1, 0, 8976, 1, 0, 0, 0, 0, 0, 0, 0, 0, 13, 0, 3, 1, 40, 0, 0, D-LinkSiren
0, 0, 0, 1, 0, 0, 1, 0, 8976, 1, 0, 0, 0, 0, 0, 0, 0, 0, 13, 0, 3, 1, 40, 0, 0, D-LinkSiren
0, 0, 0, 1, 0, 0, 1, 0, 8976, 1, 0, 0, 0, 0, 0, 0, 0, 0, 13, 0, 3, 1, 40, 0, 0, D-LinkSiren
0, 0, 0, 1, 0, 0, 1, 0, 8976, 1, 0, 0, 0, 0, 0, 0, 0, 0, 13, 0, 3, 1, 40, 0, 0, D-LinkSiren
0, 0, 0, 1, 0, 0, 1, 0, 8976, 1, 0, 0, 0, 0, 0, 0, 0, 0, 13, 0, 3, 1, 40, 0, 0, D-LinkSiren
0, 0, 0, 1, 0, 0, 1, 0, 8976, 1, 0, 0, 0, 0, 0, 0, 0, 0, 13, 0, 3, 1, 40, 0, 0, D-LinkSiren
0, 0, 0, 1, 0, 0, 1, 0, 62, 1, 0, 0, 0, 0, 0, 0, 0, 0, 13, 0, 1, 3, 1420, 1, 5.310945217185746, D-LinkSiren
0, 0, 0, 1, 0, 0, 1, 0, 62, 1, 0, 0, 0, 0, 0, 0, 0, 0, 13, 0, 1, 3, 1420, 1, 5.508045040083824, D-LinkSiren
0, 0, 0, 1, 0, 0, 1, 0, 62, 1, 0, 0, 0, 0, 0, 0, 0, 0, 13, 0, 1, 3, 1420, 1, 5.275771348377532, D-LinkSiren
0, 0, 0, 1, 0, 0, 1, 0, 62, 1, 0, 0, 0, 0, 0, 0, 0, 0, 13, 0, 1, 3, 1420, 1, 5.399569470428713, D-LinkSiren
0, 0, 0, 1, 0, 0, 1, 0, 62, 1, 0, 0, 0, 0, 0, 0, 0, 0, 13, 0, 1, 3, 1420, 1, 5.373607622047951, D-LinkSiren
0, 0, 0, 1, 0, 0, 1, 0, 62, 1, 0, 0, 0, 0, 0, 0, 0, 0, 13, 0, 1, 3, 1420, 1, 5.481304236573408, D-LinkSiren
0, 0, 0, 1, 0, 0, 1, 0, 62, 1, 0, 0, 0, 0, 0, 0, 0, 0, 13, 0, 1, 3, 1420, 1, 5.271981550463617, D-LinkSiren
0, 0, 0, 1, 0, 0, 1, 0, 62, 1, 0, 0, 0, 0, 0, 0, 0, 0, 13, 0, 1, 3, 1420, 1, 5.696613991268025, D-LinkSiren
0, 0, 0, 1, 0, 0, 1, 0, 62, 1, 0, 0, 0, 0, 0, 0, 0, 0, 13, 0, 1, 3, 1420, 1, 5.446413711055755, D-LinkSiren
0, 0, 0, 1, 0, 0, 1, 0, 62, 1, 0, 0, 0, 0, 0, 0, 0, 0, 13, 0, 1, 3, 1420, 1, 5.449339248791913, D-LinkSiren
0, 0, 0, 1, 0, 0, 1, 0, 62, 1, 0, 0, 0, 0, 0, 0, 0, 0, 13, 0, 1, 3, 1420, 1, 5.350927725343782, D-LinkSiren
0, 0, 0, 1, 0, 0, 1, 0, 62, 1, 0, 0, 0, 0, 0, 0, 0, 0, 13, 0, 1, 3, 1420, 1, 5.6235107725097055, D-LinkSiren
0, 0, 0, 1, 0, 0, 1, 0, 8976, 1, 0, 0, 0, 0, 0, 0, 0, 0, 13, 0, 3, 1, 40, 0, 0, D-LinkSiren
0, 0, 0, 1, 0, 0, 1, 0, 8976, 1, 0, 0, 0, 0, 0, 0, 0, 0, 13, 0, 3, 1, 40, 0, 0, D-LinkSiren
0, 0, 0, 1, 0, 0, 1, 0, 8976, 1, 0, 0, 0, 0, 0, 0, 0, 0, 13, 0, 3, 1, 40, 0, 0, D-LinkSiren
0, 0, 0, 1, 0, 0, 1, 0, 8976, 1, 0, 0, 0, 0, 0, 0, 0, 0, 13, 0, 3, 1, 40, 0, 0, D-LinkSiren
0, 0, 0, 1, 0, 0, 1, 0, 8976, 1, 0, 0, 0, 0, 0, 0, 0, 0, 13, 0, 3, 1, 40, 0, 0, D-LinkSiren
0, 0, 0, 1, 0, 0, 1, 0, 8976, 1, 0, 0, 0, 0, 0, 0, 0, 0, 13, 0, 3, 1, 40, 0, 0, D-LinkSiren
0, 0, 0, 1, 0, 0, 1, 0, 62, 1, 0, 0, 0, 0, 0, 0, 0, 0, 13, 0, 1, 3, 1420, 1, 5.139261775098225, D-LinkSiren
0, 0, 0, 1, 0, 0, 1, 0, 8976, 1, 0, 0, 0, 0, 0, 0, 0, 0, 13, 0, 3, 1, 40, 0, 0, D-LinkSiren
0, 0, 0, 1, 0, 0, 1, 0, 62, 1, 0, 0, 0, 0, 0, 0, 0, 0, 13, 0, 1, 3, 1420, 1, 5.387367760795596, D-LinkSiren
0, 0, 0, 1, 0, 0, 1, 0, 62, 1, 0, 0, 0, 0, 0, 0, 0, 0, 13, 0, 1, 3, 1420, 1, 5.186427686076622, D-LinkSiren
0, 0, 0, 1, 0, 0, 1, 0, 62, 1, 0, 0, 0, 0, 0, 0, 0, 0, 13, 0, 1, 3, 1420, 1, 5.484921043449279, D-LinkSiren
0, 0, 0, 1, 0, 0, 1, 0, 62, 1, 0, 0, 0, 0, 0, 0, 0, 0, 13, 0, 1, 3, 1420, 1, 5.270732043297935, D-LinkSiren
0, 0, 0, 1, 0, 0, 1, 0, 8976, 1, 0, 0, 0, 0, 0, 0, 0, 0, 13, 0, 3, 1, 40, 0, 0, D-LinkSiren
0, 0, 0, 1, 0, 0, 1, 0, 62, 1, 0, 0, 0, 0, 0, 0, 0, 0, 13, 0, 1, 3, 1420, 1, 5.224875988603999, D-LinkSiren
0, 0, 0, 1, 0, 0, 1, 0, 62, 1, 0, 0, 0, 0, 0, 0, 0, 0, 13, 0, 1, 3, 1420, 1, 5.279065556547534, D-LinkSiren
0, 0, 0, 1, 0, 0, 1, 0, 8976, 1, 0, 0, 0, 0, 0, 0, 0, 0, 13, 0, 3, 1, 40, 0, 0, D-LinkSiren
0, 0, 0, 1, 0, 0, 1, 0, 8976, 1, 0, 0, 0, 0, 0, 0, 0, 0, 13, 0, 3, 1, 40, 0, 0, D-LinkSiren
0, 0, 0, 1, 0, 0, 1, 0, 62, 1, 0, 0, 0, 0, 0, 0, 0, 0, 13, 0, 1, 3, 1420, 1, 5.214675382822577, D-LinkSiren
0, 0, 0, 1, 0, 0, 1, 0, 62, 1, 0, 0, 0, 0, 0, 0, 0, 0, 13, 0, 1, 3, 1420, 1, 5.221806260525911, D-LinkSiren
0, 0, 0, 1, 0, 0, 1, 0, 62, 1, 0, 0, 0, 0, 0, 0, 0, 0, 13, 0, 1, 3, 1420, 1, 5.0591859926201375, D-LinkSiren
0, 0, 0, 1, 0, 0, 1, 0, 62, 1, 0, 0, 0, 0, 0, 0, 0, 0, 13, 0, 1, 3, 1420, 1, 5.378093373179843, D-LinkSiren
0, 0, 0, 1, 0, 0, 1, 0, 62, 1, 0, 0, 0, 0, 0, 0, 0, 0, 13, 0, 1, 3, 1420, 1, 5.125458483899728, D-LinkSiren
0, 0, 0, 1, 0, 0, 1, 0, 62, 1, 0, 0, 0, 0, 0, 0, 0, 0, 13, 0, 1, 3, 1420, 1, 5.290686747776377, D-LinkSiren
0, 0, 0, 1, 0, 0, 1, 0, 8976, 1, 0, 0, 0, 0, 0, 0, 0, 0, 13, 0, 3, 1, 40, 0, 0, D-LinkSiren
0, 0, 0, 1, 0, 0, 1, 0, 8976, 1, 0, 0, 0, 0, 0, 0, 0, 0, 13, 0, 3, 1, 40, 0, 0, D-LinkSiren
0, 0, 0, 1, 0, 0, 1, 0, 8976, 1, 0, 0, 0, 0, 0, 0, 0, 0, 13, 0, 3, 1, 40, 0, 0, D-LinkSiren
0, 0, 0, 1, 0, 0, 1, 0, 62, 1, 0, 0, 0, 0, 0, 0, 0, 0, 13, 0, 1, 3, 1420, 1, 5.241273243268617, D-LinkSiren
0, 0, 0, 1, 0, 0, 1, 0, 8976, 1, 0, 0, 0, 0, 0, 0, 0, 0, 13, 0, 3, 1, 40, 0, 0, D-LinkSiren
0, 0, 0, 1, 0, 0, 1, 0, 62, 1, 0, 0, 0, 0, 0, 0, 0, 0, 13, 0, 1, 3, 1420, 1, 5.425545829867716, D-LinkSiren
0, 0, 0, 1, 0, 0, 1, 0, 62, 1, 0, 0, 0, 0, 0, 0, 0, 0, 13, 0, 1, 3, 1420, 1, 5.32839492338226, D-LinkSiren
0, 0, 0, 1, 0, 0, 1, 0, 62, 1, 0, 0, 0, 0, 0, 0, 0, 0, 13, 0, 1, 3, 1420, 1, 5.400909891206579, D-LinkSiren
0, 0, 0, 1, 0, 0, 1, 0, 62, 1, 0, 0, 0, 0, 0, 0, 0, 0, 13, 0, 1, 3, 1420, 1, 4.7401294930169255, D-LinkSiren
0, 0, 0, 1, 0, 0, 1, 0, 8976, 1, 0, 0, 0, 0, 0, 0, 0, 0, 13, 0, 3, 1, 40, 0, 0, D-LinkSiren
0, 0, 0, 1, 0, 0, 1, 0, 62, 1, 0, 0, 0, 0, 0, 0, 0, 0, 13, 0, 1, 3, 1420, 1, 5.048169367086987, D-LinkSiren
0, 0, 0, 1, 0, 0, 1, 0, 62, 1, 0, 0, 0, 0, 0, 0, 0, 0, 13, 0, 1, 3, 1420, 1, 5.004241698043753, D-LinkSiren
0, 0, 0, 1, 0, 0, 1, 0, 62, 1, 0, 0, 0, 0, 0, 0, 0, 0, 13, 0, 1, 3, 1420, 1, 5.1125424714846055, D-LinkSiren
0, 0, 0, 1, 0, 0, 1, 0, 62, 1, 0, 0, 0, 0, 0, 0, 0, 0, 13, 0, 1, 3, 1420, 1, 5.0051213076850845, D-LinkSiren
0, 0, 0, 1, 0, 0, 1, 0, 8976, 1, 0, 0, 0, 0, 0, 0, 0, 0, 13, 0, 3, 1, 40, 0, 0, D-LinkSiren
0, 0, 0, 1, 0, 0, 1, 0, 62, 1, 0, 0, 0, 0, 0, 0, 0, 0, 13, 0, 1, 3, 1420, 1, 5.018811121361574, D-LinkSiren
0, 0, 0, 1, 0, 0, 1, 0, 62, 1, 0, 0, 0, 0, 0, 0, 0, 0, 13, 0, 1, 3, 1420, 1, 5.222569053819502, D-LinkSiren
0, 0, 0, 1, 0, 0, 1, 0, 62, 1, 0, 0, 0, 0, 0, 0, 0, 0, 13, 0, 1, 3, 1420, 1, 5.470580880737453, D-LinkSiren
0, 0, 0, 1, 0, 0, 1, 0, 62, 1, 0, 0, 0, 0, 0, 0, 0, 0, 13, 0, 1, 3, 1420, 1, 5.181814271732824, D-LinkSiren
0, 0, 0, 1, 0, 0, 1, 0, 8976, 1, 0, 0, 0, 0, 0, 0, 0, 0, 13, 0, 3, 1, 40, 0, 0, D-LinkSiren
0, 0, 0, 1, 0, 0, 1, 0, 8976, 1, 0, 0, 0, 0, 0, 0, 0, 0, 13, 0, 3, 1, 40, 0, 0, D-LinkSiren
0, 0, 0, 1, 0, 0, 1, 0, 8976, 1, 0, 0, 0, 0, 0, 0, 0, 0, 13, 0, 3, 1, 40, 0, 0, D-LinkSiren
0, 0, 0, 1, 0, 0, 1, 0, 8976, 1, 0, 0, 0, 0, 0, 0, 0, 0, 13, 0, 3, 1, 40, 0, 0, D-LinkSiren
0, 0, 0, 1, 0, 0, 1, 0, 62, 1, 0, 0, 0, 0, 0, 0, 0, 0, 13, 0, 1, 3, 1420, 1, 5.295779826115919, D-LinkSiren
0, 0, 0, 1, 0, 0, 1, 0, 8976, 1, 0, 0, 0, 0, 0, 0, 0, 0, 13, 0, 3, 1, 40, 0, 0, D-LinkSiren
0, 0, 0, 1, 0, 0, 1, 0, 62, 1, 0, 0, 0, 0, 0, 0, 0, 0, 13, 0, 1, 3, 1420, 1, 5.399786498197485, D-LinkSiren
0, 0, 0, 1, 0, 0, 1, 0, 62, 1, 0, 0, 0, 0, 0, 0, 0, 0, 13, 0, 1, 3, 1420, 1, 5.356965427071776, D-LinkSiren
0, 0, 0, 1, 0, 0, 1, 0, 8976, 1, 0, 0, 0, 0, 0, 0, 0, 0, 13, 0, 3, 1, 40, 0, 0, D-LinkSiren
0, 0, 0, 1, 0, 0, 1, 0, 62, 1, 0, 0, 0, 0, 0, 0, 0, 0, 13, 0, 1, 3, 1420, 1, 5.42858371529183, D-LinkSiren
0, 0, 0, 1, 0, 0, 1, 0, 62, 1, 0, 0, 0, 0, 0, 0, 0, 0, 13, 0, 1, 3, 1420, 1, 5.146212643982459, D-LinkSiren
0, 0, 0, 1, 0, 0, 1, 0, 62, 1, 0, 0, 0, 0, 0, 0, 0, 0, 13, 0, 1, 3, 1420, 1, 5.293509779575485, D-LinkSiren
0, 0, 0, 1, 0, 0, 1, 0, 62, 1, 0, 0, 0, 0, 0, 0, 0, 0, 13, 0, 1, 3, 1420, 1, 5.157459327844779, D-LinkSiren
0, 0, 0, 1, 0, 0, 1, 0, 62, 1, 0, 0, 0, 0, 0, 0, 0, 0, 13, 0, 1, 3, 1420, 1, 5.344532013493736, D-LinkSiren
0, 0, 0, 1, 0, 0, 1, 0, 62, 1, 0, 0, 0, 0, 0, 0, 0, 0, 13, 0, 1, 3, 1420, 1, 5.317279711540171, D-LinkSiren
0, 0, 0, 1, 0, 0, 1, 0, 8976, 1, 0, 0, 0, 0, 0, 0, 0, 0, 13, 0, 3, 1, 40, 0, 0, D-LinkSiren
0, 0, 0, 1, 0, 0, 1, 0, 62, 1, 0, 0, 0, 0, 0, 0, 0, 0, 13, 0, 1, 3, 1420, 1, 5.345139675454742, D-LinkSiren
0, 0, 0, 1, 0, 0, 1, 0, 62, 1, 0, 0, 0, 0, 0, 0, 0, 0, 13, 0, 1, 3, 1420, 1, 5.449347312493198, D-LinkSiren
0, 0, 0, 1, 0, 0, 1, 0, 62, 1, 0, 0, 0, 0, 0, 0, 0, 0, 13, 0, 1, 3, 1420, 1, 5.307081231611591, D-LinkSiren
0, 0, 0, 1, 0, 0, 1, 0, 62, 1, 0, 0, 0, 0, 0, 0, 0, 0, 13, 0, 1, 3, 1420, 1, 5.063371958706965, D-LinkSiren
0, 0, 0, 1, 0, 0, 1, 0, 8976, 1, 0, 0, 0, 0, 0, 0, 0, 0, 13, 0, 3, 1, 40, 0, 0, D-LinkSiren
0, 0, 0, 1, 0, 0, 1, 0, 8976, 1, 0, 0, 0, 0, 0, 0, 0, 0, 13, 0, 3, 1, 40, 0, 0, D-LinkSiren
0, 0, 0, 1, 0, 0, 1, 0, 8976, 1, 0, 0, 0, 0, 0, 0, 0, 0, 13, 0, 3, 1, 40, 0, 0, D-LinkSiren
0, 0, 0, 1, 0, 0, 1, 0, 8976, 1, 0, 0, 0, 0, 0, 0, 0, 0, 13, 0, 3, 1, 40, 0, 0, D-LinkSiren
0, 0, 0, 1, 0, 0, 1, 0, 62, 1, 0, 0, 0, 0, 0, 0, 0, 0, 13, 0, 1, 3, 1420, 1, 5.3151476449820905, D-LinkSiren
0, 0, 0, 1, 0, 0, 1, 0, 62, 1, 0, 0, 0, 0, 0, 0, 0, 0, 13, 0, 1, 3, 1420, 1, 5.422914194398913, D-LinkSiren
0, 0, 0, 1, 0, 0, 1, 0, 62, 1, 0, 0, 0, 0, 0, 0, 0, 0, 13, 0, 1, 3, 1420, 1, 5.565683602585836, D-LinkSiren
0, 0, 0, 1, 0, 0, 1, 0, 8976, 1, 0, 0, 0, 0, 0, 0, 0, 0, 13, 0, 3, 1, 40, 0, 0, D-LinkSiren
0, 0, 0, 1, 0, 0, 1, 0, 62, 1, 0, 0, 0, 0, 0, 0, 0, 0, 13, 0, 1, 3, 1420, 1, 5.316668845642885, D-LinkSiren
0, 0, 0, 1, 0, 0, 1, 0, 62, 1, 0, 0, 0, 0, 0, 0, 0, 0, 13, 0, 1, 3, 1420, 1, 5.267896294017325, D-LinkSiren
0, 0, 0, 1, 0, 0, 1, 0, 8976, 1, 0, 0, 0, 0, 0, 0, 0, 0, 13, 0, 3, 1, 40, 0, 0, D-LinkSiren
0, 0, 0, 1, 0, 0, 1, 0, 62, 1, 0, 0, 0, 0, 0, 0, 0, 0, 13, 0, 1, 3, 1420, 1, 5.3732362767916495, D-LinkSiren
0, 0, 0, 1, 0, 0, 1, 0, 62, 1, 0, 0, 0, 0, 0, 0, 0, 0, 13, 0, 1, 3, 1420, 1, 4.8147769322387814, D-LinkSiren
0, 0, 0, 1, 0, 0, 1, 0, 62, 1, 0, 0, 0, 0, 0, 0, 0, 0, 13, 0, 1, 3, 1420, 1, 4.800224271140776, D-LinkSiren
0, 0, 0, 1, 0, 0, 1, 0, 62, 1, 0, 0, 0, 0, 0, 0, 0, 0, 13, 0, 1, 3, 1420, 1, 5.150051085535787, D-LinkSiren
0, 0, 0, 1, 0, 0, 1, 0, 8976, 1, 0, 0, 0, 0, 0, 0, 0, 0, 13, 0, 3, 1, 40, 0, 0, D-LinkSiren
0, 0, 0, 1, 0, 0, 1, 0, 8976, 1, 0, 0, 0, 0, 0, 0, 0, 0, 13, 0, 3, 1, 40, 0, 0, D-LinkSiren
0, 0, 0, 1, 0, 0, 1, 0, 62, 1, 0, 0, 0, 0, 0, 0, 0, 0, 13, 0, 1, 3, 1420, 1, 5.268357387798758, D-LinkSiren
0, 0, 0, 1, 0, 0, 1, 0, 62, 1, 0, 0, 0, 0, 0, 0, 0, 0, 13, 0, 1, 3, 1420, 1, 5.353821223503421, D-LinkSiren
0, 0, 0, 1, 0, 0, 1, 0, 62, 1, 0, 0, 0, 0, 0, 0, 0, 0, 13, 0, 1, 3, 1420, 1, 5.137699232983645, D-LinkSiren
0, 0, 0, 1, 0, 0, 1, 0, 62, 1, 0, 0, 0, 0, 0, 0, 0, 0, 13, 0, 1, 3, 1420, 1, 5.411133762905172, D-LinkSiren
0, 0, 0, 1, 0, 0, 1, 0, 8976, 1, 0, 0, 0, 0, 0, 0, 0, 0, 13, 0, 3, 1, 40, 0, 0, D-LinkSiren
0, 0, 0, 1, 0, 0, 1, 0, 8976, 1, 0, 0, 0, 0, 0, 0, 0, 0, 13, 0, 3, 1, 40, 0, 0, D-LinkSiren
0, 0, 0, 1, 0, 0, 0, 1, 0, 0, 0, 0, 0, 0, 0, 1, 0, 0, 13, 0, 2, 2, 472, 0, 0, D-LinkSiren
0, 0, 0, 1, 0, 0, 1, 0, 8976, 1, 0, 0, 0, 0, 0, 0, 0, 0, 13, 0, 3, 1, 40, 0, 0, D-LinkSiren
0, 0, 0, 1, 0, 0, 1, 0, 62, 1, 0, 0, 0, 0, 0, 0, 0, 0, 13, 0, 1, 3, 1420, 1, 5.095265894577033, D-LinkSiren
0, 0, 0, 1, 0, 0, 1, 0, 62, 1, 0, 0, 0, 0, 0, 0, 0, 0, 13, 0, 1, 3, 1420, 1, 5.225650059872157, D-LinkSiren
0, 0, 0, 1, 0, 0, 1, 0, 8976, 1, 0, 0, 0, 0, 0, 0, 0, 0, 13, 0, 3, 1, 40, 0, 0, D-LinkSiren
0, 0, 0, 1, 0, 0, 1, 0, 62, 1, 0, 0, 0, 0, 0, 0, 0, 0, 13, 0, 1, 3, 1420, 1, 5.044625704661504, D-LinkSiren
0, 0, 0, 1, 0, 0, 1, 0, 62, 1, 0, 0, 0, 0, 0, 0, 0, 0, 13, 0, 1, 3, 1420, 1, 5.037678036856854, D-LinkSiren
0, 0, 0, 1, 0, 0, 1, 0, 8976, 1, 0, 0, 0, 0, 0, 0, 0, 0, 13, 0, 3, 1, 40, 0, 0, D-LinkSiren
0, 0, 0, 1, 0, 0, 1, 0, 62, 1, 0, 0, 0, 0, 0, 0, 0, 0, 13, 0, 1, 3, 1420, 1, 5.481678337584601, D-LinkSiren
0, 0, 0, 1, 0, 0, 1, 0, 62, 1, 0, 0, 0, 0, 0, 0, 0, 0, 13, 0, 1, 3, 1420, 1, 5.395577327762981, D-LinkSiren
0, 0, 0, 1, 0, 0, 1, 0, 8976, 1, 0, 0, 0, 0, 0, 0, 0, 0, 13, 0, 3, 1, 40, 0, 0, D-LinkSiren
0, 0, 0, 1, 0, 0, 1, 0, 62, 1, 0, 0, 0, 0, 0, 0, 0, 0, 13, 0, 1, 3, 1420, 1, 5.530398689641437, D-LinkSiren
0, 0, 0, 1, 0, 0, 1, 0, 62, 1, 0, 0, 0, 0, 0, 0, 0, 0, 13, 0, 1, 3, 1420, 1, 5.540981051943266, D-LinkSiren
0, 0, 0, 1, 0, 0, 1, 0, 8976, 1, 0, 0, 0, 0, 0, 0, 0, 0, 13, 0, 3, 1, 40, 0, 0, D-LinkSiren
0, 0, 0, 1, 0, 0, 1, 0, 62, 1, 0, 0, 0, 0, 0, 0, 0, 0, 13, 0, 1, 3, 1420, 1, 5.488158540466965, D-LinkSiren
0, 0, 0, 1, 0, 0, 1, 0, 62, 1, 0, 0, 0, 0, 0, 0, 0, 0, 13, 0, 1, 3, 1420, 1, 5.343489156405615, D-LinkSiren
0, 0, 0, 1, 0, 0, 1, 0, 62, 1, 0, 0, 0, 0, 0, 0, 0, 0, 13, 0, 1, 3, 1420, 1, 5.443786533454581, D-LinkSiren
0, 0, 0, 1, 0, 0, 1, 0, 62, 1, 0, 0, 0, 0, 0, 0, 0, 0, 13, 0, 1, 3, 1420, 1, 5.5370409762333415, D-LinkSiren
0, 0, 0, 1, 0, 0, 1, 0, 8976, 1, 0, 0, 0, 0, 0, 0, 0, 0, 13, 0, 3, 1, 40, 0, 0, D-LinkSiren
0, 0, 0, 1, 0, 0, 1, 0, 8976, 1, 0, 0, 0, 0, 0, 0, 0, 0, 13, 0, 3, 1, 40, 0, 0, D-LinkSiren
0, 0, 0, 1, 0, 0, 1, 0, 62, 1, 0, 0, 0, 0, 0, 0, 0, 0, 13, 0, 1, 3, 1420, 1, 5.156273417434089, D-LinkSiren
0, 0, 0, 1, 0, 0, 1, 0, 8976, 1, 0, 0, 0, 0, 0, 0, 0, 0, 13, 0, 3, 1, 40, 0, 0, D-LinkSiren
0, 0, 0, 1, 0, 0, 1, 0, 62, 1, 0, 0, 0, 0, 0, 0, 0, 0, 13, 0, 1, 3, 1420, 1, 5.25458972826155, D-LinkSiren
0, 0, 0, 1, 0, 0, 1, 0, 62, 1, 0, 0, 0, 0, 0, 0, 0, 0, 13, 0, 1, 3, 1420, 1, 5.023122598985199, D-LinkSiren
0, 0, 0, 1, 0, 0, 1, 0, 8976, 1, 0, 0, 0, 0, 0, 0, 0, 0, 13, 0, 3, 1, 40, 0, 0, D-LinkSiren
0, 0, 0, 1, 0, 0, 1, 0, 62, 1, 0, 0, 0, 0, 0, 0, 0, 0, 13, 0, 1, 3, 1420, 1, 5.389105175470897, D-LinkSiren
0, 0, 0, 1, 0, 0, 1, 0, 62, 1, 0, 0, 0, 0, 0, 0, 0, 0, 13, 0, 1, 3, 1420, 1, 4.902110267571863, D-LinkSiren
0, 0, 0, 1, 0, 0, 1, 0, 8976, 1, 0, 0, 0, 0, 0, 0, 0, 0, 13, 0, 3, 1, 40, 0, 0, D-LinkSiren
0, 0, 0, 1, 0, 0, 1, 0, 62, 1, 0, 0, 0, 0, 0, 0, 0, 0, 13, 0, 1, 3, 1420, 1, 5.0085041684975105, D-LinkSiren
0, 0, 0, 1, 0, 0, 1, 0, 62, 1, 0, 0, 0, 0, 0, 0, 0, 0, 13, 0, 1, 3, 1420, 1, 5.05964725617712, D-LinkSiren
0, 0, 0, 1, 0, 0, 1, 0, 62, 1, 0, 0, 0, 0, 0, 0, 0, 0, 13, 0, 1, 3, 1420, 1, 5.040552621542489, D-LinkSiren
0, 0, 0, 1, 0, 0, 1, 0, 62, 1, 0, 0, 0, 0, 0, 0, 0, 0, 13, 0, 1, 3, 1420, 1, 5.054920741803622, D-LinkSiren
0, 0, 0, 1, 0, 0, 1, 0, 62, 1, 0, 0, 0, 0, 0, 0, 0, 0, 13, 0, 1, 3, 1420, 1, 5.342216179380484, D-LinkSiren
0, 0, 0, 1, 0, 0, 1, 0, 62, 1, 0, 0, 0, 0, 0, 0, 0, 0, 13, 0, 1, 3, 1420, 1, 5.313261729387169, D-LinkSiren
0, 0, 0, 1, 0, 0, 1, 0, 62, 1, 0, 0, 0, 0, 0, 0, 0, 0, 13, 0, 1, 3, 1420, 1, 5.5874629671496345, D-LinkSiren
0, 0, 0, 1, 0, 0, 1, 0, 62, 1, 0, 0, 0, 0, 0, 0, 0, 0, 13, 0, 1, 3, 1420, 1, 5.499671809539303, D-LinkSiren
0, 0, 0, 1, 0, 0, 1, 0, 8976, 1, 0, 0, 0, 0, 0, 0, 0, 0, 13, 0, 3, 1, 40, 0, 0, D-LinkSiren
0, 0, 0, 1, 0, 0, 1, 0, 8976, 1, 0, 0, 0, 0, 0, 0, 0, 0, 13, 0, 3, 1, 40, 0, 0, D-LinkSiren
0, 0, 0, 1, 0, 0, 1, 0, 8976, 1, 0, 0, 0, 0, 0, 0, 0, 0, 13, 0, 3, 1, 40, 0, 0, D-LinkSiren
0, 0, 0, 1, 0, 0, 1, 0, 8976, 1, 0, 0, 0, 0, 0, 0, 0, 0, 13, 0, 3, 1, 40, 0, 0, D-LinkSiren
0, 0, 0, 1, 0, 0, 1, 0, 62, 1, 0, 0, 0, 0, 0, 0, 0, 0, 13, 0, 1, 3, 1420, 1, 5.264924887019079, D-LinkSiren
0, 0, 0, 1, 0, 0, 1, 0, 8976, 1, 0, 0, 0, 0, 0, 0, 0, 0, 13, 0, 3, 1, 40, 0, 0, D-LinkSiren
0, 0, 0, 1, 0, 0, 1, 0, 62, 1, 0, 0, 0, 0, 0, 0, 0, 0, 13, 0, 1, 3, 1420, 1, 5.192946250931084, D-LinkSiren
0, 0, 0, 1, 0, 0, 1, 0, 62, 1, 0, 0, 0, 0, 0, 0, 0, 0, 13, 0, 1, 3, 1420, 1, 4.628054934709008, D-LinkSiren
0, 0, 0, 1, 0, 0, 1, 0, 8976, 1, 0, 0, 0, 0, 0, 0, 0, 0, 13, 0, 3, 1, 40, 0, 0, D-LinkSiren
0, 0, 0, 1, 0, 0, 1, 0, 62, 1, 0, 0, 0, 0, 0, 0, 0, 0, 13, 0, 1, 3, 1420, 1, 4.325501431649577, D-LinkSiren
0, 0, 0, 1, 0, 0, 1, 0, 62, 1, 0, 0, 0, 0, 0, 0, 0, 0, 13, 0, 1, 3, 1420, 1, 4.519421609539875, D-LinkSiren
0, 0, 0, 1, 0, 0, 1, 0, 8976, 1, 0, 0, 0, 0, 0, 0, 0, 0, 13, 0, 3, 1, 40, 0, 0, D-LinkSiren
0, 0, 0, 1, 0, 0, 1, 0, 62, 1, 0, 0, 0, 0, 0, 0, 0, 0, 13, 0, 1, 3, 1420, 1, 4.846688897567277, D-LinkSiren
0, 0, 0, 1, 0, 0, 1, 0, 62, 1, 0, 0, 0, 0, 0, 0, 0, 0, 13, 0, 1, 3, 1420, 1, 5.4212115749637455, D-LinkSiren
0, 0, 0, 1, 0, 0, 1, 0, 62, 1, 0, 0, 0, 0, 0, 0, 0, 0, 13, 0, 1, 3, 1420, 1, 4.965914485766262, D-LinkSiren
0, 0, 0, 1, 0, 0, 1, 0, 62, 1, 0, 0, 0, 0, 0, 0, 0, 0, 13, 0, 1, 3, 1420, 1, 5.445289518924504, D-LinkSiren
0, 0, 0, 1, 0, 0, 1, 0, 62, 1, 0, 0, 0, 0, 0, 0, 0, 0, 13, 0, 1, 3, 1420, 1, 5.529468421235047, D-LinkSiren
0, 0, 0, 1, 0, 0, 1, 0, 62, 1, 0, 0, 0, 0, 0, 0, 0, 0, 13, 0, 1, 3, 1420, 1, 5.30874825676471, D-LinkSiren
0, 0, 0, 1, 0, 0, 1, 0, 62, 1, 0, 0, 0, 0, 0, 0, 0, 0, 13, 0, 1, 3, 1420, 1, 4.994473711735383, D-LinkSiren
0, 0, 0, 1, 0, 0, 1, 0, 62, 1, 0, 0, 0, 0, 0, 0, 0, 0, 13, 0, 1, 3, 1420, 1, 5.330027874510621, D-LinkSiren
0, 0, 0, 1, 0, 0, 1, 0, 8976, 1, 0, 0, 0, 0, 0, 0, 0, 0, 13, 0, 3, 1, 40, 0, 0, D-LinkSiren
0, 0, 0, 1, 0, 0, 1, 0, 8976, 1, 0, 0, 0, 0, 0, 0, 0, 0, 13, 0, 3, 1, 40, 0, 0, D-LinkSiren
0, 0, 0, 1, 0, 0, 1, 0, 8976, 1, 0, 0, 0, 0, 0, 0, 0, 0, 13, 0, 3, 1, 40, 0, 0, D-LinkSiren
0, 0, 0, 1, 0, 0, 1, 0, 8976, 1, 0, 0, 0, 0, 0, 0, 0, 0, 13, 0, 3, 1, 40, 0, 0, D-LinkSiren
0, 0, 0, 1, 0, 0, 1, 0, 62, 1, 0, 0, 0, 0, 0, 0, 0, 0, 13, 0, 1, 3, 1420, 1, 5.221844704394758, D-LinkSiren
0, 0, 0, 1, 0, 0, 1, 0, 62, 1, 0, 0, 0, 0, 0, 0, 0, 0, 13, 0, 1, 3, 1420, 1, 4.948783270906128, D-LinkSiren
0, 0, 0, 1, 0, 0, 1, 0, 62, 1, 0, 0, 0, 0, 0, 0, 0, 0, 13, 0, 1, 3, 1420, 1, 4.906122906434917, D-LinkSiren
0, 0, 0, 1, 0, 0, 1, 0, 8976, 1, 0, 0, 0, 0, 0, 0, 0, 0, 13, 0, 3, 1, 40, 0, 0, D-LinkSiren
0, 0, 0, 1, 0, 0, 1, 0, 62, 1, 0, 0, 0, 0, 0, 0, 0, 0, 13, 0, 1, 3, 1420, 1, 4.9917185905826, D-LinkSiren
0, 0, 0, 1, 0, 0, 1, 0, 62, 1, 0, 0, 0, 0, 0, 0, 0, 0, 13, 0, 1, 3, 1420, 1, 3.6494308302688743, D-LinkSiren
0, 0, 0, 1, 0, 0, 1, 0, 8976, 1, 0, 0, 0, 0, 0, 0, 0, 0, 13, 0, 3, 1, 40, 0, 0, D-LinkSiren
0, 0, 0, 1, 0, 0, 1, 0, 62, 1, 0, 0, 0, 0, 0, 0, 0, 0, 13, 0, 1, 3, 1420, 1, 2.853953099685199, D-LinkSiren
0, 0, 0, 1, 0, 0, 1, 0, 62, 1, 0, 0, 0, 0, 0, 0, 0, 0, 13, 0, 1, 3, 1420, 1, 1.7810262974535027, D-LinkSiren
0, 0, 0, 1, 0, 0, 1, 0, 62, 1, 0, 0, 0, 0, 0, 0, 0, 0, 13, 0, 1, 3, 1420, 1, 5.216322462816865, D-LinkSiren
0, 0, 0, 1, 0, 0, 1, 0, 62, 1, 0, 0, 0, 0, 0, 0, 0, 0, 13, 0, 1, 3, 1420, 1, 5.944738228945674, D-LinkSiren
0, 0, 0, 1, 0, 0, 1, 0, 62, 1, 0, 0, 0, 0, 0, 0, 0, 0, 13, 0, 1, 3, 1420, 1, 4.0905448332033085, D-LinkSiren
0, 0, 0, 1, 0, 0, 1, 0, 62, 1, 0, 0, 0, 0, 0, 0, 0, 0, 13, 0, 1, 3, 1420, 1, 5.007427450854121, D-LinkSiren
0, 0, 0, 1, 0, 0, 1, 0, 8976, 1, 0, 0, 0, 0, 0, 0, 0, 0, 13, 0, 3, 1, 40, 0, 0, D-LinkSiren
0, 0, 0, 1, 0, 0, 1, 0, 8976, 1, 0, 0, 0, 0, 0, 0, 0, 0, 13, 0, 3, 1, 40, 0, 0, D-LinkSiren
0, 0, 0, 1, 0, 0, 1, 0, 62, 1, 0, 0, 0, 0, 0, 0, 0, 0, 13, 0, 1, 3, 1420, 1, 4.668546939723383, D-LinkSiren
0, 0, 0, 1, 0, 0, 1, 0, 62, 1, 0, 0, 0, 0, 0, 0, 0, 0, 13, 0, 1, 3, 1420, 1, 3.647618224653381, D-LinkSiren
0, 0, 0, 1, 0, 0, 1, 0, 8976, 1, 0, 0, 0, 0, 0, 0, 0, 0, 13, 0, 3, 1, 40, 0, 0, D-LinkSiren
0, 0, 0, 1, 0, 0, 1, 0, 8976, 1, 0, 0, 0, 0, 0, 0, 0, 0, 13, 0, 3, 1, 40, 0, 0, D-LinkSiren
0, 0, 0, 1, 0, 0, 1, 0, 8976, 1, 0, 0, 0, 0, 0, 0, 0, 0, 13, 0, 3, 1, 40, 0, 0, D-LinkSiren
0, 0, 0, 1, 0, 0, 1, 0, 62, 1, 0, 0, 0, 0, 0, 0, 0, 0, 13, 0, 1, 3, 140, 1, 1.098213149896198, D-LinkSiren
0, 0, 0, 1, 0, 0, 1, 0, 8976, 1, 0, 0, 0, 0, 0, 0, 0, 0, 13, 0, 3, 1, 40, 0, 0, D-LinkSiren
0, 0, 0, 1, 0, 0, 0, 1, 0, 0, 0, 0, 0, 0, 0, 1, 0, 0, 13, 0, 2, 2, 261, 0, 0, D-LinkSiren
0, 0, 0, 1, 0, 0, 0, 1, 0, 0, 0, 0, 0, 0, 0, 1, 0, 0, 13, 0, 2, 2, 89, 0, 0, D-LinkSiren
0, 0, 0, 1, 0, 0, 1, 0, 62, 1, 0, 0, 0, 0, 0, 0, 0, 0, 13, 0, 1, 3, 40, 0, 0, D-LinkSiren
1, 0, 0, 0, 0, 0, 0, 0, 0, 0, 0, 0, 0, 0, 0, 0, 0, 0, 13, 0, 0, 0, 0, 0, 0, D-LinkSiren
1, 0, 0, 0, 0, 0, 0, 0, 0, 0, 0, 0, 0, 0, 0, 0, 0, 0, 13, 0, 0, 0, 0, 0, 0, D-LinkSiren
0, 0, 0, 1, 0, 0, 1, 0, 7060, 0, 1, 0, 0, 0, 0, 0, 0, 0, 13, 0, 2, 1, 40, 0, 0, D-LinkSiren
0, 0, 0, 1, 0, 0, 1, 0, 5680, 0, 1, 0, 0, 0, 0, 0, 0, 0, 13, 0, 2, 1, 40, 0, 0, D-LinkSiren
0, 0, 0, 1, 0, 0, 1, 0, 673, 0, 1, 0, 0, 0, 0, 0, 0, 0, 13, 0, 1, 2, 77, 1, 4.993237149412737, D-LinkSiren
0, 0, 0, 1, 0, 0, 1, 0, 673, 0, 1, 0, 0, 0, 0, 0, 0, 0, 13, 0, 1, 2, 40, 0, 0, D-LinkSiren
0, 0, 0, 1, 0, 0, 1, 0, 390, 0, 1, 0, 0, 0, 0, 0, 0, 0, 13, 0, 1, 2, 77, 1, 4.993237149412737, D-LinkSiren
0, 0, 0, 1, 0, 0, 1, 0, 390, 0, 1, 0, 0, 0, 0, 0, 0, 0, 13, 0, 1, 2, 40, 0, 0, D-LinkSiren
0, 0, 0, 1, 0, 0, 1, 0, 0, 0, 1, 0, 0, 0, 0, 0, 0, 0, 13, 0, 2, 1, 40, 0, 0, D-LinkSiren
0, 0, 0, 1, 0, 0, 1, 0, 0, 0, 1, 0, 0, 0, 0, 0, 0, 0, 13, 0, 2, 1, 40, 0, 0, D-LinkSiren
0, 0, 0, 1, 0, 0, 1, 0, 0, 0, 1, 0, 0, 0, 0, 0, 0, 0, 13, 0, 2, 1, 40, 0, 0, D-LinkSiren
0, 0, 0, 1, 0, 0, 1, 0, 0, 0, 1, 0, 0, 0, 0, 0, 0, 0, 13, 0, 2, 1, 40, 0, 0, D-LinkSiren
0, 0, 0, 1, 0, 0, 0, 1, 0, 0, 0, 0, 0, 0, 0, 1, 0, 0, 13, 0, 2, 2, 472, 0, 0, D-LinkSiren
0, 0, 0, 1, 0, 0, 0, 1, 0, 0, 0, 0, 0, 0, 1, 0, 0, 0, 13, 0, 3, 1, 63, 0, 0, D-LinkSiren
0, 0, 0, 1, 0, 0, 0, 1, 0, 0, 0, 0, 0, 0, 1, 0, 0, 0, 13, 0, 1, 3, 359, 0, 0, D-LinkSiren
0, 0, 0, 1, 0, 0, 1, 0, 5840, 0, 1, 0, 0, 0, 0, 0, 0, 0, 13, 0, 3, 1, 60, 0, 0, D-LinkSiren
0, 0, 0, 1, 0, 0, 1, 0, 17898, 0, 1, 0, 0, 0, 0, 0, 0, 0, 13, 0, 1, 3, 60, 0, 0, D-LinkSiren
0, 0, 0, 1, 0, 0, 1, 0, 2920, 0, 1, 0, 0, 0, 0, 0, 0, 0, 13, 0, 3, 1, 52, 0, 0, D-LinkSiren
0, 0, 0, 1, 0, 0, 0, 0, 0, 0, 0, 0, 0, 0, 0, 0, 0, 0, 13, 0, 0, 0, 40, 1, 2.216917186688699, D-LinkSiren
0, 0, 0, 1, 0, 0, 1, 0, 2920, 0, 1, 0, 0, 0, 0, 0, 0, 0, 13, 0, 3, 1, 351, 1, 4.986365011523708, D-LinkSiren
0, 0, 0, 1, 0, 0, 1, 0, 75, 0, 1, 0, 0, 0, 0, 0, 0, 0, 13, 0, 1, 3, 52, 0, 0, D-LinkSiren
0, 0, 0, 1, 0, 0, 1, 0, 75, 0, 1, 0, 0, 0, 0, 0, 0, 0, 13, 0, 1, 3, 1420, 1, 7.1537280817088105, D-LinkSiren
0, 0, 0, 1, 0, 0, 1, 0, 75, 0, 1, 0, 0, 0, 0, 0, 0, 0, 13, 0, 1, 3, 1420, 1, 7.246205454900595, D-LinkSiren
0, 0, 0, 1, 0, 0, 1, 0, 75, 0, 1, 0, 0, 0, 0, 0, 0, 0, 13, 0, 1, 3, 1135, 1, 7.647185617825337, D-LinkSiren
0, 0, 0, 1, 0, 0, 1, 0, 4288, 0, 1, 0, 0, 0, 0, 0, 0, 0, 13, 0, 3, 1, 52, 0, 0, D-LinkSiren
0, 0, 0, 1, 0, 0, 1, 0, 5656, 0, 1, 0, 0, 0, 0, 0, 0, 0, 13, 0, 3, 1, 52, 0, 0, D-LinkSiren
0, 0, 0, 1, 0, 0, 1, 0, 7024, 0, 1, 0, 0, 0, 0, 0, 0, 0, 13, 0, 3, 1, 52, 0, 0, D-LinkSiren
0, 0, 0, 1, 0, 0, 1, 0, 7024, 0, 1, 0, 0, 0, 0, 0, 0, 0, 13, 0, 3, 1, 178, 1, 6.2618913085204175, D-LinkSiren
0, 0, 0, 1, 0, 0, 1, 0, 75, 0, 1, 0, 0, 0, 0, 0, 0, 0, 13, 0, 1, 3, 278, 1, 6.9161091617302475, D-LinkSiren
0, 0, 0, 1, 0, 0, 1, 0, 7024, 0, 1, 0, 0, 0, 0, 0, 0, 0, 13, 0, 3, 1, 52, 0, 0, D-LinkSiren
0, 0, 0, 1, 0, 0, 1, 0, 7024, 0, 1, 0, 0, 0, 0, 0, 0, 0, 13, 0, 3, 1, 513, 1, 7.639178804804974, D-LinkSiren
0, 0, 0, 1, 0, 0, 1, 0, 79, 0, 1, 0, 0, 0, 0, 0, 0, 0, 13, 0, 1, 3, 52, 0, 0, D-LinkSiren
0, 0, 0, 1, 0, 0, 1, 0, 79, 0, 1, 0, 0, 0, 0, 0, 0, 0, 13, 0, 1, 3, 321, 1, 7.179816869822656, D-LinkSiren
0, 0, 0, 1, 0, 0, 1, 0, 79, 0, 1, 0, 0, 0, 0, 0, 0, 0, 13, 0, 1, 3, 83, 1, 4.760647923290102, D-LinkSiren
0, 0, 0, 1, 0, 0, 1, 0, 7024, 0, 1, 0, 0, 0, 0, 0, 0, 0, 13, 0, 3, 1, 52, 0, 0, D-LinkSiren
0, 0, 0, 1, 0, 0, 1, 0, 5840, 0, 1, 0, 0, 0, 0, 0, 0, 0, 13, 0, 3, 1, 60, 0, 0, D-LinkSiren
0, 0, 0, 1, 0, 0, 1, 0, 17898, 0, 1, 0, 0, 0, 0, 0, 0, 0, 13, 0, 1, 3, 60, 0, 0, D-LinkSiren
0, 0, 0, 1, 0, 0, 1, 0, 2920, 0, 1, 0, 0, 0, 0, 0, 0, 0, 13, 0, 3, 1, 52, 0, 0, D-LinkSiren
0, 0, 0, 1, 0, 0, 1, 0, 2920, 0, 1, 0, 0, 0, 0, 0, 0, 0, 13, 0, 3, 1, 543, 1, 6.434863627869271, D-LinkSiren
0, 0, 0, 1, 0, 0, 1, 0, 75, 0, 1, 0, 0, 0, 0, 0, 0, 0, 13, 0, 1, 3, 52, 0, 0, D-LinkSiren
0, 0, 0, 1, 0, 0, 1, 0, 75, 0, 1, 0, 0, 0, 0, 0, 0, 0, 13, 0, 1, 3, 189, 1, 6.256541480660193, D-LinkSiren
0, 0, 0, 1, 0, 0, 1, 0, 2920, 0, 1, 0, 0, 0, 0, 0, 0, 0, 13, 0, 3, 1, 52, 0, 0, D-LinkSiren
0, 0, 0, 1, 0, 0, 1, 0, 2920, 0, 1, 0, 0, 0, 0, 0, 0, 0, 13, 0, 3, 1, 103, 1, 5.319484165500911, D-LinkSiren
0, 0, 0, 1, 0, 0, 1, 0, 75, 0, 1, 0, 0, 0, 0, 0, 0, 0, 13, 0, 1, 3, 52, 0, 0, D-LinkSiren
0, 0, 0, 1, 0, 0, 1, 0, 2920, 0, 1, 0, 0, 0, 0, 0, 0, 0, 13, 0, 3, 1, 404, 1, 7.383804364330636, D-LinkSiren
0, 0, 0, 1, 0, 0, 1, 0, 79, 0, 1, 0, 0, 0, 0, 0, 0, 0, 13, 0, 1, 3, 52, 0, 0, D-LinkSiren
0, 0, 0, 1, 0, 0, 1, 0, 79, 0, 1, 0, 0, 0, 0, 0, 0, 0, 13, 0, 1, 3, 448, 1, 7.48916811880306, D-LinkSiren
0, 0, 0, 1, 0, 0, 1, 0, 79, 0, 1, 0, 0, 0, 0, 0, 0, 0, 13, 0, 1, 3, 83, 1, 4.825164052322361, D-LinkSiren
0, 0, 0, 1, 0, 0, 0, 1, 0, 0, 0, 0, 0, 0, 1, 0, 0, 0, 13, 0, 2, 1, 65, 0, 0, D-LinkSiren
0, 0, 0, 1, 0, 0, 0, 1, 0, 0, 0, 0, 0, 0, 1, 0, 0, 0, 13, 0, 1, 2, 81, 0, 0, D-LinkSiren
0, 0, 0, 1, 0, 0, 1, 0, 5840, 0, 1, 0, 0, 0, 0, 0, 0, 0, 13, 0, 2, 1, 60, 0, 0, D-LinkSiren
0, 0, 0, 1, 0, 0, 1, 0, 3456, 0, 1, 0, 0, 0, 0, 0, 0, 0, 13, 0, 3, 1, 52, 0, 0, D-LinkSiren
0, 0, 0, 1, 0, 0, 1, 0, 2048, 0, 1, 0, 0, 0, 0, 0, 0, 0, 13, 0, 1, 2, 52, 0, 0, D-LinkSiren
0, 0, 0, 1, 0, 0, 1, 0, 2920, 0, 1, 0, 0, 0, 0, 0, 0, 0, 13, 0, 2, 1, 40, 0, 0, D-LinkSiren
0, 0, 0, 1, 0, 0, 1, 0, 2920, 0, 1, 0, 0, 0, 0, 0, 0, 0, 13, 0, 2, 1, 339, 1, 4.952920195470196, D-LinkSiren
0, 0, 0, 1, 0, 0, 1, 0, 390, 0, 1, 0, 0, 0, 0, 0, 0, 0, 13, 0, 1, 2, 40, 0, 0, D-LinkSiren
0, 0, 0, 1, 0, 0, 1, 0, 390, 0, 1, 0, 0, 0, 0, 0, 0, 0, 13, 0, 1, 2, 98, 1, 4.8785217656935425, D-LinkSiren
0, 0, 0, 1, 0, 0, 1, 0, 390, 0, 1, 0, 0, 0, 0, 0, 0, 0, 13, 0, 1, 2, 1420, 1, 7.214848183228593, D-LinkSiren
0, 0, 0, 1, 0, 0, 1, 0, 390, 0, 1, 0, 0, 0, 0, 0, 0, 0, 13, 0, 1, 2, 1420, 1, 7.1070261665549275, D-LinkSiren
0, 0, 0, 1, 0, 0, 1, 0, 390, 0, 1, 0, 0, 0, 0, 0, 0, 0, 13, 0, 1, 2, 686, 1, 7.530092497800246, D-LinkSiren
0, 0, 0, 1, 0, 0, 1, 0, 2920, 0, 1, 0, 0, 0, 0, 0, 0, 0, 13, 0, 2, 1, 40, 0, 0, D-LinkSiren
0, 0, 0, 1, 0, 0, 1, 0, 4300, 0, 1, 0, 0, 0, 0, 0, 0, 0, 13, 0, 2, 1, 40, 0, 0, D-LinkSiren
0, 0, 0, 1, 0, 0, 1, 0, 5680, 0, 1, 0, 0, 0, 0, 0, 0, 0, 13, 0, 2, 1, 40, 0, 0, D-LinkSiren
0, 0, 0, 1, 0, 0, 1, 0, 5680, 0, 1, 0, 0, 0, 0, 0, 0, 0, 13, 0, 2, 1, 40, 0, 0, D-LinkSiren
0, 0, 0, 1, 0, 0, 1, 0, 390, 0, 1, 0, 0, 0, 0, 0, 0, 0, 13, 0, 1, 2, 378, 1, 7.341513646477437, D-LinkSiren
0, 0, 0, 1, 0, 0, 1, 0, 390, 0, 1, 0, 0, 0, 0, 0, 0, 0, 13, 0, 1, 2, 49, 1, 2.058813890331201, D-LinkSiren
0, 0, 0, 1, 0, 0, 1, 0, 5680, 0, 1, 0, 0, 0, 0, 0, 0, 0, 13, 0, 2, 1, 40, 0, 0, D-LinkSiren
0, 0, 0, 1, 0, 0, 1, 0, 5680, 0, 1, 0, 0, 0, 0, 0, 0, 0, 13, 0, 2, 1, 40, 0, 0, D-LinkSiren
0, 0, 0, 1, 0, 0, 1, 0, 5680, 0, 1, 0, 0, 0, 0, 0, 0, 0, 13, 0, 2, 1, 166, 1, 6.3639131575067145, D-LinkSiren
0, 0, 0, 1, 0, 0, 1, 0, 390, 0, 1, 0, 0, 0, 0, 0, 0, 0, 13, 0, 1, 2, 159, 1, 6.27486450691452, D-LinkSiren
0, 0, 0, 1, 0, 0, 1, 0, 390, 0, 1, 0, 0, 0, 0, 0, 0, 0, 13, 0, 1, 2, 46, 1, 1.9182958340544896, D-LinkSiren
0, 0, 0, 1, 0, 0, 1, 0, 390, 0, 1, 0, 0, 0, 0, 0, 0, 0, 13, 0, 1, 2, 85, 1, 4.7077594848820254, D-LinkSiren
0, 0, 0, 1, 0, 0, 1, 0, 5680, 0, 1, 0, 0, 0, 0, 0, 0, 0, 13, 0, 2, 1, 40, 0, 0, D-LinkSiren
0, 0, 0, 1, 0, 0, 1, 0, 5680, 0, 1, 0, 0, 0, 0, 0, 0, 0, 13, 0, 2, 1, 202, 1, 6.805718367002013, D-LinkSiren
0, 0, 0, 1, 0, 0, 1, 0, 390, 0, 1, 0, 0, 0, 0, 0, 0, 0, 13, 0, 1, 2, 40, 0, 0, D-LinkSiren
0, 0, 0, 1, 0, 0, 1, 0, 390, 0, 1, 0, 0, 0, 0, 0, 0, 0, 13, 0, 1, 2, 40, 0, 0, D-LinkSiren
0, 0, 0, 1, 0, 0, 1, 0, 5680, 0, 1, 0, 0, 0, 0, 0, 0, 0, 13, 0, 2, 1, 40, 0, 0, D-LinkSiren
0, 0, 0, 1, 0, 0, 1, 0, 390, 0, 1, 0, 0, 0, 0, 0, 0, 0, 13, 0, 1, 2, 40, 0, 0, D-LinkSiren
0, 0, 0, 1, 0, 0, 1, 0, 5680, 0, 1, 0, 0, 0, 0, 0, 0, 0, 13, 0, 2, 1, 40, 0, 0, D-LinkSiren
0, 0, 0, 1, 0, 0, 1, 0, 390, 0, 1, 0, 0, 0, 0, 0, 0, 0, 13, 0, 1, 2, 40, 0, 0, D-LinkSiren
0, 0, 0, 1, 0, 0, 1, 0, 5680, 0, 1, 0, 0, 0, 0, 0, 0, 0, 13, 0, 2, 1, 40, 0, 0, D-LinkSiren
1, 0, 0, 0, 0, 0, 0, 0, 0, 0, 0, 0, 0, 0, 0, 0, 0, 0, 13, 0, 0, 0, 0, 0, 0, D-LinkSiren
1, 0, 0, 0, 0, 0, 0, 0, 0, 0, 0, 0, 0, 0, 0, 0, 0, 0, 13, 0, 0, 0, 0, 0, 0, D-LinkSiren
0, 0, 0, 1, 0, 0, 1, 0, 390, 0, 1, 0, 0, 0, 0, 0, 0, 0, 13, 0, 1, 2, 40, 0, 0, D-LinkSiren
0, 0, 0, 1, 0, 0, 1, 0, 5680, 0, 1, 0, 0, 0, 0, 0, 0, 0, 13, 0, 2, 1, 40, 0, 0, D-LinkSiren
0, 0, 0, 1, 0, 0, 1, 0, 390, 0, 1, 0, 0, 0, 0, 0, 0, 0, 13, 0, 1, 2, 40, 0, 0, D-LinkSiren
0, 0, 0, 1, 0, 0, 1, 0, 5680, 0, 1, 0, 0, 0, 0, 0, 0, 0, 13, 0, 2, 1, 40, 0, 0, D-LinkSiren
