1, 0, 0, 0, 0, 0, 0, 0, 0, 0, 0, 0, 0, 0, 0, 0, 0, 0, 0, 0, 0, 0, 0, 0, 0, D-LinkHomeHub
0, 0, 0, 0, 0, 0, 0, 0, 0, 0, 0, 0, 0, 0, 0, 0, 0, 0, 0, 0, 0, 0, 0, 0, 0, D-LinkHomeHub
0, 0, 0, 1, 0, 0, 0, 1, 0, 0, 0, 1, 1, 0, 0, 0, 0, 0, 1, 0, 1, 1, 335, 0, 0, D-LinkHomeHub
0, 0, 0, 1, 0, 0, 0, 1, 0, 0, 0, 1, 1, 0, 0, 0, 0, 0, 2, 0, 1, 1, 328, 0, 0, D-LinkHomeHub
0, 0, 0, 1, 0, 0, 0, 1, 0, 0, 0, 1, 1, 0, 0, 0, 0, 0, 2, 0, 1, 1, 347, 0, 0, D-LinkHomeHub
0, 0, 0, 1, 0, 0, 0, 1, 0, 0, 0, 1, 1, 0, 0, 0, 0, 0, 2, 0, 1, 1, 332, 0, 0, D-LinkHomeHub
0, 0, 0, 0, 0, 0, 0, 0, 0, 0, 0, 0, 0, 0, 0, 0, 0, 0, 2, 0, 0, 0, 1, 0, 0, D-LinkHomeHub
1, 0, 0, 0, 0, 0, 0, 0, 0, 0, 0, 0, 0, 0, 0, 0, 0, 0, 2, 0, 0, 0, 0, 0, 0, D-LinkHomeHub
1, 0, 0, 0, 0, 0, 0, 0, 0, 0, 0, 0, 0, 0, 0, 0, 0, 0, 2, 0, 0, 0, 0, 0, 0, D-LinkHomeHub
0, 0, 0, 1, 0, 0, 0, 1, 0, 0, 0, 0, 0, 0, 1, 0, 0, 0, 3, 0, 2, 1, 60, 0, 0, D-LinkHomeHub
0, 0, 0, 1, 0, 0, 0, 1, 0, 0, 0, 0, 0, 0, 1, 0, 0, 0, 3, 0, 1, 2, 92, 0, 0, D-LinkHomeHub
0, 0, 0, 1, 0, 0, 0, 1, 0, 0, 0, 0, 0, 0, 0, 0, 1, 0, 4, 0, 3, 1, 76, 0, 0, D-LinkHomeHub
0, 0, 0, 1, 0, 0, 0, 1, 0, 0, 0, 0, 0, 0, 0, 0, 1, 0, 4, 0, 1, 3, 76, 0, 0, D-LinkHomeHub
0, 0, 0, 1, 0, 0, 0, 1, 0, 0, 0, 0, 0, 0, 1, 0, 0, 0, 4, 0, 3, 1, 66, 0, 0, D-LinkHomeHub
0, 0, 0, 1, 0, 0, 0, 1, 0, 0, 0, 0, 0, 0, 1, 0, 0, 0, 4, 0, 1, 3, 354, 0, 0, D-LinkHomeHub
0, 0, 0, 1, 0, 0, 1, 0, 5840, 1, 0, 0, 0, 0, 0, 0, 0, 0, 5, 0, 2, 1, 60, 0, 0, D-LinkHomeHub
0, 0, 0, 1, 0, 0, 1, 0, 17898, 1, 0, 0, 0, 0, 0, 0, 0, 0, 5, 0, 1, 2, 60, 0, 0, D-LinkHomeHub
0, 0, 0, 1, 0, 0, 1, 0, 2920, 1, 0, 0, 0, 0, 0, 0, 0, 0, 5, 0, 2, 1, 52, 0, 0, D-LinkHomeHub
0, 0, 0, 1, 0, 0, 1, 0, 2920, 1, 0, 0, 0, 0, 0, 0, 0, 0, 5, 0, 2, 1, 286, 1, 5.545862282970795, D-LinkHomeHub
0, 0, 0, 1, 0, 0, 0, 0, 0, 0, 0, 0, 0, 0, 0, 0, 0, 0, 6, 0, 0, 0, 40, 1, 2.216917186688699, D-LinkHomeHub
0, 0, 0, 1, 0, 0, 1, 0, 75, 1, 0, 0, 0, 0, 0, 0, 0, 0, 6, 0, 1, 2, 52, 0, 0, D-LinkHomeHub
0, 0, 0, 1, 0, 0, 1, 0, 75, 1, 0, 0, 0, 0, 0, 0, 0, 0, 6, 0, 1, 2, 258, 1, 5.2051224472105595, D-LinkHomeHub
0, 0, 0, 1, 0, 0, 1, 0, 3456, 1, 0, 0, 0, 0, 0, 0, 0, 0, 6, 0, 2, 1, 52, 0, 0, D-LinkHomeHub
0, 0, 0, 1, 0, 0, 1, 0, 3456, 1, 0, 0, 0, 0, 0, 0, 0, 0, 6, 0, 2, 1, 52, 0, 0, D-LinkHomeHub
0, 0, 0, 1, 0, 0, 0, 1, 0, 0, 0, 0, 0, 0, 0, 1, 0, 0, 7, 0, 2, 2, 319, 0, 0, D-LinkHomeHub
0, 0, 0, 1, 0, 0, 1, 0, 75, 1, 0, 0, 0, 0, 0, 0, 0, 0, 7, 0, 1, 2, 52, 0, 0, D-LinkHomeHub
0, 0, 0, 1, 0, 0, 1, 0, 3456, 1, 0, 0, 0, 0, 0, 0, 0, 0, 7, 0, 2, 1, 52, 0, 0, D-LinkHomeHub
0, 0, 0, 0, 0, 0, 0, 0, 0, 0, 0, 0, 0, 0, 0, 0, 0, 0, 7, 0, 0, 0, 0, 0, 0, D-LinkHomeHub
0, 0, 0, 1, 0, 0, 0, 1, 0, 0, 0, 0, 0, 0, 0, 1, 0, 0, 7, 0, 2, 2, 319, 0, 0, D-LinkHomeHub
0, 0, 0, 0, 0, 0, 0, 0, 0, 0, 0, 0, 0, 0, 0, 0, 0, 0, 7, 0, 0, 0, 0, 0, 0, D-LinkHomeHub
0, 0, 0, 1, 0, 0, 0, 1, 0, 0, 0, 0, 0, 0, 0, 1, 0, 0, 7, 0, 2, 2, 319, 0, 0, D-LinkHomeHub
0, 0, 0, 0, 0, 0, 0, 0, 0, 0, 0, 0, 0, 0, 0, 0, 0, 0, 7, 0, 0, 0, 1, 0, 0, D-LinkHomeHub
0, 0, 0, 1, 0, 0, 0, 1, 0, 0, 0, 0, 0, 0, 0, 1, 0, 0, 7, 0, 2, 2, 295, 0, 0, D-LinkHomeHub
0, 0, 0, 1, 0, 0, 0, 1, 0, 0, 0, 0, 0, 0, 0, 1, 0, 0, 7, 0, 2, 2, 287, 0, 0, D-LinkHomeHub
0, 0, 0, 0, 0, 0, 0, 0, 0, 0, 0, 0, 0, 0, 0, 0, 0, 0, 7, 0, 0, 0, 0, 0, 0, D-LinkHomeHub
0, 0, 0, 1, 0, 0, 0, 0, 0, 0, 0, 0, 0, 0, 0, 0, 0, 0, 7, 0, 0, 0, 48, 1, 2.197338796187554, D-LinkHomeHub
0, 0, 0, 1, 0, 0, 0, 1, 0, 0, 0, 0, 0, 0, 0, 1, 0, 0, 7, 0, 2, 2, 287, 0, 0, D-LinkHomeHub
0, 0, 0, 1, 0, 0, 0, 1, 0, 0, 0, 0, 0, 0, 0, 1, 0, 0, 7, 0, 2, 2, 63, 0, 0, D-LinkHomeHub
0, 0, 0, 1, 0, 0, 0, 1, 0, 0, 0, 0, 0, 0, 0, 1, 0, 0, 7, 0, 2, 2, 91, 0, 0, D-LinkHomeHub
0, 0, 0, 1, 0, 0, 0, 1, 0, 0, 0, 0, 0, 0, 0, 1, 0, 0, 7, 0, 2, 2, 83, 0, 0, D-LinkHomeHub
0, 0, 0, 1, 0, 0, 0, 1, 0, 0, 0, 0, 0, 0, 0, 1, 0, 0, 7, 0, 2, 2, 287, 0, 0, D-LinkHomeHub
0, 0, 0, 1, 0, 0, 0, 1, 0, 0, 0, 0, 0, 0, 1, 0, 0, 0, 7, 0, 2, 1, 60, 0, 0, D-LinkHomeHub
0, 0, 0, 1, 0, 0, 0, 1, 0, 0, 0, 0, 0, 0, 0, 1, 0, 0, 7, 0, 2, 2, 362, 0, 0, D-LinkHomeHub
0, 0, 0, 1, 0, 0, 0, 1, 0, 0, 0, 0, 0, 0, 1, 0, 0, 0, 7, 0, 1, 2, 381, 0, 0, D-LinkHomeHub
0, 0, 0, 1, 0, 0, 0, 1, 0, 0, 0, 0, 0, 0, 1, 0, 0, 0, 7, 0, 2, 1, 99, 0, 0, D-LinkHomeHub
0, 0, 0, 1, 0, 0, 0, 1, 0, 0, 0, 0, 0, 0, 1, 0, 0, 0, 7, 0, 1, 2, 155, 0, 0, D-LinkHomeHub
0, 0, 0, 1, 0, 0, 0, 1, 0, 0, 0, 0, 0, 0, 0, 1, 0, 0, 7, 0, 2, 2, 251, 0, 0, D-LinkHomeHub
0, 0, 0, 1, 0, 0, 0, 1, 0, 0, 0, 0, 0, 0, 1, 0, 0, 0, 7, 0, 2, 1, 60, 0, 0, D-LinkHomeHub
0, 0, 0, 1, 0, 0, 0, 1, 0, 0, 0, 0, 0, 0, 1, 0, 0, 0, 7, 0, 1, 2, 357, 0, 0, D-LinkHomeHub
0, 0, 0, 1, 0, 0, 1, 0, 5840, 1, 0, 0, 0, 0, 0, 0, 0, 0, 8, 0, 2, 1, 60, 0, 0, D-LinkHomeHub
0, 0, 0, 1, 0, 0, 1, 0, 14480, 1, 0, 0, 0, 0, 0, 0, 0, 0, 8, 0, 1, 2, 60, 0, 0, D-LinkHomeHub
0, 0, 0, 1, 0, 0, 1, 0, 2920, 1, 0, 0, 0, 0, 0, 0, 0, 0, 8, 0, 2, 1, 52, 0, 0, D-LinkHomeHub
0, 0, 0, 1, 0, 0, 1, 0, 2920, 1, 0, 0, 0, 0, 0, 0, 0, 0, 8, 0, 2, 1, 189, 1, 5.364730783545417, D-LinkHomeHub
0, 0, 0, 1, 0, 0, 0, 1, 0, 0, 0, 0, 0, 0, 1, 0, 0, 0, 8, 0, 3, 1, 63, 0, 0, D-LinkHomeHub
0, 0, 0, 1, 0, 0, 0, 1, 0, 0, 0, 0, 0, 0, 1, 0, 0, 0, 8, 0, 1, 3, 161, 0, 0, D-LinkHomeHub
0, 0, 0, 1, 0, 0, 1, 0, 5840, 1, 0, 0, 0, 0, 0, 0, 0, 0, 9, 0, 2, 1, 60, 0, 0, D-LinkHomeHub
0, 0, 0, 1, 0, 0, 1, 0, 17898, 1, 0, 0, 0, 0, 0, 0, 0, 0, 9, 0, 1, 2, 60, 0, 0, D-LinkHomeHub
0, 0, 0, 1, 0, 0, 1, 0, 2920, 1, 0, 0, 0, 0, 0, 0, 0, 0, 9, 0, 2, 1, 52, 0, 0, D-LinkHomeHub
0, 0, 0, 1, 0, 0, 1, 0, 2920, 1, 0, 0, 0, 0, 0, 0, 0, 0, 9, 0, 2, 1, 356, 1, 5.920002887768148, D-LinkHomeHub
0, 0, 0, 1, 0, 0, 1, 0, 75, 1, 0, 0, 0, 0, 0, 0, 0, 0, 9, 0, 1, 2, 52, 0, 0, D-LinkHomeHub
0, 0, 0, 1, 0, 0, 1, 0, 61, 1, 0, 0, 0, 0, 0, 0, 0, 0, 9, 0, 1, 2, 52, 0, 0, D-LinkHomeHub
0, 0, 0, 1, 0, 0, 1, 0, 61, 1, 0, 0, 0, 0, 0, 0, 0, 0, 9, 0, 1, 2, 253, 1, 5.278030859702128, D-LinkHomeHub
0, 0, 0, 1, 0, 0, 1, 0, 3456, 1, 0, 0, 0, 0, 0, 0, 0, 0, 9, 0, 2, 1, 52, 0, 0, D-LinkHomeHub
0, 0, 0, 1, 0, 0, 1, 0, 75, 1, 0, 0, 0, 0, 0, 0, 0, 0, 9, 0, 1, 2, 545, 1, 5.974392057053963, D-LinkHomeHub
0, 0, 0, 1, 0, 0, 1, 0, 3456, 1, 0, 0, 0, 0, 0, 0, 0, 0, 9, 0, 2, 1, 52, 0, 0, D-LinkHomeHub
0, 0, 0, 0, 0, 0, 0, 0, 0, 0, 0, 0, 0, 0, 0, 0, 0, 0, 9, 0, 0, 0, 1, 0, 0, D-LinkHomeHub
0, 0, 0, 1, 0, 0, 1, 0, 3456, 1, 0, 0, 0, 0, 0, 0, 0, 0, 9, 0, 2, 1, 52, 0, 0, D-LinkHomeHub
0, 0, 0, 1, 0, 0, 1, 0, 75, 1, 0, 0, 0, 0, 0, 0, 0, 0, 9, 0, 1, 2, 52, 0, 0, D-LinkHomeHub
0, 0, 0, 1, 0, 0, 1, 0, 3456, 1, 0, 0, 0, 0, 0, 0, 0, 0, 9, 0, 2, 1, 52, 0, 0, D-LinkHomeHub
0, 0, 0, 1, 0, 0, 0, 1, 0, 0, 0, 0, 0, 0, 0, 1, 0, 0, 9, 0, 2, 2, 376, 0, 0, D-LinkHomeHub
0, 0, 0, 1, 0, 0, 0, 1, 0, 0, 0, 0, 0, 0, 0, 1, 0, 0, 9, 0, 2, 2, 83, 0, 0, D-LinkHomeHub
0, 0, 0, 1, 0, 0, 1, 0, 3456, 1, 0, 0, 0, 0, 0, 0, 0, 0, 9, 0, 2, 1, 52, 0, 0, D-LinkHomeHub
0, 0, 0, 1, 0, 0, 1, 0, 61, 1, 0, 0, 0, 0, 0, 0, 0, 0, 9, 0, 1, 2, 52, 0, 0, D-LinkHomeHub
0, 0, 0, 1, 0, 0, 1, 0, 3456, 1, 0, 0, 0, 0, 0, 0, 0, 0, 9, 0, 2, 1, 52, 0, 0, D-LinkHomeHub
1, 0, 0, 0, 0, 0, 0, 0, 0, 0, 0, 0, 0, 0, 0, 0, 0, 0, 9, 0, 0, 0, 0, 0, 0, D-LinkHomeHub
1, 0, 0, 0, 0, 0, 0, 0, 0, 0, 0, 0, 0, 0, 0, 0, 0, 0, 9, 0, 0, 0, 0, 0, 0, D-LinkHomeHub
0, 0, 0, 1, 0, 0, 0, 1, 0, 0, 0, 0, 0, 0, 0, 1, 0, 0, 9, 0, 2, 2, 295, 0, 0, D-LinkHomeHub
0, 0, 0, 1, 0, 0, 0, 1, 0, 0, 0, 0, 0, 1, 0, 0, 0, 0, 10, 0, 3, 2, 254, 1, 5.4208121333436585, D-LinkHomeHub
0, 0, 0, 1, 0, 0, 0, 1, 0, 0, 0, 0, 0, 1, 0, 0, 0, 0, 10, 0, 3, 2, 254, 1, 5.4208121333436585, D-LinkHomeHub
0, 0, 0, 1, 0, 0, 0, 0, 0, 0, 0, 0, 0, 0, 0, 0, 0, 0, 10, 0, 0, 0, 48, 1, 2.625814583693912, D-LinkHomeHub
0, 0, 0, 1, 0, 0, 0, 1, 0, 0, 0, 0, 0, 1, 0, 0, 0, 0, 10, 0, 3, 2, 263, 1, 5.300069188503459, D-LinkHomeHub
0, 0, 0, 1, 0, 0, 0, 1, 0, 0, 0, 0, 0, 1, 0, 0, 0, 0, 10, 0, 3, 2, 263, 1, 5.300069188503459, D-LinkHomeHub
0, 0, 0, 1, 0, 0, 0, 1, 0, 0, 0, 0, 0, 1, 0, 0, 0, 0, 10, 0, 3, 2, 318, 1, 5.449389226608324, D-LinkHomeHub
0, 0, 0, 1, 0, 0, 0, 1, 0, 0, 0, 0, 0, 1, 0, 0, 0, 0, 10, 0, 3, 2, 318, 1, 5.449389226608324, D-LinkHomeHub
0, 0, 0, 1, 0, 0, 0, 1, 0, 0, 0, 0, 0, 1, 0, 0, 0, 0, 10, 0, 3, 2, 328, 1, 5.486983621276838, D-LinkHomeHub
0, 0, 0, 1, 0, 0, 0, 1, 0, 0, 0, 0, 0, 1, 0, 0, 0, 0, 10, 0, 3, 2, 328, 1, 5.486983621276838, D-LinkHomeHub
0, 0, 0, 1, 0, 0, 0, 1, 0, 0, 0, 0, 0, 1, 0, 0, 0, 0, 10, 0, 3, 2, 304, 1, 5.481503182055824, D-LinkHomeHub
0, 0, 0, 1, 0, 0, 0, 1, 0, 0, 0, 0, 0, 1, 0, 0, 0, 0, 10, 0, 3, 2, 304, 1, 5.481503182055824, D-LinkHomeHub
0, 0, 0, 1, 0, 0, 0, 1, 0, 0, 0, 0, 0, 1, 0, 0, 0, 0, 10, 0, 3, 2, 313, 1, 5.416407827622477, D-LinkHomeHub
0, 0, 0, 1, 0, 0, 0, 1, 0, 0, 0, 0, 0, 1, 0, 0, 0, 0, 10, 0, 3, 2, 313, 1, 5.416407827622477, D-LinkHomeHub
0, 0, 0, 1, 0, 0, 0, 1, 0, 0, 0, 0, 0, 1, 0, 0, 0, 0, 10, 0, 3, 2, 368, 1, 5.490761659988864, D-LinkHomeHub
0, 0, 0, 1, 0, 0, 0, 1, 0, 0, 0, 0, 0, 1, 0, 0, 0, 0, 10, 0, 3, 2, 368, 1, 5.490761659988864, D-LinkHomeHub
0, 0, 0, 1, 0, 0, 0, 1, 0, 0, 0, 0, 0, 1, 0, 0, 0, 0, 10, 0, 3, 2, 378, 1, 5.525772312399178, D-LinkHomeHub
0, 0, 0, 1, 0, 0, 0, 1, 0, 0, 0, 0, 0, 1, 0, 0, 0, 0, 10, 0, 3, 2, 378, 1, 5.525772312399178, D-LinkHomeHub
0, 0, 0, 0, 0, 0, 0, 0, 0, 0, 0, 0, 0, 0, 0, 0, 0, 0, 10, 0, 0, 0, 0, 0, 0, D-LinkHomeHub
0, 0, 0, 1, 0, 0, 0, 1, 0, 0, 0, 0, 0, 0, 0, 1, 0, 0, 10, 0, 2, 2, 376, 0, 0, D-LinkHomeHub
0, 0, 0, 1, 0, 0, 0, 1, 0, 0, 0, 0, 0, 0, 0, 1, 0, 0, 10, 0, 2, 2, 83, 0, 0, D-LinkHomeHub
0, 0, 0, 0, 0, 0, 0, 0, 0, 0, 0, 0, 0, 0, 0, 0, 0, 0, 10, 0, 0, 0, 1, 0, 0, D-LinkHomeHub
0, 0, 0, 1, 0, 0, 0, 0, 0, 0, 0, 0, 0, 0, 0, 0, 0, 0, 10, 0, 0, 0, 40, 1, 2.646782221599798, D-LinkHomeHub
0, 0, 0, 1, 0, 0, 0, 1, 0, 0, 0, 0, 0, 0, 1, 0, 0, 0, 10, 0, 3, 1, 63, 0, 0, D-LinkHomeHub
0, 0, 0, 1, 0, 0, 0, 1, 0, 0, 0, 0, 0, 0, 1, 0, 0, 0, 10, 0, 1, 3, 161, 0, 0, D-LinkHomeHub
0, 0, 0, 1, 0, 0, 1, 0, 5840, 0, 1, 0, 0, 0, 0, 0, 0, 0, 11, 0, 3, 1, 60, 0, 0, D-LinkHomeHub
0, 0, 0, 1, 0, 0, 1, 0, 17898, 0, 1, 0, 0, 0, 0, 0, 0, 0, 11, 0, 1, 3, 60, 0, 0, D-LinkHomeHub
0, 0, 0, 1, 0, 0, 1, 0, 2920, 0, 1, 0, 0, 0, 0, 0, 0, 0, 11, 0, 3, 1, 52, 0, 0, D-LinkHomeHub
0, 0, 0, 1, 0, 0, 1, 0, 2920, 0, 1, 0, 0, 0, 0, 0, 0, 0, 11, 0, 3, 1, 351, 1, 4.991792800630002, D-LinkHomeHub
0, 0, 0, 1, 0, 0, 1, 0, 75, 0, 1, 0, 0, 0, 0, 0, 0, 0, 11, 0, 1, 3, 52, 0, 0, D-LinkHomeHub
0, 0, 0, 1, 0, 0, 1, 0, 75, 0, 1, 0, 0, 0, 0, 0, 0, 0, 11, 0, 1, 3, 1420, 1, 7.141037740386932, D-LinkHomeHub
0, 0, 0, 1, 0, 0, 1, 0, 75, 0, 1, 0, 0, 0, 0, 0, 0, 0, 11, 0, 1, 3, 1420, 1, 7.246205454900595, D-LinkHomeHub
0, 0, 0, 1, 0, 0, 1, 0, 75, 0, 1, 0, 0, 0, 0, 0, 0, 0, 11, 0, 1, 3, 1135, 1, 7.669752803840167, D-LinkHomeHub
0, 0, 0, 1, 0, 0, 1, 0, 4288, 0, 1, 0, 0, 0, 0, 0, 0, 0, 11, 0, 3, 1, 52, 0, 0, D-LinkHomeHub
0, 0, 0, 1, 0, 0, 1, 0, 5656, 0, 1, 0, 0, 0, 0, 0, 0, 0, 11, 0, 3, 1, 52, 0, 0, D-LinkHomeHub
0, 0, 0, 1, 0, 0, 1, 0, 7024, 0, 1, 0, 0, 0, 0, 0, 0, 0, 11, 0, 3, 1, 52, 0, 0, D-LinkHomeHub
0, 0, 0, 1, 0, 0, 1, 0, 7024, 0, 1, 0, 0, 0, 0, 0, 0, 0, 11, 0, 3, 1, 178, 1, 6.315501526791556, D-LinkHomeHub
0, 0, 0, 1, 0, 0, 1, 0, 75, 0, 1, 0, 0, 0, 0, 0, 0, 0, 11, 0, 1, 3, 278, 1, 6.962090242123452, D-LinkHomeHub
0, 0, 0, 1, 0, 0, 1, 0, 7024, 0, 1, 0, 0, 0, 0, 0, 0, 0, 11, 0, 3, 1, 52, 0, 0, D-LinkHomeHub
0, 0, 0, 1, 0, 0, 1, 0, 7024, 0, 1, 0, 0, 0, 0, 0, 0, 0, 11, 0, 3, 1, 508, 1, 7.589253050500296, D-LinkHomeHub
0, 0, 0, 1, 0, 0, 1, 0, 79, 0, 1, 0, 0, 0, 0, 0, 0, 0, 11, 0, 1, 3, 52, 0, 0, D-LinkHomeHub
0, 0, 0, 1, 0, 0, 1, 0, 79, 0, 1, 0, 0, 0, 0, 0, 0, 0, 11, 0, 1, 3, 345, 1, 7.1574098104032196, D-LinkHomeHub
0, 0, 0, 1, 0, 0, 1, 0, 79, 0, 1, 0, 0, 0, 0, 0, 0, 0, 11, 0, 1, 3, 83, 1, 4.825164052322361, D-LinkHomeHub
0, 0, 0, 1, 0, 0, 1, 0, 7024, 0, 1, 0, 0, 0, 0, 0, 0, 0, 11, 0, 3, 1, 52, 0, 0, D-LinkHomeHub
0, 0, 0, 1, 0, 0, 1, 0, 7024, 0, 1, 0, 0, 0, 0, 0, 0, 0, 11, 0, 3, 1, 52, 0, 0, D-LinkHomeHub
0, 0, 0, 1, 0, 0, 1, 0, 5840, 0, 1, 0, 0, 0, 0, 0, 0, 0, 11, 0, 3, 1, 60, 0, 0, D-LinkHomeHub
0, 0, 0, 1, 0, 0, 1, 0, 17898, 0, 1, 0, 0, 0, 0, 0, 0, 0, 11, 0, 1, 3, 60, 0, 0, D-LinkHomeHub
0, 0, 0, 1, 0, 0, 1, 0, 2920, 0, 1, 0, 0, 0, 0, 0, 0, 0, 11, 0, 3, 1, 52, 0, 0, D-LinkHomeHub
0, 0, 0, 1, 0, 0, 1, 0, 2920, 0, 1, 0, 0, 0, 0, 0, 0, 0, 11, 0, 3, 1, 543, 1, 6.411318191708315, D-LinkHomeHub
0, 0, 0, 1, 0, 0, 1, 0, 75, 0, 1, 0, 0, 0, 0, 0, 0, 0, 11, 0, 1, 3, 52, 0, 0, D-LinkHomeHub
0, 0, 0, 1, 0, 0, 1, 0, 75, 0, 1, 0, 0, 0, 0, 0, 0, 0, 11, 0, 1, 3, 189, 1, 6.274718305446129, D-LinkHomeHub
0, 0, 0, 1, 0, 0, 1, 0, 2920, 0, 1, 0, 0, 0, 0, 0, 0, 0, 11, 0, 3, 1, 52, 0, 0, D-LinkHomeHub
0, 0, 0, 1, 0, 0, 1, 0, 2920, 0, 1, 0, 0, 0, 0, 0, 0, 0, 11, 0, 3, 1, 103, 1, 5.108604018399666, D-LinkHomeHub
0, 0, 0, 1, 0, 0, 1, 0, 75, 0, 1, 0, 0, 0, 0, 0, 0, 0, 11, 0, 1, 3, 52, 0, 0, D-LinkHomeHub
0, 0, 0, 1, 0, 0, 1, 0, 2920, 0, 1, 0, 0, 0, 0, 0, 0, 0, 11, 0, 3, 1, 410, 1, 7.4723870942950885, D-LinkHomeHub
0, 0, 0, 1, 0, 0, 1, 0, 79, 0, 1, 0, 0, 0, 0, 0, 0, 0, 11, 0, 1, 3, 52, 0, 0, D-LinkHomeHub
0, 0, 0, 1, 0, 0, 1, 0, 79, 0, 1, 0, 0, 0, 0, 0, 0, 0, 11, 0, 1, 3, 362, 1, 7.333810534138996, D-LinkHomeHub
0, 0, 0, 1, 0, 0, 1, 0, 79, 0, 1, 0, 0, 0, 0, 0, 0, 0, 11, 0, 1, 3, 83, 1, 4.825164052322361, D-LinkHomeHub
0, 0, 0, 1, 0, 0, 1, 0, 3456, 0, 1, 0, 0, 0, 0, 0, 0, 0, 11, 0, 3, 1, 52, 0, 0, D-LinkHomeHub
0, 0, 0, 1, 0, 0, 1, 0, 5840, 0, 1, 0, 0, 0, 0, 0, 0, 0, 11, 0, 3, 1, 60, 0, 0, D-LinkHomeHub
0, 0, 0, 1, 0, 0, 1, 0, 17898, 0, 1, 0, 0, 0, 0, 0, 0, 0, 11, 0, 1, 3, 60, 0, 0, D-LinkHomeHub
0, 0, 0, 1, 0, 0, 1, 0, 2920, 0, 1, 0, 0, 0, 0, 0, 0, 0, 11, 0, 3, 1, 52, 0, 0, D-LinkHomeHub
0, 0, 0, 1, 0, 0, 1, 0, 2920, 0, 1, 0, 0, 0, 0, 0, 0, 0, 11, 0, 3, 1, 543, 1, 6.38977961191589, D-LinkHomeHub
0, 0, 0, 1, 0, 0, 1, 0, 75, 0, 1, 0, 0, 0, 0, 0, 0, 0, 11, 0, 1, 3, 52, 0, 0, D-LinkHomeHub
0, 0, 0, 1, 0, 0, 1, 0, 75, 0, 1, 0, 0, 0, 0, 0, 0, 0, 11, 0, 1, 3, 189, 1, 6.373803754866548, D-LinkHomeHub
0, 0, 0, 1, 0, 0, 1, 0, 2920, 0, 1, 0, 0, 0, 0, 0, 0, 0, 11, 0, 3, 1, 52, 0, 0, D-LinkHomeHub
0, 0, 0, 1, 0, 0, 1, 0, 2920, 0, 1, 0, 0, 0, 0, 0, 0, 0, 11, 0, 3, 1, 103, 1, 5.2410527929518915, D-LinkHomeHub
0, 0, 0, 1, 0, 0, 1, 0, 75, 0, 1, 0, 0, 0, 0, 0, 0, 0, 11, 0, 1, 3, 52, 0, 0, D-LinkHomeHub
0, 0, 0, 1, 0, 0, 1, 0, 2920, 0, 1, 0, 0, 0, 0, 0, 0, 0, 11, 0, 3, 1, 1204, 1, 7.8076564567464635, D-LinkHomeHub
0, 0, 0, 1, 0, 0, 1, 0, 84, 0, 1, 0, 0, 0, 0, 0, 0, 0, 11, 0, 1, 3, 52, 0, 0, D-LinkHomeHub
0, 0, 0, 1, 0, 0, 1, 0, 84, 0, 1, 0, 0, 0, 0, 0, 0, 0, 11, 0, 1, 3, 248, 1, 6.8925217062497195, D-LinkHomeHub
0, 0, 0, 1, 0, 0, 1, 0, 3456, 0, 1, 0, 0, 0, 0, 0, 0, 0, 11, 0, 3, 1, 52, 0, 0, D-LinkHomeHub
0, 0, 0, 1, 0, 0, 1, 0, 84, 0, 1, 0, 0, 0, 0, 0, 0, 0, 11, 0, 1, 3, 83, 1, 4.631615665225586, D-LinkHomeHub
0, 0, 0, 1, 0, 0, 1, 0, 84, 0, 1, 0, 0, 0, 0, 0, 0, 0, 11, 0, 1, 3, 52, 0, 0, D-LinkHomeHub
0, 0, 0, 1, 0, 0, 1, 0, 0, 0, 1, 0, 0, 0, 0, 0, 0, 0, 11, 0, 3, 1, 40, 0, 0, D-LinkHomeHub
0, 0, 0, 1, 0, 0, 1, 0, 0, 0, 1, 0, 0, 0, 0, 0, 0, 0, 11, 0, 3, 1, 40, 0, 0, D-LinkHomeHub
0, 0, 0, 1, 0, 0, 0, 1, 0, 0, 0, 0, 0, 0, 0, 1, 0, 0, 11, 0, 2, 2, 339, 0, 0, D-LinkHomeHub
0, 0, 0, 1, 0, 0, 0, 1, 0, 0, 0, 0, 0, 0, 0, 1, 0, 0, 11, 0, 2, 2, 83, 0, 0, D-LinkHomeHub
0, 0, 0, 1, 0, 0, 1, 0, 5840, 0, 1, 0, 0, 0, 0, 0, 0, 0, 11, 0, 3, 1, 60, 0, 0, D-LinkHomeHub
0, 0, 0, 1, 0, 0, 1, 0, 17898, 0, 1, 0, 0, 0, 0, 0, 0, 0, 11, 0, 1, 3, 60, 0, 0, D-LinkHomeHub
0, 0, 0, 1, 0, 0, 1, 0, 2920, 0, 1, 0, 0, 0, 0, 0, 0, 0, 11, 0, 3, 1, 52, 0, 0, D-LinkHomeHub
0, 0, 0, 1, 0, 0, 1, 0, 2920, 0, 1, 0, 0, 0, 0, 0, 0, 0, 11, 0, 3, 1, 543, 1, 6.404440017139709, D-LinkHomeHub
0, 0, 0, 1, 0, 0, 1, 0, 75, 0, 1, 0, 0, 0, 0, 0, 0, 0, 11, 0, 1, 3, 52, 0, 0, D-LinkHomeHub
0, 0, 0, 1, 0, 0, 1, 0, 75, 0, 1, 0, 0, 0, 0, 0, 0, 0, 11, 0, 1, 3, 189, 1, 6.2389967507776545, D-LinkHomeHub
0, 0, 0, 1, 0, 0, 1, 0, 2920, 0, 1, 0, 0, 0, 0, 0, 0, 0, 11, 0, 3, 1, 52, 0, 0, D-LinkHomeHub
0, 0, 0, 1, 0, 0, 1, 0, 2920, 0, 1, 0, 0, 0, 0, 0, 0, 0, 11, 0, 3, 1, 103, 1, 5.280268479226401, D-LinkHomeHub
0, 0, 0, 1, 0, 0, 1, 0, 75, 0, 1, 0, 0, 0, 0, 0, 0, 0, 11, 0, 1, 3, 52, 0, 0, D-LinkHomeHub
0, 0, 0, 1, 0, 0, 1, 0, 2920, 0, 1, 0, 0, 0, 0, 0, 0, 0, 11, 0, 3, 1, 408, 1, 7.427388251242463, D-LinkHomeHub
0, 0, 0, 1, 0, 0, 1, 0, 79, 0, 1, 0, 0, 0, 0, 0, 0, 0, 11, 0, 1, 3, 52, 0, 0, D-LinkHomeHub
0, 0, 0, 1, 0, 0, 1, 0, 79, 0, 1, 0, 0, 0, 0, 0, 0, 0, 11, 0, 1, 3, 362, 1, 7.269377732684041, D-LinkHomeHub
0, 0, 0, 1, 0, 0, 1, 0, 79, 0, 1, 0, 0, 0, 0, 0, 0, 0, 11, 0, 1, 3, 83, 1, 4.889680181354619, D-LinkHomeHub
0, 0, 0, 1, 0, 0, 1, 0, 3456, 0, 1, 0, 0, 0, 0, 0, 0, 0, 11, 0, 3, 1, 52, 0, 0, D-LinkHomeHub
0, 0, 0, 1, 0, 0, 1, 0, 5840, 0, 1, 0, 0, 0, 0, 0, 0, 0, 11, 0, 3, 1, 60, 0, 0, D-LinkHomeHub
0, 0, 0, 1, 0, 0, 1, 0, 17898, 0, 1, 0, 0, 0, 0, 0, 0, 0, 11, 0, 1, 3, 60, 0, 0, D-LinkHomeHub
0, 0, 0, 1, 0, 0, 1, 0, 2920, 0, 1, 0, 0, 0, 0, 0, 0, 0, 11, 0, 3, 1, 52, 0, 0, D-LinkHomeHub
0, 0, 0, 1, 0, 0, 1, 0, 2920, 0, 1, 0, 0, 0, 0, 0, 0, 0, 11, 0, 3, 1, 543, 1, 6.402390932298411, D-LinkHomeHub
0, 0, 0, 1, 0, 0, 1, 0, 75, 0, 1, 0, 0, 0, 0, 0, 0, 0, 11, 0, 1, 3, 52, 0, 0, D-LinkHomeHub
0, 0, 0, 1, 0, 0, 1, 0, 75, 0, 1, 0, 0, 0, 0, 0, 0, 0, 11, 0, 1, 3, 189, 1, 6.205777842394623, D-LinkHomeHub
0, 0, 0, 1, 0, 0, 1, 0, 2920, 0, 1, 0, 0, 0, 0, 0, 0, 0, 11, 0, 3, 1, 52, 0, 0, D-LinkHomeHub
0, 0, 0, 1, 0, 0, 1, 0, 2920, 0, 1, 0, 0, 0, 0, 0, 0, 0, 11, 0, 3, 1, 103, 1, 5.358699851775421, D-LinkHomeHub
0, 0, 0, 1, 0, 0, 1, 0, 75, 0, 1, 0, 0, 0, 0, 0, 0, 0, 11, 0, 1, 3, 52, 0, 0, D-LinkHomeHub
0, 0, 0, 1, 0, 0, 1, 0, 2920, 0, 1, 0, 0, 0, 0, 0, 0, 0, 11, 0, 3, 1, 973, 1, 7.819335072171646, D-LinkHomeHub
0, 0, 0, 1, 0, 0, 1, 0, 82, 0, 1, 0, 0, 0, 0, 0, 0, 0, 11, 0, 1, 3, 52, 0, 0, D-LinkHomeHub
0, 0, 0, 1, 0, 0, 1, 0, 82, 0, 1, 0, 0, 0, 0, 0, 0, 0, 11, 0, 1, 3, 248, 1, 6.965300596588958, D-LinkHomeHub
0, 0, 0, 1, 0, 0, 1, 0, 3456, 0, 1, 0, 0, 0, 0, 0, 0, 0, 11, 0, 3, 1, 52, 0, 0, D-LinkHomeHub
0, 0, 0, 1, 0, 0, 1, 0, 82, 0, 1, 0, 0, 0, 0, 0, 0, 0, 11, 0, 1, 3, 83, 1, 4.889680181354619, D-LinkHomeHub
0, 0, 0, 1, 0, 0, 1, 0, 82, 0, 1, 0, 0, 0, 0, 0, 0, 0, 11, 0, 1, 3, 52, 0, 0, D-LinkHomeHub
0, 0, 0, 1, 0, 0, 1, 0, 0, 0, 1, 0, 0, 0, 0, 0, 0, 0, 11, 0, 3, 1, 40, 0, 0, D-LinkHomeHub
0, 0, 0, 1, 0, 0, 1, 0, 0, 0, 1, 0, 0, 0, 0, 0, 0, 0, 11, 0, 3, 1, 40, 0, 0, D-LinkHomeHub
0, 0, 0, 1, 0, 0, 0, 1, 0, 0, 0, 0, 0, 0, 0, 1, 0, 0, 11, 0, 2, 2, 577, 0, 0, D-LinkHomeHub
0, 0, 0, 0, 0, 0, 0, 0, 0, 0, 0, 0, 0, 0, 0, 0, 0, 0, 11, 0, 0, 0, 0, 0, 0, D-LinkHomeHub
0, 0, 0, 1, 0, 0, 0, 1, 0, 0, 0, 0, 0, 1, 0, 0, 0, 0, 11, 0, 3, 2, 254, 1, 5.4208121333436585, D-LinkHomeHub
0, 0, 0, 1, 0, 0, 0, 1, 0, 0, 0, 0, 0, 1, 0, 0, 0, 0, 11, 0, 3, 2, 254, 1, 5.4208121333436585, D-LinkHomeHub
0, 0, 0, 1, 0, 0, 0, 1, 0, 0, 0, 0, 0, 1, 0, 0, 0, 0, 11, 0, 3, 2, 263, 1, 5.300069188503459, D-LinkHomeHub
0, 0, 0, 1, 0, 0, 0, 1, 0, 0, 0, 0, 0, 1, 0, 0, 0, 0, 11, 0, 3, 2, 263, 1, 5.300069188503459, D-LinkHomeHub
0, 0, 0, 1, 0, 0, 0, 1, 0, 0, 0, 0, 0, 1, 0, 0, 0, 0, 11, 0, 3, 2, 318, 1, 5.449389226608324, D-LinkHomeHub
0, 0, 0, 1, 0, 0, 0, 1, 0, 0, 0, 0, 0, 1, 0, 0, 0, 0, 11, 0, 3, 2, 318, 1, 5.449389226608324, D-LinkHomeHub
0, 0, 0, 1, 0, 0, 0, 1, 0, 0, 0, 0, 0, 1, 0, 0, 0, 0, 11, 0, 3, 2, 328, 1, 5.486983621276838, D-LinkHomeHub
0, 0, 0, 1, 0, 0, 0, 1, 0, 0, 0, 0, 0, 1, 0, 0, 0, 0, 11, 0, 3, 2, 328, 1, 5.486983621276838, D-LinkHomeHub
0, 0, 0, 1, 0, 0, 0, 0, 0, 0, 0, 0, 0, 0, 0, 0, 0, 0, 11, 0, 0, 0, 56, 1, 2.4535353655857572, D-LinkHomeHub
0, 0, 0, 0, 0, 0, 0, 0, 0, 0, 0, 0, 0, 0, 0, 0, 0, 0, 11, 0, 0, 0, 0, 0, 0, D-LinkHomeHub
0, 0, 0, 0, 0, 0, 0, 0, 0, 0, 0, 0, 0, 0, 0, 0, 0, 0, 11, 0, 0, 0, 0, 0, 0, D-LinkHomeHub
0, 0, 0, 0, 0, 0, 0, 0, 0, 0, 0, 0, 0, 0, 0, 0, 0, 0, 11, 0, 0, 0, 0, 0, 0, D-LinkHomeHub
0, 0, 0, 1, 0, 0, 0, 1, 0, 0, 0, 1, 1, 0, 0, 0, 0, 0, 11, 0, 1, 1, 337, 0, 0, D-LinkHomeHub
0, 0, 0, 1, 0, 0, 0, 1, 0, 0, 0, 1, 1, 0, 0, 0, 0, 0, 11, 0, 1, 1, 328, 0, 0, D-LinkHomeHub
0, 0, 0, 1, 0, 0, 0, 1, 0, 0, 0, 1, 1, 0, 0, 0, 0, 0, 11, 0, 1, 1, 349, 0, 0, D-LinkHomeHub
0, 0, 0, 1, 0, 0, 0, 1, 0, 0, 0, 1, 1, 0, 0, 0, 0, 0, 11, 0, 1, 1, 334, 0, 0, D-LinkHomeHub
1, 0, 0, 0, 0, 0, 0, 0, 0, 0, 0, 0, 0, 0, 0, 0, 0, 0, 11, 0, 0, 0, 0, 0, 0, D-LinkHomeHub
1, 0, 0, 0, 0, 0, 0, 0, 0, 0, 0, 0, 0, 0, 0, 0, 0, 0, 11, 0, 0, 0, 0, 0, 0, D-LinkHomeHub
0, 0, 0, 1, 0, 0, 0, 1, 0, 0, 0, 0, 0, 0, 1, 0, 0, 0, 11, 0, 2, 1, 60, 0, 0, D-LinkHomeHub
0, 0, 0, 1, 0, 0, 0, 1, 0, 0, 0, 0, 0, 0, 1, 0, 0, 0, 11, 0, 1, 2, 92, 0, 0, D-LinkHomeHub
0, 0, 0, 1, 0, 0, 0, 1, 0, 0, 0, 0, 0, 0, 0, 0, 1, 0, 12, 0, 2, 1, 76, 0, 0, D-LinkHomeHub
0, 0, 0, 0, 0, 0, 0, 0, 0, 0, 0, 0, 0, 0, 0, 0, 0, 0, 12, 0, 0, 0, 1, 0, 0, D-LinkHomeHub
0, 0, 0, 1, 0, 0, 0, 1, 0, 0, 0, 0, 0, 0, 0, 0, 1, 0, 12, 0, 1, 2, 76, 0, 0, D-LinkHomeHub
0, 0, 0, 1, 0, 0, 0, 0, 0, 0, 0, 0, 0, 0, 0, 0, 0, 0, 12, 0, 0, 0, 40, 1, 2.216917186688699, D-LinkHomeHub
0, 0, 0, 1, 0, 0, 0, 1, 0, 0, 0, 0, 0, 0, 0, 1, 0, 0, 12, 0, 2, 2, 319, 0, 0, D-LinkHomeHub
0, 0, 0, 1, 0, 0, 0, 1, 0, 0, 0, 0, 0, 0, 0, 1, 0, 0, 12, 0, 2, 2, 319, 0, 0, D-LinkHomeHub
0, 0, 0, 1, 0, 0, 0, 1, 0, 0, 0, 0, 0, 0, 0, 1, 0, 0, 12, 0, 2, 2, 319, 0, 0, D-LinkHomeHub
0, 0, 0, 1, 0, 0, 0, 1, 0, 0, 0, 0, 0, 0, 0, 1, 0, 0, 12, 0, 2, 2, 295, 0, 0, D-LinkHomeHub
0, 0, 0, 1, 0, 0, 0, 1, 0, 0, 0, 0, 0, 0, 0, 1, 0, 0, 12, 0, 2, 2, 285, 0, 0, D-LinkHomeHub
0, 0, 0, 0, 0, 0, 0, 0, 0, 0, 0, 0, 0, 0, 0, 0, 0, 0, 12, 0, 0, 0, 0, 0, 0, D-LinkHomeHub
0, 0, 0, 1, 0, 0, 0, 0, 0, 0, 0, 0, 0, 0, 0, 0, 0, 0, 12, 0, 0, 0, 48, 1, 2.197338796187554, D-LinkHomeHub
0, 0, 0, 0, 0, 0, 0, 0, 0, 0, 0, 0, 0, 0, 0, 0, 0, 0, 12, 0, 0, 0, 1, 0, 0, D-LinkHomeHub
0, 0, 0, 1, 0, 0, 0, 1, 0, 0, 0, 0, 0, 0, 0, 1, 0, 0, 12, 0, 2, 2, 285, 0, 0, D-LinkHomeHub
0, 0, 0, 1, 0, 0, 0, 1, 0, 0, 0, 0, 0, 0, 0, 1, 0, 0, 12, 0, 2, 2, 63, 0, 0, D-LinkHomeHub
0, 0, 0, 1, 0, 0, 0, 1, 0, 0, 0, 0, 0, 0, 0, 1, 0, 0, 12, 0, 2, 2, 91, 0, 0, D-LinkHomeHub
0, 0, 0, 1, 0, 0, 0, 1, 0, 0, 0, 0, 0, 0, 0, 1, 0, 0, 12, 0, 2, 2, 83, 0, 0, D-LinkHomeHub
0, 0, 0, 1, 0, 0, 0, 1, 0, 0, 0, 0, 0, 0, 0, 1, 0, 0, 12, 0, 2, 2, 285, 0, 0, D-LinkHomeHub
0, 0, 0, 1, 0, 0, 0, 1, 0, 0, 0, 0, 0, 0, 1, 0, 0, 0, 12, 0, 3, 1, 60, 0, 0, D-LinkHomeHub
0, 0, 0, 1, 0, 0, 0, 1, 0, 0, 0, 0, 0, 0, 1, 0, 0, 0, 12, 0, 1, 3, 381, 0, 0, D-LinkHomeHub
0, 0, 0, 1, 0, 0, 0, 1, 0, 0, 0, 0, 0, 0, 1, 0, 0, 0, 12, 0, 2, 1, 99, 0, 0, D-LinkHomeHub
0, 0, 0, 1, 0, 0, 0, 1, 0, 0, 0, 0, 0, 0, 1, 0, 0, 0, 12, 0, 1, 2, 155, 0, 0, D-LinkHomeHub
0, 0, 0, 1, 0, 0, 0, 1, 0, 0, 0, 0, 0, 0, 1, 0, 0, 0, 12, 0, 3, 1, 60, 0, 0, D-LinkHomeHub
0, 0, 0, 1, 0, 0, 0, 1, 0, 0, 0, 0, 0, 0, 1, 0, 0, 0, 12, 0, 1, 3, 357, 0, 0, D-LinkHomeHub
0, 0, 0, 1, 0, 0, 1, 0, 5840, 1, 0, 0, 0, 0, 0, 0, 0, 0, 12, 0, 3, 1, 60, 0, 0, D-LinkHomeHub
0, 0, 0, 1, 0, 0, 0, 1, 0, 0, 0, 0, 0, 0, 0, 1, 0, 0, 12, 0, 2, 2, 360, 0, 0, D-LinkHomeHub
0, 0, 0, 1, 0, 0, 1, 0, 14480, 1, 0, 0, 0, 0, 0, 0, 0, 0, 12, 0, 1, 3, 60, 0, 0, D-LinkHomeHub
0, 0, 0, 1, 0, 0, 1, 0, 2920, 1, 0, 0, 0, 0, 0, 0, 0, 0, 12, 0, 3, 1, 52, 0, 0, D-LinkHomeHub
0, 0, 0, 1, 0, 0, 1, 0, 2920, 1, 0, 0, 0, 0, 0, 0, 0, 0, 12, 0, 3, 1, 189, 1, 5.364730783545417, D-LinkHomeHub
0, 0, 0, 1, 0, 0, 0, 1, 0, 0, 0, 0, 0, 0, 0, 1, 0, 0, 12, 0, 2, 2, 251, 0, 0, D-LinkHomeHub
0, 0, 0, 1, 0, 0, 1, 0, 61, 1, 0, 0, 0, 0, 0, 0, 0, 0, 12, 0, 1, 3, 52, 0, 0, D-LinkHomeHub
0, 0, 0, 1, 0, 0, 1, 0, 61, 1, 0, 0, 0, 0, 0, 0, 0, 0, 12, 0, 1, 3, 253, 1, 5.291239924538217, D-LinkHomeHub
0, 0, 0, 1, 0, 0, 1, 0, 3456, 1, 0, 0, 0, 0, 0, 0, 0, 0, 12, 0, 3, 1, 52, 0, 0, D-LinkHomeHub
0, 0, 0, 0, 0, 0, 0, 0, 0, 0, 0, 0, 0, 0, 0, 0, 0, 0, 12, 0, 0, 0, 0, 0, 0, D-LinkHomeHub
0, 0, 0, 0, 0, 0, 0, 0, 0, 0, 0, 0, 0, 0, 0, 0, 0, 0, 12, 0, 0, 0, 1, 0, 0, D-LinkHomeHub
0, 0, 0, 1, 0, 0, 0, 1, 0, 0, 0, 0, 0, 0, 0, 1, 0, 0, 12, 0, 2, 2, 374, 0, 0, D-LinkHomeHub
0, 0, 0, 1, 0, 0, 0, 1, 0, 0, 0, 0, 0, 0, 0, 1, 0, 0, 12, 0, 2, 2, 83, 0, 0, D-LinkHomeHub
0, 0, 0, 1, 0, 0, 1, 0, 3456, 1, 0, 0, 0, 0, 0, 0, 0, 0, 12, 0, 3, 1, 52, 0, 0, D-LinkHomeHub
0, 0, 0, 1, 0, 0, 1, 0, 61, 1, 0, 0, 0, 0, 0, 0, 0, 0, 12, 0, 1, 3, 52, 0, 0, D-LinkHomeHub
0, 0, 0, 1, 0, 0, 1, 0, 3456, 1, 0, 0, 0, 0, 0, 0, 0, 0, 12, 0, 3, 1, 52, 0, 0, D-LinkHomeHub
1, 0, 0, 0, 0, 0, 0, 0, 0, 0, 0, 0, 0, 0, 0, 0, 0, 0, 12, 0, 0, 0, 0, 0, 0, D-LinkHomeHub
1, 0, 0, 0, 0, 0, 0, 0, 0, 0, 0, 0, 0, 0, 0, 0, 0, 0, 12, 0, 0, 0, 0, 0, 0, D-LinkHomeHub
0, 0, 0, 1, 0, 0, 0, 1, 0, 0, 0, 0, 0, 0, 0, 1, 0, 0, 12, 0, 2, 2, 295, 0, 0, D-LinkHomeHub
0, 0, 0, 1, 0, 0, 0, 1, 0, 0, 0, 0, 0, 0, 0, 1, 0, 0, 12, 0, 2, 2, 374, 0, 0, D-LinkHomeHub
0, 0, 0, 1, 0, 0, 0, 1, 0, 0, 0, 0, 0, 0, 0, 1, 0, 0, 12, 0, 2, 2, 83, 0, 0, D-LinkHomeHub
0, 0, 0, 1, 0, 0, 0, 1, 0, 0, 0, 0, 0, 1, 0, 0, 0, 0, 12, 0, 2, 2, 254, 1, 5.4208121333436585, D-LinkHomeHub
0, 0, 0, 1, 0, 0, 0, 1, 0, 0, 0, 0, 0, 1, 0, 0, 0, 0, 12, 0, 2, 2, 254, 1, 5.4208121333436585, D-LinkHomeHub
0, 0, 0, 1, 0, 0, 0, 1, 0, 0, 0, 0, 0, 1, 0, 0, 0, 0, 12, 0, 2, 2, 263, 1, 5.300069188503459, D-LinkHomeHub
0, 0, 0, 1, 0, 0, 0, 0, 0, 0, 0, 0, 0, 0, 0, 0, 0, 0, 12, 0, 0, 0, 48, 1, 2.625814583693912, D-LinkHomeHub
0, 0, 0, 1, 0, 0, 0, 1, 0, 0, 0, 0, 0, 1, 0, 0, 0, 0, 12, 0, 2, 2, 263, 1, 5.300069188503459, D-LinkHomeHub
0, 0, 0, 1, 0, 0, 0, 1, 0, 0, 0, 0, 0, 1, 0, 0, 0, 0, 12, 0, 2, 2, 318, 1, 5.449389226608324, D-LinkHomeHub
0, 0, 0, 1, 0, 0, 0, 1, 0, 0, 0, 0, 0, 1, 0, 0, 0, 0, 12, 0, 2, 2, 318, 1, 5.449389226608324, D-LinkHomeHub
0, 0, 0, 1, 0, 0, 0, 1, 0, 0, 0, 0, 0, 1, 0, 0, 0, 0, 12, 0, 2, 2, 328, 1, 5.486983621276838, D-LinkHomeHub
0, 0, 0, 1, 0, 0, 0, 1, 0, 0, 0, 0, 0, 1, 0, 0, 0, 0, 12, 0, 2, 2, 328, 1, 5.486983621276838, D-LinkHomeHub
0, 0, 0, 1, 0, 0, 0, 1, 0, 0, 0, 0, 0, 1, 0, 0, 0, 0, 12, 0, 2, 2, 304, 1, 5.481503182055824, D-LinkHomeHub
0, 0, 0, 1, 0, 0, 0, 1, 0, 0, 0, 0, 0, 1, 0, 0, 0, 0, 12, 0, 2, 2, 304, 1, 5.481503182055824, D-LinkHomeHub
0, 0, 0, 1, 0, 0, 0, 1, 0, 0, 0, 0, 0, 1, 0, 0, 0, 0, 12, 0, 2, 2, 313, 1, 5.416407827622477, D-LinkHomeHub
0, 0, 0, 1, 0, 0, 0, 1, 0, 0, 0, 0, 0, 1, 0, 0, 0, 0, 12, 0, 2, 2, 313, 1, 5.416407827622477, D-LinkHomeHub
0, 0, 0, 1, 0, 0, 0, 1, 0, 0, 0, 0, 0, 1, 0, 0, 0, 0, 12, 0, 2, 2, 368, 1, 5.490761659988864, D-LinkHomeHub
0, 0, 0, 1, 0, 0, 0, 1, 0, 0, 0, 0, 0, 1, 0, 0, 0, 0, 12, 0, 2, 2, 368, 1, 5.490761659988864, D-LinkHomeHub
0, 0, 0, 1, 0, 0, 0, 1, 0, 0, 0, 0, 0, 1, 0, 0, 0, 0, 12, 0, 2, 2, 378, 1, 5.525772312399178, D-LinkHomeHub
0, 0, 0, 1, 0, 0, 0, 1, 0, 0, 0, 0, 0, 1, 0, 0, 0, 0, 12, 0, 2, 2, 378, 1, 5.525772312399178, D-LinkHomeHub
0, 0, 0, 0, 0, 0, 0, 0, 0, 0, 0, 0, 0, 0, 0, 0, 0, 0, 12, 0, 0, 0, 1, 0, 0, D-LinkHomeHub
0, 0, 0, 1, 0, 0, 0, 1, 0, 0, 0, 0, 0, 0, 1, 0, 0, 0, 12, 0, 3, 1, 60, 0, 0, D-LinkHomeHub
0, 0, 0, 1, 0, 0, 0, 1, 0, 0, 0, 0, 0, 0, 1, 0, 0, 0, 12, 0, 1, 3, 92, 0, 0, D-LinkHomeHub
0, 0, 0, 1, 0, 0, 0, 1, 0, 0, 0, 0, 0, 0, 0, 0, 1, 0, 12, 0, 3, 1, 76, 0, 0, D-LinkHomeHub
0, 0, 0, 1, 0, 0, 0, 1, 0, 0, 0, 0, 0, 0, 0, 0, 1, 0, 12, 0, 1, 3, 76, 0, 0, D-LinkHomeHub
0, 0, 0, 1, 0, 0, 0, 1, 0, 0, 0, 0, 0, 0, 0, 1, 0, 0, 12, 0, 2, 2, 337, 0, 0, D-LinkHomeHub
0, 0, 0, 1, 0, 0, 0, 1, 0, 0, 0, 0, 0, 0, 0, 1, 0, 0, 12, 0, 2, 2, 83, 0, 0, D-LinkHomeHub
0, 0, 0, 0, 0, 0, 0, 0, 0, 0, 0, 0, 0, 0, 0, 0, 0, 0, 12, 0, 0, 0, 0, 0, 0, D-LinkHomeHub
0, 0, 0, 1, 0, 0, 0, 0, 0, 0, 0, 0, 0, 0, 0, 0, 0, 0, 12, 0, 0, 0, 40, 1, 2.646782221599798, D-LinkHomeHub
0, 0, 0, 1, 0, 0, 1, 0, 863, 1, 0, 0, 0, 0, 0, 0, 0, 0, 12, 0, 2, 1, 52, 0, 0, D-LinkHomeHub
0, 0, 0, 1, 0, 0, 1, 0, 65535, 1, 0, 0, 0, 0, 0, 0, 0, 0, 12, 0, 3, 1, 60, 0, 0, D-LinkHomeHub
1, 0, 0, 0, 0, 0, 0, 0, 0, 0, 0, 0, 0, 0, 0, 0, 0, 0, 12, 0, 0, 0, 0, 0, 0, D-LinkHomeHub
1, 0, 0, 0, 0, 0, 0, 0, 0, 0, 0, 0, 0, 0, 0, 0, 0, 0, 12, 0, 0, 0, 0, 0, 0, D-LinkHomeHub
0, 0, 0, 1, 0, 0, 1, 0, 0, 1, 0, 0, 0, 0, 0, 0, 0, 0, 13, 0, 1, 2, 40, 0, 0, D-LinkHomeHub
0, 0, 0, 1, 0, 0, 1, 0, 5792, 1, 0, 0, 0, 0, 0, 0, 0, 0, 13, 0, 1, 3, 60, 0, 0, D-LinkHomeHub
0, 0, 0, 1, 0, 0, 1, 0, 685, 1, 0, 0, 0, 0, 0, 0, 0, 0, 13, 0, 3, 1, 52, 0, 0, D-LinkHomeHub
0, 0, 0, 1, 0, 0, 1, 0, 685, 1, 0, 0, 0, 0, 0, 0, 0, 0, 13, 0, 3, 1, 745, 1, 5.359043259289731, D-LinkHomeHub
0, 0, 0, 1, 0, 0, 1, 0, 3589, 1, 0, 0, 0, 0, 0, 0, 0, 0, 13, 0, 1, 3, 52, 0, 0, D-LinkHomeHub
0, 0, 0, 1, 0, 0, 1, 0, 3589, 1, 0, 0, 0, 0, 0, 0, 0, 0, 13, 0, 1, 3, 675, 1, 5.538168257763369, D-LinkHomeHub
0, 0, 0, 1, 0, 0, 1, 0, 695, 1, 0, 0, 0, 0, 0, 0, 0, 0, 13, 0, 3, 1, 52, 0, 0, D-LinkHomeHub
0, 0, 0, 1, 0, 0, 1, 0, 695, 1, 0, 0, 0, 0, 0, 0, 0, 0, 13, 0, 3, 1, 855, 1, 5.569202746824739, D-LinkHomeHub
0, 0, 0, 1, 0, 0, 1, 0, 4392, 1, 0, 0, 0, 0, 0, 0, 0, 0, 13, 0, 1, 3, 52, 0, 0, D-LinkHomeHub
0, 0, 0, 1, 0, 0, 1, 0, 4392, 1, 0, 0, 0, 0, 0, 0, 0, 0, 13, 0, 1, 3, 567, 1, 5.358966721698491, D-LinkHomeHub
0, 0, 0, 1, 0, 0, 1, 0, 704, 1, 0, 0, 0, 0, 0, 0, 0, 0, 13, 0, 3, 1, 52, 0, 0, D-LinkHomeHub
0, 0, 0, 1, 0, 0, 1, 0, 704, 1, 0, 0, 0, 0, 0, 0, 0, 0, 13, 0, 3, 1, 743, 1, 5.524365424154835, D-LinkHomeHub
0, 0, 0, 1, 0, 0, 1, 0, 5195, 1, 0, 0, 0, 0, 0, 0, 0, 0, 13, 0, 1, 3, 52, 0, 0, D-LinkHomeHub
0, 0, 0, 1, 0, 0, 1, 0, 5195, 1, 0, 0, 0, 0, 0, 0, 0, 0, 13, 0, 1, 3, 1500, 1, 5.291644669295019, D-LinkHomeHub
0, 0, 0, 1, 0, 0, 1, 0, 5195, 1, 0, 0, 0, 0, 0, 0, 0, 0, 13, 0, 1, 3, 1500, 1, 4.711169399679205, D-LinkHomeHub
0, 0, 0, 1, 0, 0, 1, 0, 5195, 1, 0, 0, 0, 0, 0, 0, 0, 0, 13, 0, 1, 3, 824, 1, 4.801012745155759, D-LinkHomeHub
0, 0, 0, 1, 0, 0, 1, 0, 727, 1, 0, 0, 0, 0, 0, 0, 0, 0, 13, 0, 3, 1, 52, 0, 0, D-LinkHomeHub
0, 0, 0, 1, 0, 0, 1, 0, 750, 1, 0, 0, 0, 0, 0, 0, 0, 0, 13, 0, 3, 1, 52, 0, 0, D-LinkHomeHub
0, 0, 0, 1, 0, 0, 1, 0, 772, 1, 0, 0, 0, 0, 0, 0, 0, 0, 13, 0, 3, 1, 52, 0, 0, D-LinkHomeHub
0, 0, 0, 1, 0, 0, 1, 0, 772, 1, 0, 0, 0, 0, 0, 0, 0, 0, 13, 0, 3, 1, 944, 1, 5.541593675089211, D-LinkHomeHub
0, 0, 0, 1, 0, 0, 1, 0, 6087, 1, 0, 0, 0, 0, 0, 0, 0, 0, 13, 0, 1, 3, 52, 0, 0, D-LinkHomeHub
0, 0, 0, 1, 0, 0, 0, 1, 0, 0, 0, 0, 0, 0, 0, 1, 0, 0, 13, 0, 2, 2, 374, 0, 0, D-LinkHomeHub
0, 0, 0, 1, 0, 0, 0, 1, 0, 0, 0, 0, 0, 0, 0, 1, 0, 0, 13, 0, 2, 2, 83, 0, 0, D-LinkHomeHub
0, 0, 0, 1, 0, 0, 0, 1, 0, 0, 0, 0, 0, 0, 0, 1, 0, 0, 13, 0, 2, 2, 295, 0, 0, D-LinkHomeHub
0, 0, 0, 1, 0, 0, 1, 0, 6087, 1, 0, 0, 0, 0, 0, 0, 0, 0, 13, 0, 1, 3, 610, 1, 5.332633934529518, D-LinkHomeHub
0, 0, 0, 1, 0, 0, 1, 0, 795, 1, 0, 0, 0, 0, 0, 0, 0, 0, 13, 0, 3, 1, 922, 1, 5.5278085984215055, D-LinkHomeHub
0, 0, 0, 1, 0, 0, 1, 0, 6979, 1, 0, 0, 0, 0, 0, 0, 0, 0, 13, 0, 1, 3, 52, 0, 0, D-LinkHomeHub
0, 0, 0, 1, 0, 0, 1, 0, 6979, 1, 0, 0, 0, 0, 0, 0, 0, 0, 13, 0, 1, 3, 614, 1, 5.346758159114396, D-LinkHomeHub
0, 0, 0, 1, 0, 0, 1, 0, 817, 1, 0, 0, 0, 0, 0, 0, 0, 0, 13, 0, 3, 1, 735, 1, 5.587236622699545, D-LinkHomeHub
0, 0, 0, 1, 0, 0, 1, 0, 7871, 1, 0, 0, 0, 0, 0, 0, 0, 0, 13, 0, 1, 3, 52, 0, 0, D-LinkHomeHub
0, 0, 0, 1, 0, 0, 0, 1, 0, 0, 0, 0, 0, 0, 1, 0, 0, 0, 13, 0, 2, 1, 63, 0, 0, D-LinkHomeHub
0, 0, 0, 1, 0, 0, 0, 1, 0, 0, 0, 0, 0, 0, 1, 0, 0, 0, 13, 0, 1, 2, 161, 0, 0, D-LinkHomeHub
0, 0, 0, 1, 0, 0, 1, 0, 5840, 0, 1, 0, 0, 0, 0, 0, 0, 0, 13, 0, 3, 1, 60, 0, 0, D-LinkHomeHub
0, 0, 0, 1, 0, 0, 1, 0, 17898, 0, 1, 0, 0, 0, 0, 0, 0, 0, 13, 0, 1, 3, 60, 0, 0, D-LinkHomeHub
0, 0, 0, 1, 0, 0, 1, 0, 2920, 0, 1, 0, 0, 0, 0, 0, 0, 0, 13, 0, 3, 1, 52, 0, 0, D-LinkHomeHub
0, 0, 0, 1, 0, 0, 1, 0, 2920, 0, 1, 0, 0, 0, 0, 0, 0, 0, 13, 0, 3, 1, 259, 1, 4.716871328555166, D-LinkHomeHub
0, 0, 0, 1, 0, 0, 1, 0, 75, 0, 1, 0, 0, 0, 0, 0, 0, 0, 13, 0, 1, 3, 52, 0, 0, D-LinkHomeHub
0, 0, 0, 1, 0, 0, 1, 0, 75, 0, 1, 0, 0, 0, 0, 0, 0, 0, 13, 0, 1, 3, 1420, 1, 7.141592042902356, D-LinkHomeHub
0, 0, 0, 1, 0, 0, 1, 0, 75, 0, 1, 0, 0, 0, 0, 0, 0, 0, 13, 0, 1, 3, 1420, 1, 7.246205454900595, D-LinkHomeHub
0, 0, 0, 1, 0, 0, 1, 0, 75, 0, 1, 0, 0, 0, 0, 0, 0, 0, 13, 0, 1, 3, 1133, 1, 7.658953419525453, D-LinkHomeHub
0, 0, 0, 1, 0, 0, 1, 0, 4288, 0, 1, 0, 0, 0, 0, 0, 0, 0, 13, 0, 3, 1, 52, 0, 0, D-LinkHomeHub
0, 0, 0, 1, 0, 0, 1, 0, 5656, 0, 1, 0, 0, 0, 0, 0, 0, 0, 13, 0, 3, 1, 52, 0, 0, D-LinkHomeHub
0, 0, 0, 1, 0, 0, 1, 0, 7024, 0, 1, 0, 0, 0, 0, 0, 0, 0, 13, 0, 3, 1, 52, 0, 0, D-LinkHomeHub
0, 0, 0, 1, 0, 0, 1, 0, 7024, 0, 1, 0, 0, 0, 0, 0, 0, 0, 13, 0, 3, 1, 186, 1, 6.47001230254041, D-LinkHomeHub
0, 0, 0, 1, 0, 0, 1, 0, 79, 0, 1, 0, 0, 0, 0, 0, 0, 0, 13, 0, 1, 3, 286, 1, 6.958559537746817, D-LinkHomeHub
0, 0, 0, 1, 0, 0, 1, 0, 7024, 0, 1, 0, 0, 0, 0, 0, 0, 0, 13, 0, 3, 1, 52, 0, 0, D-LinkHomeHub
0, 0, 0, 1, 0, 0, 1, 0, 7024, 0, 1, 0, 0, 0, 0, 0, 0, 0, 13, 0, 3, 1, 558, 1, 7.495701409070307, D-LinkHomeHub
0, 0, 0, 1, 0, 0, 1, 0, 83, 0, 1, 0, 0, 0, 0, 0, 0, 0, 13, 0, 1, 3, 52, 0, 0, D-LinkHomeHub
0, 0, 0, 1, 0, 0, 1, 0, 83, 0, 1, 0, 0, 0, 0, 0, 0, 0, 13, 0, 1, 3, 601, 1, 7.6431865714002525, D-LinkHomeHub
0, 0, 0, 1, 0, 0, 1, 0, 83, 0, 1, 0, 0, 0, 0, 0, 0, 0, 13, 0, 1, 3, 89, 1, 5.0472912034667905, D-LinkHomeHub
0, 0, 0, 1, 0, 0, 1, 0, 8392, 0, 1, 0, 0, 0, 0, 0, 0, 0, 13, 0, 3, 1, 52, 0, 0, D-LinkHomeHub
0, 0, 0, 1, 0, 0, 1, 0, 8392, 0, 1, 0, 0, 0, 0, 0, 0, 0, 13, 0, 3, 1, 52, 0, 0, D-LinkHomeHub
0, 0, 0, 1, 0, 0, 0, 1, 0, 0, 0, 0, 0, 0, 0, 1, 0, 0, 13, 0, 2, 2, 319, 0, 0, D-LinkHomeHub
0, 0, 0, 1, 0, 0, 1, 0, 8392, 0, 1, 0, 0, 0, 0, 0, 0, 0, 13, 0, 3, 1, 52, 0, 0, D-LinkHomeHub
0, 0, 0, 1, 0, 0, 0, 1, 0, 0, 0, 0, 0, 0, 0, 1, 0, 0, 13, 0, 2, 2, 319, 0, 0, D-LinkHomeHub
0, 0, 0, 1, 0, 0, 1, 0, 5840, 0, 1, 0, 0, 0, 0, 0, 0, 0, 13, 0, 3, 1, 60, 0, 0, D-LinkHomeHub
0, 0, 0, 1, 0, 0, 1, 0, 17898, 0, 1, 0, 0, 0, 0, 0, 0, 0, 13, 0, 1, 3, 60, 0, 0, D-LinkHomeHub
0, 0, 0, 1, 0, 0, 1, 0, 2920, 0, 1, 0, 0, 0, 0, 0, 0, 0, 13, 0, 3, 1, 52, 0, 0, D-LinkHomeHub
0, 0, 0, 1, 0, 0, 1, 0, 2920, 0, 1, 0, 0, 0, 0, 0, 0, 0, 13, 0, 3, 1, 259, 1, 4.738563236746824, D-LinkHomeHub
0, 0, 0, 1, 0, 0, 1, 0, 75, 0, 1, 0, 0, 0, 0, 0, 0, 0, 13, 0, 1, 3, 52, 0, 0, D-LinkHomeHub
0, 0, 0, 1, 0, 0, 1, 0, 75, 0, 1, 0, 0, 0, 0, 0, 0, 0, 13, 0, 1, 3, 1420, 1, 7.14805399727212, D-LinkHomeHub
0, 0, 0, 1, 0, 0, 1, 0, 75, 0, 1, 0, 0, 0, 0, 0, 0, 0, 13, 0, 1, 3, 1420, 1, 7.246205454900595, D-LinkHomeHub
0, 0, 0, 1, 0, 0, 1, 0, 75, 0, 1, 0, 0, 0, 0, 0, 0, 0, 13, 0, 1, 3, 1133, 1, 7.658027204324211, D-LinkHomeHub
0, 0, 0, 1, 0, 0, 1, 0, 4288, 0, 1, 0, 0, 0, 0, 0, 0, 0, 13, 0, 3, 1, 52, 0, 0, D-LinkHomeHub
0, 0, 0, 1, 0, 0, 1, 0, 5656, 0, 1, 0, 0, 0, 0, 0, 0, 0, 13, 0, 3, 1, 52, 0, 0, D-LinkHomeHub
0, 0, 0, 1, 0, 0, 1, 0, 7024, 0, 1, 0, 0, 0, 0, 0, 0, 0, 13, 0, 3, 1, 52, 0, 0, D-LinkHomeHub
0, 0, 0, 1, 0, 0, 0, 1, 0, 0, 0, 0, 0, 0, 0, 1, 0, 0, 13, 0, 2, 2, 319, 0, 0, D-LinkHomeHub
0, 0, 0, 1, 0, 0, 1, 0, 7024, 0, 1, 0, 0, 0, 0, 0, 0, 0, 13, 0, 3, 1, 186, 1, 6.453111836074064, D-LinkHomeHub
0, 0, 0, 1, 0, 0, 1, 0, 79, 0, 1, 0, 0, 0, 0, 0, 0, 0, 13, 0, 1, 3, 286, 1, 6.942706948240202, D-LinkHomeHub
0, 0, 0, 1, 0, 0, 1, 0, 7024, 0, 1, 0, 0, 0, 0, 0, 0, 0, 13, 0, 3, 1, 52, 0, 0, D-LinkHomeHub
0, 0, 0, 1, 0, 0, 0, 1, 0, 0, 0, 0, 0, 0, 0, 1, 0, 0, 13, 0, 2, 2, 164, 0, 0, D-LinkHomeHub
0, 0, 0, 1, 0, 0, 0, 1, 0, 0, 0, 0, 0, 0, 0, 1, 0, 0, 13, 0, 2, 2, 253, 0, 0, D-LinkHomeHub
0, 0, 0, 1, 0, 0, 1, 0, 7024, 0, 1, 0, 0, 0, 0, 0, 0, 0, 13, 0, 3, 1, 574, 1, 7.60441929005373, D-LinkHomeHub
0, 0, 0, 1, 0, 0, 1, 0, 83, 0, 1, 0, 0, 0, 0, 0, 0, 0, 13, 0, 1, 3, 52, 0, 0, D-LinkHomeHub
0, 0, 0, 1, 0, 0, 1, 0, 7024, 0, 1, 0, 0, 0, 0, 0, 0, 0, 13, 0, 3, 1, 766, 1, 7.747925390799219, D-LinkHomeHub
0, 0, 0, 1, 0, 0, 1, 0, 89, 0, 1, 0, 0, 0, 0, 0, 0, 0, 13, 0, 1, 3, 52, 0, 0, D-LinkHomeHub
0, 0, 0, 1, 0, 0, 0, 1, 0, 0, 0, 0, 0, 0, 1, 0, 0, 0, 13, 0, 3, 1, 60, 0, 0, D-LinkHomeHub
0, 0, 0, 1, 0, 0, 0, 1, 0, 0, 0, 0, 0, 0, 1, 0, 0, 0, 13, 0, 1, 3, 92, 0, 0, D-LinkHomeHub
0, 0, 0, 1, 0, 0, 0, 1, 0, 0, 0, 0, 0, 0, 0, 0, 1, 0, 13, 0, 2, 1, 76, 0, 0, D-LinkHomeHub
0, 0, 0, 1, 0, 0, 0, 1, 0, 0, 0, 0, 0, 0, 0, 1, 0, 0, 13, 0, 2, 2, 285, 0, 0, D-LinkHomeHub
0, 0, 0, 1, 0, 0, 0, 1, 0, 0, 0, 0, 0, 0, 0, 0, 1, 0, 13, 0, 1, 2, 76, 0, 0, D-LinkHomeHub
0, 0, 0, 1, 0, 0, 1, 0, 5840, 0, 1, 0, 0, 0, 0, 0, 0, 0, 13, 0, 3, 1, 60, 0, 0, D-LinkHomeHub
0, 0, 0, 1, 0, 0, 1, 0, 17898, 0, 1, 0, 0, 0, 0, 0, 0, 0, 13, 0, 1, 3, 60, 0, 0, D-LinkHomeHub
0, 0, 0, 1, 0, 0, 1, 0, 2920, 0, 1, 0, 0, 0, 0, 0, 0, 0, 13, 0, 3, 1, 52, 0, 0, D-LinkHomeHub
0, 0, 0, 1, 0, 0, 1, 0, 2920, 0, 1, 0, 0, 0, 0, 0, 0, 0, 13, 0, 3, 1, 259, 1, 4.729987987639307, D-LinkHomeHub
0, 0, 0, 1, 0, 0, 1, 0, 75, 0, 1, 0, 0, 0, 0, 0, 0, 0, 13, 0, 1, 3, 52, 0, 0, D-LinkHomeHub
0, 0, 0, 1, 0, 0, 1, 0, 75, 0, 1, 0, 0, 0, 0, 0, 0, 0, 13, 0, 1, 3, 1420, 1, 7.150750107068191, D-LinkHomeHub
0, 0, 0, 1, 0, 0, 1, 0, 75, 0, 1, 0, 0, 0, 0, 0, 0, 0, 13, 0, 1, 3, 1420, 1, 7.246205454900595, D-LinkHomeHub
0, 0, 0, 1, 0, 0, 1, 0, 75, 0, 1, 0, 0, 0, 0, 0, 0, 0, 13, 0, 1, 3, 1133, 1, 7.633906654377438, D-LinkHomeHub
0, 0, 0, 1, 0, 0, 1, 0, 4288, 0, 1, 0, 0, 0, 0, 0, 0, 0, 13, 0, 3, 1, 52, 0, 0, D-LinkHomeHub
0, 0, 0, 1, 0, 0, 1, 0, 5656, 0, 1, 0, 0, 0, 0, 0, 0, 0, 13, 0, 3, 1, 52, 0, 0, D-LinkHomeHub
0, 0, 0, 1, 0, 0, 1, 0, 7024, 0, 1, 0, 0, 0, 0, 0, 0, 0, 13, 0, 3, 1, 52, 0, 0, D-LinkHomeHub
0, 0, 0, 1, 0, 0, 0, 1, 0, 0, 0, 0, 0, 0, 0, 1, 0, 0, 13, 0, 2, 2, 285, 0, 0, D-LinkHomeHub
0, 0, 0, 1, 0, 0, 1, 0, 89, 0, 1, 0, 0, 0, 0, 0, 0, 0, 13, 0, 1, 3, 649, 1, 7.684774797540075, D-LinkHomeHub
0, 0, 0, 1, 0, 0, 1, 0, 8392, 0, 1, 0, 0, 0, 0, 0, 0, 0, 13, 0, 3, 1, 52, 0, 0, D-LinkHomeHub
0, 0, 0, 1, 0, 0, 1, 0, 7024, 0, 1, 0, 0, 0, 0, 0, 0, 0, 13, 0, 3, 1, 186, 1, 6.392665078834435, D-LinkHomeHub
0, 0, 0, 1, 0, 0, 1, 0, 79, 0, 1, 0, 0, 0, 0, 0, 0, 0, 13, 0, 1, 3, 286, 1, 6.994404048699398, D-LinkHomeHub
0, 0, 0, 1, 0, 0, 1, 0, 7024, 0, 1, 0, 0, 0, 0, 0, 0, 0, 13, 0, 3, 1, 52, 0, 0, D-LinkHomeHub
0, 0, 0, 1, 0, 0, 1, 0, 7024, 0, 1, 0, 0, 0, 0, 0, 0, 0, 13, 0, 3, 1, 446, 1, 7.375642715490251, D-LinkHomeHub
0, 0, 0, 1, 0, 0, 1, 0, 8392, 0, 1, 0, 0, 0, 0, 0, 0, 0, 13, 0, 3, 1, 52, 0, 0, D-LinkHomeHub
0, 0, 0, 1, 0, 0, 1, 0, 89, 0, 1, 0, 0, 0, 0, 0, 0, 0, 13, 0, 1, 3, 89, 1, 5.155399311574899, D-LinkHomeHub
0, 0, 0, 1, 0, 0, 1, 0, 89, 0, 1, 0, 0, 0, 0, 0, 0, 0, 13, 0, 1, 3, 52, 0, 0, D-LinkHomeHub
0, 0, 0, 1, 0, 0, 1, 0, 0, 0, 1, 0, 0, 0, 0, 0, 0, 0, 13, 0, 3, 1, 40, 0, 0, D-LinkHomeHub
0, 0, 0, 1, 0, 0, 1, 0, 0, 0, 1, 0, 0, 0, 0, 0, 0, 0, 13, 0, 3, 1, 40, 0, 0, D-LinkHomeHub
0, 0, 0, 1, 0, 0, 1, 0, 7871, 1, 0, 0, 0, 0, 0, 0, 0, 0, 13, 0, 1, 3, 864, 1, 5.759394732354747, D-LinkHomeHub
0, 0, 0, 1, 0, 0, 1, 0, 83, 0, 1, 0, 0, 0, 0, 0, 0, 0, 13, 0, 1, 3, 52, 0, 0, D-LinkHomeHub
0, 0, 0, 1, 0, 0, 0, 1, 0, 0, 0, 0, 0, 0, 0, 1, 0, 0, 13, 0, 2, 2, 285, 0, 0, D-LinkHomeHub
0, 0, 0, 1, 0, 0, 1, 0, 840, 1, 0, 0, 0, 0, 0, 0, 0, 0, 13, 0, 3, 1, 52, 0, 0, D-LinkHomeHub
0, 0, 0, 1, 0, 0, 0, 1, 0, 0, 0, 0, 0, 0, 0, 1, 0, 0, 13, 0, 2, 2, 374, 0, 0, D-LinkHomeHub
0, 0, 0, 1, 0, 0, 0, 1, 0, 0, 0, 0, 0, 0, 0, 1, 0, 0, 13, 0, 2, 2, 83, 0, 0, D-LinkHomeHub
0, 0, 0, 1, 0, 0, 0, 1, 0, 0, 0, 0, 0, 0, 1, 0, 0, 0, 13, 0, 2, 1, 66, 0, 0, D-LinkHomeHub
0, 0, 0, 1, 0, 0, 0, 1, 0, 0, 0, 0, 0, 0, 1, 0, 0, 0, 13, 0, 1, 2, 354, 0, 0, D-LinkHomeHub
0, 0, 0, 1, 0, 0, 1, 0, 5840, 1, 0, 0, 0, 0, 0, 0, 0, 0, 14, 0, 2, 1, 60, 0, 0, D-LinkHomeHub
0, 0, 0, 1, 0, 0, 0, 1, 0, 0, 0, 0, 0, 0, 0, 1, 0, 0, 14, 0, 2, 2, 235, 0, 0, D-LinkHomeHub
0, 0, 0, 1, 0, 0, 0, 1, 0, 0, 0, 0, 0, 0, 0, 1, 0, 0, 14, 0, 2, 2, 70, 0, 0, D-LinkHomeHub
0, 0, 0, 1, 0, 0, 1, 0, 17898, 1, 0, 0, 0, 0, 0, 0, 0, 0, 14, 0, 1, 2, 60, 0, 0, D-LinkHomeHub
0, 0, 0, 1, 0, 0, 1, 0, 2920, 1, 0, 0, 0, 0, 0, 0, 0, 0, 14, 0, 2, 1, 52, 0, 0, D-LinkHomeHub
0, 0, 0, 1, 0, 0, 1, 0, 2920, 1, 0, 0, 0, 0, 0, 0, 0, 0, 14, 0, 2, 1, 251, 1, 5.415666125531815, D-LinkHomeHub
0, 0, 0, 1, 0, 0, 1, 0, 75, 1, 0, 0, 0, 0, 0, 0, 0, 0, 14, 0, 1, 2, 52, 0, 0, D-LinkHomeHub
0, 0, 0, 1, 0, 0, 1, 0, 75, 1, 0, 0, 0, 0, 0, 0, 0, 0, 14, 0, 1, 2, 258, 1, 5.214831185074639, D-LinkHomeHub
0, 0, 0, 1, 0, 0, 1, 0, 3456, 1, 0, 0, 0, 0, 0, 0, 0, 0, 14, 0, 2, 1, 52, 0, 0, D-LinkHomeHub
0, 0, 0, 1, 0, 0, 1, 0, 3456, 1, 0, 0, 0, 0, 0, 0, 0, 0, 14, 0, 2, 1, 52, 0, 0, D-LinkHomeHub
0, 0, 0, 1, 0, 0, 1, 0, 840, 1, 0, 0, 0, 0, 0, 0, 0, 0, 14, 0, 3, 1, 893, 1, 5.534771225529818, D-LinkHomeHub
0, 0, 0, 1, 0, 0, 1, 0, 8763, 1, 0, 0, 0, 0, 0, 0, 0, 0, 14, 0, 1, 3, 52, 0, 0, D-LinkHomeHub
0, 0, 0, 1, 0, 0, 1, 0, 83, 0, 1, 0, 0, 0, 0, 0, 0, 0, 14, 0, 1, 3, 457, 1, 7.478636148754326, D-LinkHomeHub
0, 0, 0, 1, 0, 0, 1, 0, 83, 0, 1, 0, 0, 0, 0, 0, 0, 0, 14, 0, 1, 3, 89, 1, 4.939183095358683, D-LinkHomeHub
0, 0, 0, 1, 0, 0, 1, 0, 8392, 0, 1, 0, 0, 0, 0, 0, 0, 0, 14, 0, 3, 1, 52, 0, 0, D-LinkHomeHub
0, 0, 0, 1, 0, 0, 1, 0, 8392, 0, 1, 0, 0, 0, 0, 0, 0, 0, 14, 0, 3, 1, 52, 0, 0, D-LinkHomeHub
0, 0, 0, 1, 0, 0, 0, 1, 0, 0, 0, 0, 0, 0, 1, 0, 0, 0, 14, 0, 2, 1, 65, 0, 0, D-LinkHomeHub
0, 0, 0, 1, 0, 0, 0, 1, 0, 0, 0, 0, 0, 0, 1, 0, 0, 0, 14, 0, 1, 2, 282, 0, 0, D-LinkHomeHub
0, 0, 0, 1, 0, 0, 1, 0, 5840, 0, 1, 0, 0, 0, 0, 0, 0, 0, 15, 0, 3, 1, 60, 0, 0, D-LinkHomeHub
0, 0, 0, 1, 0, 0, 1, 0, 2048, 0, 1, 0, 0, 0, 0, 0, 0, 0, 15, 0, 1, 3, 52, 0, 0, D-LinkHomeHub
0, 0, 0, 1, 0, 0, 1, 0, 2920, 0, 1, 0, 0, 0, 0, 0, 0, 0, 15, 0, 3, 1, 40, 0, 0, D-LinkHomeHub
0, 0, 0, 1, 0, 0, 1, 0, 2920, 0, 1, 0, 0, 0, 0, 0, 0, 0, 15, 0, 3, 1, 247, 1, 4.763585178182221, D-LinkHomeHub
0, 0, 0, 1, 0, 0, 1, 0, 390, 0, 1, 0, 0, 0, 0, 0, 0, 0, 15, 0, 1, 3, 40, 0, 0, D-LinkHomeHub
0, 0, 0, 1, 0, 0, 1, 0, 390, 0, 1, 0, 0, 0, 0, 0, 0, 0, 15, 0, 1, 3, 98, 1, 4.863784645481934, D-LinkHomeHub
0, 0, 0, 1, 0, 0, 1, 0, 390, 0, 1, 0, 0, 0, 0, 0, 0, 0, 15, 0, 1, 3, 1420, 1, 7.214506932345419, D-LinkHomeHub
0, 0, 0, 1, 0, 0, 1, 0, 390, 0, 1, 0, 0, 0, 0, 0, 0, 0, 15, 0, 1, 3, 1420, 1, 7.1070261665549275, D-LinkHomeHub
0, 0, 0, 1, 0, 0, 1, 0, 390, 0, 1, 0, 0, 0, 0, 0, 0, 0, 15, 0, 1, 3, 686, 1, 7.530092497800246, D-LinkHomeHub
0, 0, 0, 1, 0, 0, 1, 0, 2920, 0, 1, 0, 0, 0, 0, 0, 0, 0, 15, 0, 3, 1, 40, 0, 0, D-LinkHomeHub
0, 0, 0, 1, 0, 0, 1, 0, 4300, 0, 1, 0, 0, 0, 0, 0, 0, 0, 15, 0, 3, 1, 40, 0, 0, D-LinkHomeHub
0, 0, 0, 1, 0, 0, 1, 0, 5680, 0, 1, 0, 0, 0, 0, 0, 0, 0, 15, 0, 3, 1, 40, 0, 0, D-LinkHomeHub
0, 0, 0, 1, 0, 0, 1, 0, 7060, 0, 1, 0, 0, 0, 0, 0, 0, 0, 15, 0, 3, 1, 40, 0, 0, D-LinkHomeHub
0, 0, 0, 1, 0, 0, 1, 0, 390, 0, 1, 0, 0, 0, 0, 0, 0, 0, 15, 0, 1, 3, 376, 1, 7.285843783199791, D-LinkHomeHub
0, 0, 0, 1, 0, 0, 1, 0, 390, 0, 1, 0, 0, 0, 0, 0, 0, 0, 15, 0, 1, 3, 49, 1, 2.2810361125534233, D-LinkHomeHub
0, 0, 0, 1, 0, 0, 1, 0, 7060, 0, 1, 0, 0, 0, 0, 0, 0, 0, 15, 0, 3, 1, 40, 0, 0, D-LinkHomeHub
0, 0, 0, 1, 0, 0, 1, 0, 7060, 0, 1, 0, 0, 0, 0, 0, 0, 0, 15, 0, 3, 1, 40, 0, 0, D-LinkHomeHub
0, 0, 0, 1, 0, 0, 1, 0, 75, 1, 0, 0, 0, 0, 0, 0, 0, 0, 15, 0, 1, 2, 52, 0, 0, D-LinkHomeHub
0, 0, 0, 1, 0, 0, 1, 0, 3456, 1, 0, 0, 0, 0, 0, 0, 0, 0, 15, 0, 2, 1, 52, 0, 0, D-LinkHomeHub
0, 0, 0, 1, 0, 0, 1, 0, 7060, 0, 1, 0, 0, 0, 0, 0, 0, 0, 15, 0, 3, 1, 174, 1, 6.387776854714634, D-LinkHomeHub
0, 0, 0, 1, 0, 0, 1, 0, 390, 0, 1, 0, 0, 0, 0, 0, 0, 0, 15, 0, 1, 3, 159, 1, 6.205413561481827, D-LinkHomeHub
0, 0, 0, 1, 0, 0, 1, 0, 390, 0, 1, 0, 0, 0, 0, 0, 0, 0, 15, 0, 1, 3, 46, 1, 1.7924812503605778, D-LinkHomeHub
0, 0, 0, 1, 0, 0, 1, 0, 390, 0, 1, 0, 0, 0, 0, 0, 0, 0, 15, 0, 1, 3, 93, 1, 5.576977058336781, D-LinkHomeHub
0, 0, 0, 1, 0, 0, 1, 0, 7060, 0, 1, 0, 0, 0, 0, 0, 0, 0, 15, 0, 3, 1, 40, 0, 0, D-LinkHomeHub
0, 0, 0, 1, 0, 0, 1, 0, 7060, 0, 1, 0, 0, 0, 0, 0, 0, 0, 15, 0, 3, 1, 40, 0, 0, D-LinkHomeHub
0, 0, 0, 1, 0, 0, 1, 0, 7060, 0, 1, 0, 0, 0, 0, 0, 0, 0, 15, 0, 3, 1, 40, 0, 0, D-LinkHomeHub
0, 0, 0, 1, 0, 0, 1, 0, 8392, 0, 1, 0, 0, 0, 0, 0, 0, 0, 15, 0, 3, 1, 52, 0, 0, D-LinkHomeHub
0, 0, 0, 1, 0, 0, 1, 0, 7060, 0, 1, 0, 0, 0, 0, 0, 0, 0, 15, 0, 3, 1, 242, 1, 6.912328856512179, D-LinkHomeHub
0, 0, 0, 1, 0, 0, 1, 0, 390, 0, 1, 0, 0, 0, 0, 0, 0, 0, 15, 0, 1, 3, 40, 0, 0, D-LinkHomeHub
0, 0, 0, 1, 0, 0, 0, 1, 0, 0, 0, 0, 0, 0, 0, 1, 0, 0, 15, 0, 2, 2, 374, 0, 0, D-LinkHomeHub
0, 0, 0, 1, 0, 0, 0, 1, 0, 0, 0, 0, 0, 0, 0, 1, 0, 0, 15, 0, 2, 2, 83, 0, 0, D-LinkHomeHub
0, 0, 0, 1, 0, 0, 0, 1, 0, 0, 0, 0, 0, 0, 0, 1, 0, 0, 15, 0, 2, 2, 330, 0, 0, D-LinkHomeHub
0, 0, 0, 1, 0, 0, 0, 1, 0, 0, 0, 0, 0, 0, 0, 1, 0, 0, 15, 0, 2, 2, 295, 0, 0, D-LinkHomeHub
0, 0, 0, 1, 0, 0, 0, 1, 0, 0, 0, 0, 0, 0, 0, 1, 0, 0, 15, 0, 2, 2, 83, 0, 0, D-LinkHomeHub
0, 0, 0, 1, 0, 0, 1, 0, 8763, 1, 0, 0, 0, 0, 0, 0, 0, 0, 15, 0, 1, 3, 578, 1, 5.408280127345902, D-LinkHomeHub
0, 0, 0, 1, 0, 0, 1, 0, 863, 1, 0, 0, 0, 0, 0, 0, 0, 0, 15, 0, 3, 1, 52, 0, 0, D-LinkHomeHub
0, 0, 0, 1, 0, 0, 0, 1, 0, 0, 0, 0, 0, 0, 0, 1, 0, 0, 15, 0, 2, 2, 319, 0, 0, D-LinkHomeHub
0, 0, 0, 1, 0, 0, 0, 1, 0, 0, 0, 0, 0, 0, 1, 0, 0, 0, 15, 0, 2, 1, 63, 0, 0, D-LinkHomeHub
0, 0, 0, 1, 0, 0, 0, 1, 0, 0, 0, 0, 0, 0, 1, 0, 0, 0, 15, 0, 1, 2, 161, 0, 0, D-LinkHomeHub
0, 0, 0, 1, 0, 0, 1, 0, 5840, 1, 0, 0, 0, 0, 0, 0, 0, 0, 15, 0, 2, 1, 60, 0, 0, D-LinkHomeHub
0, 0, 0, 1, 0, 0, 1, 0, 17898, 1, 0, 0, 0, 0, 0, 0, 0, 0, 15, 0, 1, 2, 60, 0, 0, D-LinkHomeHub
0, 0, 0, 1, 0, 0, 1, 0, 2920, 1, 0, 0, 0, 0, 0, 0, 0, 0, 15, 0, 2, 1, 52, 0, 0, D-LinkHomeHub
0, 0, 0, 1, 0, 0, 1, 0, 2920, 1, 0, 0, 0, 0, 0, 0, 0, 0, 15, 0, 2, 1, 356, 1, 5.911007677641444, D-LinkHomeHub
0, 0, 0, 1, 0, 0, 1, 0, 75, 1, 0, 0, 0, 0, 0, 0, 0, 0, 15, 0, 1, 2, 52, 0, 0, D-LinkHomeHub
0, 0, 0, 1, 0, 0, 0, 1, 0, 0, 0, 0, 0, 0, 0, 1, 0, 0, 15, 0, 2, 2, 319, 0, 0, D-LinkHomeHub
0, 0, 0, 1, 0, 0, 1, 0, 75, 1, 0, 0, 0, 0, 0, 0, 0, 0, 15, 0, 1, 2, 545, 1, 5.975855953456604, D-LinkHomeHub
0, 0, 0, 1, 0, 0, 1, 0, 3456, 1, 0, 0, 0, 0, 0, 0, 0, 0, 15, 0, 2, 1, 52, 0, 0, D-LinkHomeHub
0, 0, 0, 1, 0, 0, 1, 0, 3456, 1, 0, 0, 0, 0, 0, 0, 0, 0, 15, 0, 2, 1, 52, 0, 0, D-LinkHomeHub
0, 0, 0, 1, 0, 0, 1, 0, 75, 1, 0, 0, 0, 0, 0, 0, 0, 0, 15, 0, 1, 2, 52, 0, 0, D-LinkHomeHub
0, 0, 0, 1, 0, 0, 1, 0, 3456, 1, 0, 0, 0, 0, 0, 0, 0, 0, 15, 0, 2, 1, 52, 0, 0, D-LinkHomeHub
0, 0, 0, 1, 0, 0, 0, 1, 0, 0, 0, 0, 0, 0, 0, 1, 0, 0, 15, 0, 2, 2, 319, 0, 0, D-LinkHomeHub
0, 0, 0, 1, 0, 0, 1, 0, 390, 0, 1, 0, 0, 0, 0, 0, 0, 0, 15, 0, 1, 3, 77, 1, 5.209453365628954, D-LinkHomeHub
0, 0, 0, 1, 0, 0, 1, 0, 390, 0, 1, 0, 0, 0, 0, 0, 0, 0, 15, 0, 1, 3, 1101, 1, 7.834286973563135, D-LinkHomeHub
0, 0, 0, 1, 0, 0, 1, 0, 7060, 0, 1, 0, 0, 0, 0, 0, 0, 0, 15, 0, 3, 1, 40, 0, 0, D-LinkHomeHub
0, 0, 0, 1, 0, 0, 1, 0, 8440, 0, 1, 0, 0, 0, 0, 0, 0, 0, 15, 0, 3, 1, 40, 0, 0, D-LinkHomeHub
0, 0, 0, 1, 0, 0, 1, 0, 5840, 0, 1, 0, 0, 0, 0, 0, 0, 0, 15, 0, 3, 1, 60, 0, 0, D-LinkHomeHub
0, 0, 0, 1, 0, 0, 1, 0, 2048, 0, 1, 0, 0, 0, 0, 0, 0, 0, 15, 0, 1, 3, 52, 0, 0, D-LinkHomeHub
0, 0, 0, 1, 0, 0, 1, 0, 2920, 0, 1, 0, 0, 0, 0, 0, 0, 0, 15, 0, 3, 1, 40, 0, 0, D-LinkHomeHub
0, 0, 0, 1, 0, 0, 1, 0, 2920, 0, 1, 0, 0, 0, 0, 0, 0, 0, 15, 0, 3, 1, 247, 1, 4.747908306211996, D-LinkHomeHub
0, 0, 0, 1, 0, 0, 1, 0, 390, 0, 1, 0, 0, 0, 0, 0, 0, 0, 15, 0, 1, 3, 40, 0, 0, D-LinkHomeHub
0, 0, 0, 1, 0, 0, 1, 0, 390, 0, 1, 0, 0, 0, 0, 0, 0, 0, 15, 0, 1, 3, 98, 1, 4.9605025846963615, D-LinkHomeHub
0, 0, 0, 1, 0, 0, 1, 0, 2920, 0, 1, 0, 0, 0, 0, 0, 0, 0, 15, 0, 3, 1, 40, 0, 0, D-LinkHomeHub
0, 0, 0, 1, 0, 0, 1, 0, 390, 0, 1, 0, 0, 0, 0, 0, 0, 0, 15, 0, 1, 3, 1420, 1, 7.214506932345419, D-LinkHomeHub
0, 0, 0, 1, 0, 0, 1, 0, 390, 0, 1, 0, 0, 0, 0, 0, 0, 0, 15, 0, 1, 3, 1420, 1, 7.1070261665549275, D-LinkHomeHub
0, 0, 0, 1, 0, 0, 1, 0, 390, 0, 1, 0, 0, 0, 0, 0, 0, 0, 15, 0, 1, 3, 686, 1, 7.530092497800246, D-LinkHomeHub
0, 0, 0, 1, 0, 0, 1, 0, 4300, 0, 1, 0, 0, 0, 0, 0, 0, 0, 15, 0, 3, 1, 40, 0, 0, D-LinkHomeHub
0, 0, 0, 1, 0, 0, 1, 0, 5680, 0, 1, 0, 0, 0, 0, 0, 0, 0, 15, 0, 3, 1, 40, 0, 0, D-LinkHomeHub
0, 0, 0, 1, 0, 0, 1, 0, 7060, 0, 1, 0, 0, 0, 0, 0, 0, 0, 15, 0, 3, 1, 40, 0, 0, D-LinkHomeHub
0, 0, 0, 1, 0, 0, 1, 0, 390, 0, 1, 0, 0, 0, 0, 0, 0, 0, 15, 0, 1, 3, 376, 1, 7.330343409627548, D-LinkHomeHub
0, 0, 0, 1, 0, 0, 1, 0, 390, 0, 1, 0, 0, 0, 0, 0, 0, 0, 15, 0, 1, 3, 49, 1, 2.2810361125534233, D-LinkHomeHub
0, 0, 0, 1, 0, 0, 1, 0, 7060, 0, 1, 0, 0, 0, 0, 0, 0, 0, 15, 0, 3, 1, 40, 0, 0, D-LinkHomeHub
0, 0, 0, 1, 0, 0, 1, 0, 7060, 0, 1, 0, 0, 0, 0, 0, 0, 0, 15, 0, 3, 1, 40, 0, 0, D-LinkHomeHub
0, 0, 0, 1, 0, 0, 0, 1, 0, 0, 0, 0, 0, 0, 0, 1, 0, 0, 15, 0, 2, 2, 295, 0, 0, D-LinkHomeHub
0, 0, 0, 1, 0, 0, 1, 0, 7060, 0, 1, 0, 0, 0, 0, 0, 0, 0, 15, 0, 3, 1, 174, 1, 6.377739705700106, D-LinkHomeHub
0, 0, 0, 1, 0, 0, 1, 0, 390, 0, 1, 0, 0, 0, 0, 0, 0, 0, 15, 0, 1, 3, 159, 1, 6.3275087296581365, D-LinkHomeHub
0, 0, 0, 1, 0, 0, 1, 0, 390, 0, 1, 0, 0, 0, 0, 0, 0, 0, 15, 0, 1, 3, 46, 1, 1.7924812503605778, D-LinkHomeHub
0, 0, 0, 1, 0, 0, 1, 0, 390, 0, 1, 0, 0, 0, 0, 0, 0, 0, 15, 0, 1, 3, 93, 1, 5.524998048861999, D-LinkHomeHub
0, 0, 0, 1, 0, 0, 1, 0, 7060, 0, 1, 0, 0, 0, 0, 0, 0, 0, 15, 0, 3, 1, 40, 0, 0, D-LinkHomeHub
0, 0, 0, 1, 0, 0, 1, 0, 390, 0, 1, 0, 0, 0, 0, 0, 0, 0, 15, 0, 1, 3, 93, 1, 5.524998048861999, D-LinkHomeHub
0, 0, 0, 1, 0, 0, 1, 0, 7060, 0, 1, 0, 0, 0, 0, 0, 0, 0, 15, 0, 3, 1, 52, 0, 0, D-LinkHomeHub
0, 0, 0, 1, 0, 0, 1, 0, 7060, 0, 1, 0, 0, 0, 0, 0, 0, 0, 15, 0, 3, 1, 242, 1, 7.0008155049326115, D-LinkHomeHub
0, 0, 0, 1, 0, 0, 1, 0, 390, 0, 1, 0, 0, 0, 0, 0, 0, 0, 15, 0, 1, 3, 40, 0, 0, D-LinkHomeHub
0, 0, 0, 1, 0, 0, 1, 0, 8440, 0, 1, 0, 0, 0, 0, 0, 0, 0, 15, 0, 3, 1, 1106, 1, 7.820645838480084, D-LinkHomeHub
0, 0, 0, 1, 0, 0, 1, 0, 657, 0, 1, 0, 0, 0, 0, 0, 0, 0, 15, 0, 1, 3, 40, 0, 0, D-LinkHomeHub
0, 0, 0, 1, 0, 0, 0, 1, 0, 0, 0, 0, 0, 0, 0, 1, 0, 0, 15, 0, 2, 2, 287, 0, 0, D-LinkHomeHub
0, 0, 0, 1, 0, 0, 0, 1, 0, 0, 0, 0, 0, 0, 0, 1, 0, 0, 15, 0, 2, 2, 287, 0, 0, D-LinkHomeHub
0, 0, 0, 1, 0, 0, 0, 1, 0, 0, 0, 0, 0, 0, 0, 1, 0, 0, 15, 0, 2, 2, 287, 0, 0, D-LinkHomeHub
0, 0, 0, 1, 0, 0, 0, 1, 0, 0, 0, 0, 0, 0, 1, 0, 0, 0, 15, 0, 3, 1, 72, 0, 0, D-LinkHomeHub
0, 0, 0, 1, 0, 0, 0, 1, 0, 0, 0, 0, 0, 0, 1, 0, 0, 0, 15, 0, 1, 3, 289, 0, 0, D-LinkHomeHub
0, 0, 0, 1, 0, 0, 1, 0, 5840, 1, 0, 0, 0, 0, 0, 0, 0, 0, 16, 0, 2, 1, 60, 0, 0, D-LinkHomeHub
0, 0, 0, 1, 0, 0, 0, 1, 0, 0, 0, 0, 0, 0, 0, 1, 0, 0, 16, 0, 2, 2, 376, 0, 0, D-LinkHomeHub
0, 0, 0, 1, 0, 0, 0, 1, 0, 0, 0, 0, 0, 0, 0, 1, 0, 0, 16, 0, 2, 2, 83, 0, 0, D-LinkHomeHub
0, 0, 0, 1, 0, 0, 1, 0, 5840, 1, 0, 0, 0, 0, 0, 0, 0, 0, 16, 0, 1, 2, 52, 0, 0, D-LinkHomeHub
0, 0, 0, 1, 0, 0, 1, 0, 2920, 1, 0, 0, 0, 0, 0, 0, 0, 0, 16, 0, 2, 1, 40, 0, 0, D-LinkHomeHub
0, 0, 0, 1, 0, 0, 1, 0, 2920, 1, 0, 0, 0, 0, 0, 0, 0, 0, 16, 0, 2, 1, 244, 1, 5.259466825405078, D-LinkHomeHub
0, 0, 0, 1, 0, 0, 0, 1, 0, 0, 0, 0, 0, 0, 0, 1, 0, 0, 16, 0, 2, 2, 235, 0, 0, D-LinkHomeHub
0, 0, 0, 1, 0, 0, 0, 1, 0, 0, 0, 0, 0, 0, 0, 1, 0, 0, 16, 0, 2, 2, 70, 0, 0, D-LinkHomeHub
0, 0, 0, 1, 0, 0, 1, 0, 62, 1, 0, 0, 0, 0, 0, 0, 0, 0, 16, 0, 1, 2, 40, 0, 0, D-LinkHomeHub
0, 0, 0, 1, 0, 0, 1, 0, 62, 1, 0, 0, 0, 0, 0, 0, 0, 0, 16, 0, 1, 2, 409, 1, 5.656758334272452, D-LinkHomeHub
0, 0, 0, 1, 0, 0, 1, 0, 62, 1, 0, 0, 0, 0, 0, 0, 0, 0, 16, 0, 1, 2, 1420, 1, 2.6772305124009037, D-LinkHomeHub
0, 0, 0, 1, 0, 0, 1, 0, 62, 1, 0, 0, 0, 0, 0, 0, 0, 0, 16, 0, 1, 2, 1420, 1, 1.9790154305653236, D-LinkHomeHub
0, 0, 0, 1, 0, 0, 1, 0, 62, 1, 0, 0, 0, 0, 0, 0, 0, 0, 16, 0, 1, 2, 1420, 1, 1.8044792693736391, D-LinkHomeHub
0, 0, 0, 1, 0, 0, 1, 0, 3456, 1, 0, 0, 0, 0, 0, 0, 0, 0, 16, 0, 2, 1, 40, 0, 0, D-LinkHomeHub
0, 0, 0, 1, 0, 0, 1, 0, 4836, 1, 0, 0, 0, 0, 0, 0, 0, 0, 16, 0, 2, 1, 40, 0, 0, D-LinkHomeHub
0, 0, 0, 1, 0, 0, 1, 0, 6216, 1, 0, 0, 0, 0, 0, 0, 0, 0, 16, 0, 2, 1, 40, 0, 0, D-LinkHomeHub
0, 0, 0, 1, 0, 0, 1, 0, 7596, 1, 0, 0, 0, 0, 0, 0, 0, 0, 16, 0, 2, 1, 40, 0, 0, D-LinkHomeHub
0, 0, 0, 1, 0, 0, 1, 0, 62, 1, 0, 0, 0, 0, 0, 0, 0, 0, 16, 0, 1, 2, 1420, 1, 2.50410580459814, D-LinkHomeHub
0, 0, 0, 1, 0, 0, 1, 0, 62, 1, 0, 0, 0, 0, 0, 0, 0, 0, 16, 0, 1, 2, 1420, 1, 3.6797876229106943, D-LinkHomeHub
0, 0, 0, 1, 0, 0, 1, 0, 62, 1, 0, 0, 0, 0, 0, 0, 0, 0, 16, 0, 1, 2, 1420, 1, 3.5315888625396203, D-LinkHomeHub
0, 0, 0, 1, 0, 0, 1, 0, 62, 1, 0, 0, 0, 0, 0, 0, 0, 0, 16, 0, 1, 2, 1420, 1, 3.667177924357524, D-LinkHomeHub
0, 0, 0, 1, 0, 0, 1, 0, 62, 1, 0, 0, 0, 0, 0, 0, 0, 0, 16, 0, 1, 2, 1420, 1, 3.6668692896792794, D-LinkHomeHub
0, 0, 0, 1, 0, 0, 1, 0, 62, 1, 0, 0, 0, 0, 0, 0, 0, 0, 16, 0, 1, 2, 1420, 1, 3.54815825343769, D-LinkHomeHub
0, 0, 0, 1, 0, 0, 1, 0, 62, 1, 0, 0, 0, 0, 0, 0, 0, 0, 16, 0, 1, 2, 1420, 1, 4.765717080545475, D-LinkHomeHub
0, 0, 0, 1, 0, 0, 1, 0, 62, 1, 0, 0, 0, 0, 0, 0, 0, 0, 16, 0, 1, 2, 1420, 1, 4.802638418199363, D-LinkHomeHub
0, 0, 0, 1, 0, 0, 1, 0, 8976, 1, 0, 0, 0, 0, 0, 0, 0, 0, 16, 0, 2, 1, 40, 0, 0, D-LinkHomeHub
0, 0, 0, 1, 0, 0, 1, 0, 62, 1, 0, 0, 0, 0, 0, 0, 0, 0, 16, 0, 1, 2, 1420, 1, 4.948178673594774, D-LinkHomeHub
0, 0, 0, 1, 0, 0, 1, 0, 10356, 1, 0, 0, 0, 0, 0, 0, 0, 0, 16, 0, 2, 1, 40, 0, 0, D-LinkHomeHub
0, 0, 0, 1, 0, 0, 1, 0, 62, 1, 0, 0, 0, 0, 0, 0, 0, 0, 16, 0, 1, 2, 1420, 1, 4.858205658784978, D-LinkHomeHub
0, 0, 0, 1, 0, 0, 1, 0, 11736, 1, 0, 0, 0, 0, 0, 0, 0, 0, 16, 0, 2, 1, 40, 0, 0, D-LinkHomeHub
0, 0, 0, 1, 0, 0, 1, 0, 13116, 1, 0, 0, 0, 0, 0, 0, 0, 0, 16, 0, 2, 1, 40, 0, 0, D-LinkHomeHub
0, 0, 0, 1, 0, 0, 1, 0, 62, 1, 0, 0, 0, 0, 0, 0, 0, 0, 16, 0, 1, 2, 1420, 1, 4.895885009773968, D-LinkHomeHub
0, 0, 0, 1, 0, 0, 1, 0, 14496, 1, 0, 0, 0, 0, 0, 0, 0, 0, 16, 0, 2, 1, 40, 0, 0, D-LinkHomeHub
0, 0, 0, 1, 0, 0, 1, 0, 15876, 1, 0, 0, 0, 0, 0, 0, 0, 0, 16, 0, 2, 1, 40, 0, 0, D-LinkHomeHub
0, 0, 0, 1, 0, 0, 1, 0, 17256, 1, 0, 0, 0, 0, 0, 0, 0, 0, 16, 0, 2, 1, 40, 0, 0, D-LinkHomeHub
0, 0, 0, 1, 0, 0, 1, 0, 17256, 1, 0, 0, 0, 0, 0, 0, 0, 0, 16, 0, 2, 1, 40, 0, 0, D-LinkHomeHub
0, 0, 0, 1, 0, 0, 1, 0, 17256, 1, 0, 0, 0, 0, 0, 0, 0, 0, 16, 0, 2, 1, 40, 0, 0, D-LinkHomeHub
0, 0, 0, 1, 0, 0, 1, 0, 17256, 1, 0, 0, 0, 0, 0, 0, 0, 0, 16, 0, 2, 1, 40, 0, 0, D-LinkHomeHub
0, 0, 0, 1, 0, 0, 1, 0, 17256, 1, 0, 0, 0, 0, 0, 0, 0, 0, 16, 0, 2, 1, 40, 0, 0, D-LinkHomeHub
0, 0, 0, 1, 0, 0, 1, 0, 62, 1, 0, 0, 0, 0, 0, 0, 0, 0, 16, 0, 1, 2, 1420, 1, 4.987879808656736, D-LinkHomeHub
0, 0, 0, 1, 0, 0, 1, 0, 62, 1, 0, 0, 0, 0, 0, 0, 0, 0, 16, 0, 1, 2, 1420, 1, 2.2804521522940884, D-LinkHomeHub
0, 0, 0, 1, 0, 0, 1, 0, 62, 1, 0, 0, 0, 0, 0, 0, 0, 0, 16, 0, 1, 2, 1420, 1, 4.959433610616253, D-LinkHomeHub
0, 0, 0, 1, 0, 0, 1, 0, 62, 1, 0, 0, 0, 0, 0, 0, 0, 0, 16, 0, 1, 2, 1420, 1, 5.030567920549125, D-LinkHomeHub
0, 0, 0, 1, 0, 0, 1, 0, 62, 1, 0, 0, 0, 0, 0, 0, 0, 0, 16, 0, 1, 2, 1420, 1, 5.486962106766959, D-LinkHomeHub
0, 0, 0, 1, 0, 0, 1, 0, 62, 1, 0, 0, 0, 0, 0, 0, 0, 0, 16, 0, 1, 2, 1420, 1, 5.275499960575386, D-LinkHomeHub
0, 0, 0, 1, 0, 0, 1, 0, 62, 1, 0, 0, 0, 0, 0, 0, 0, 0, 16, 0, 1, 2, 1420, 1, 5.368642128994286, D-LinkHomeHub
0, 0, 0, 1, 0, 0, 1, 0, 62, 1, 0, 0, 0, 0, 0, 0, 0, 0, 16, 0, 1, 2, 1420, 1, 5.096465867957699, D-LinkHomeHub
0, 0, 0, 1, 0, 0, 1, 0, 62, 1, 0, 0, 0, 0, 0, 0, 0, 0, 16, 0, 1, 2, 1420, 1, 5.360235701706566, D-LinkHomeHub
0, 0, 0, 1, 0, 0, 1, 0, 62, 1, 0, 0, 0, 0, 0, 0, 0, 0, 16, 0, 1, 2, 1420, 1, 5.624554228198227, D-LinkHomeHub
0, 0, 0, 1, 0, 0, 1, 0, 17256, 1, 0, 0, 0, 0, 0, 0, 0, 0, 16, 0, 2, 1, 40, 0, 0, D-LinkHomeHub
0, 0, 0, 1, 0, 0, 1, 0, 62, 1, 0, 0, 0, 0, 0, 0, 0, 0, 16, 0, 1, 2, 1420, 1, 5.367202016209617, D-LinkHomeHub
0, 0, 0, 1, 0, 0, 1, 0, 62, 1, 0, 0, 0, 0, 0, 0, 0, 0, 16, 0, 1, 2, 1420, 1, 4.895779459485625, D-LinkHomeHub
0, 0, 0, 1, 0, 0, 1, 0, 17256, 1, 0, 0, 0, 0, 0, 0, 0, 0, 16, 0, 2, 1, 40, 0, 0, D-LinkHomeHub
0, 0, 0, 1, 0, 0, 1, 0, 62, 1, 0, 0, 0, 0, 0, 0, 0, 0, 16, 0, 1, 2, 1420, 1, 5.329849773468612, D-LinkHomeHub
0, 0, 0, 1, 0, 0, 1, 0, 62, 1, 0, 0, 0, 0, 0, 0, 0, 0, 16, 0, 1, 2, 1420, 1, 5.310945217185746, D-LinkHomeHub
0, 0, 0, 1, 0, 0, 1, 0, 62, 1, 0, 0, 0, 0, 0, 0, 0, 0, 16, 0, 1, 2, 1420, 1, 5.508045040083824, D-LinkHomeHub
0, 0, 0, 1, 0, 0, 1, 0, 62, 1, 0, 0, 0, 0, 0, 0, 0, 0, 16, 0, 1, 2, 1420, 1, 5.275771348377532, D-LinkHomeHub
0, 0, 0, 1, 0, 0, 1, 0, 17256, 1, 0, 0, 0, 0, 0, 0, 0, 0, 16, 0, 2, 1, 40, 0, 0, D-LinkHomeHub
0, 0, 0, 1, 0, 0, 1, 0, 62, 1, 0, 0, 0, 0, 0, 0, 0, 0, 16, 0, 1, 2, 1420, 1, 5.399569470428713, D-LinkHomeHub
0, 0, 0, 1, 0, 0, 1, 0, 62, 1, 0, 0, 0, 0, 0, 0, 0, 0, 16, 0, 1, 2, 1420, 1, 5.373607622047951, D-LinkHomeHub
0, 0, 0, 1, 0, 0, 1, 0, 62, 1, 0, 0, 0, 0, 0, 0, 0, 0, 16, 0, 1, 2, 1420, 1, 5.481304236573408, D-LinkHomeHub
0, 0, 0, 1, 0, 0, 1, 0, 62, 1, 0, 0, 0, 0, 0, 0, 0, 0, 16, 0, 1, 2, 1420, 1, 5.271981550463617, D-LinkHomeHub
0, 0, 0, 1, 0, 0, 1, 0, 17256, 1, 0, 0, 0, 0, 0, 0, 0, 0, 16, 0, 2, 1, 40, 0, 0, D-LinkHomeHub
0, 0, 0, 1, 0, 0, 1, 0, 62, 1, 0, 0, 0, 0, 0, 0, 0, 0, 16, 0, 1, 2, 1420, 1, 5.696613991268025, D-LinkHomeHub
0, 0, 0, 1, 0, 0, 1, 0, 62, 1, 0, 0, 0, 0, 0, 0, 0, 0, 16, 0, 1, 2, 1420, 1, 5.446413711055755, D-LinkHomeHub
0, 0, 0, 1, 0, 0, 1, 0, 62, 1, 0, 0, 0, 0, 0, 0, 0, 0, 16, 0, 1, 2, 1420, 1, 5.449339248791913, D-LinkHomeHub
0, 0, 0, 1, 0, 0, 1, 0, 17256, 1, 0, 0, 0, 0, 0, 0, 0, 0, 16, 0, 2, 1, 40, 0, 0, D-LinkHomeHub
0, 0, 0, 1, 0, 0, 1, 0, 9206, 1, 0, 0, 0, 0, 0, 0, 0, 0, 16, 0, 2, 1, 40, 0, 0, D-LinkHomeHub
0, 0, 0, 1, 0, 0, 1, 0, 62, 1, 0, 0, 0, 0, 0, 0, 0, 0, 16, 0, 1, 2, 1420, 1, 5.350927725343782, D-LinkHomeHub
0, 0, 0, 1, 0, 0, 1, 0, 62, 1, 0, 0, 0, 0, 0, 0, 0, 0, 16, 0, 1, 2, 1420, 1, 5.6235107725097055, D-LinkHomeHub
0, 0, 0, 1, 0, 0, 1, 0, 62, 1, 0, 0, 0, 0, 0, 0, 0, 0, 16, 0, 1, 2, 1420, 1, 5.139261775098225, D-LinkHomeHub
0, 0, 0, 1, 0, 0, 1, 0, 62, 1, 0, 0, 0, 0, 0, 0, 0, 0, 16, 0, 1, 2, 1420, 1, 5.387367760795596, D-LinkHomeHub
0, 0, 0, 1, 0, 0, 1, 0, 62, 1, 0, 0, 0, 0, 0, 0, 0, 0, 16, 0, 1, 2, 1420, 1, 5.186427686076622, D-LinkHomeHub
0, 0, 0, 1, 0, 0, 1, 0, 62, 1, 0, 0, 0, 0, 0, 0, 0, 0, 16, 0, 1, 2, 1420, 1, 5.484921043449279, D-LinkHomeHub
0, 0, 0, 1, 0, 0, 1, 0, 62, 1, 0, 0, 0, 0, 0, 0, 0, 0, 16, 0, 1, 2, 1420, 1, 5.270732043297935, D-LinkHomeHub
0, 0, 0, 1, 0, 0, 1, 0, 62, 1, 0, 0, 0, 0, 0, 0, 0, 0, 16, 0, 1, 2, 1420, 1, 5.224875988603999, D-LinkHomeHub
0, 0, 0, 1, 0, 0, 1, 0, 62, 1, 0, 0, 0, 0, 0, 0, 0, 0, 16, 0, 1, 2, 1420, 1, 5.279065556547534, D-LinkHomeHub
0, 0, 0, 1, 0, 0, 1, 0, 62, 1, 0, 0, 0, 0, 0, 0, 0, 0, 16, 0, 1, 2, 1420, 1, 5.214675382822577, D-LinkHomeHub
0, 0, 0, 1, 0, 0, 1, 0, 17256, 1, 0, 0, 0, 0, 0, 0, 0, 0, 16, 0, 2, 1, 40, 0, 0, D-LinkHomeHub
0, 0, 0, 1, 0, 0, 1, 0, 62, 1, 0, 0, 0, 0, 0, 0, 0, 0, 16, 0, 1, 2, 1420, 1, 5.221806260525911, D-LinkHomeHub
0, 0, 0, 1, 0, 0, 1, 0, 62, 1, 0, 0, 0, 0, 0, 0, 0, 0, 16, 0, 1, 2, 1420, 1, 5.0591859926201375, D-LinkHomeHub
0, 0, 0, 1, 0, 0, 1, 0, 17256, 1, 0, 0, 0, 0, 0, 0, 0, 0, 16, 0, 2, 1, 40, 0, 0, D-LinkHomeHub
0, 0, 0, 1, 0, 0, 1, 0, 17256, 1, 0, 0, 0, 0, 0, 0, 0, 0, 16, 0, 2, 1, 40, 0, 0, D-LinkHomeHub
0, 0, 0, 1, 0, 0, 1, 0, 17256, 1, 0, 0, 0, 0, 0, 0, 0, 0, 16, 0, 2, 1, 40, 0, 0, D-LinkHomeHub
0, 0, 0, 1, 0, 0, 1, 0, 17256, 1, 0, 0, 0, 0, 0, 0, 0, 0, 16, 0, 2, 1, 40, 0, 0, D-LinkHomeHub
0, 0, 0, 1, 0, 0, 1, 0, 17256, 1, 0, 0, 0, 0, 0, 0, 0, 0, 16, 0, 2, 1, 40, 0, 0, D-LinkHomeHub
0, 0, 0, 1, 0, 0, 1, 0, 62, 1, 0, 0, 0, 0, 0, 0, 0, 0, 16, 0, 1, 2, 1420, 1, 5.378093373179843, D-LinkHomeHub
0, 0, 0, 1, 0, 0, 1, 0, 17256, 1, 0, 0, 0, 0, 0, 0, 0, 0, 16, 0, 2, 1, 40, 0, 0, D-LinkHomeHub
0, 0, 0, 1, 0, 0, 1, 0, 62, 1, 0, 0, 0, 0, 0, 0, 0, 0, 16, 0, 1, 2, 1420, 1, 5.125458483899728, D-LinkHomeHub
0, 0, 0, 1, 0, 0, 1, 0, 62, 1, 0, 0, 0, 0, 0, 0, 0, 0, 16, 0, 1, 2, 1420, 1, 5.290686747776377, D-LinkHomeHub
0, 0, 0, 1, 0, 0, 1, 0, 62, 1, 0, 0, 0, 0, 0, 0, 0, 0, 16, 0, 1, 2, 1420, 1, 5.241273243268617, D-LinkHomeHub
0, 0, 0, 1, 0, 0, 1, 0, 62, 1, 0, 0, 0, 0, 0, 0, 0, 0, 16, 0, 1, 2, 1420, 1, 5.425545829867716, D-LinkHomeHub
0, 0, 0, 1, 0, 0, 1, 0, 62, 1, 0, 0, 0, 0, 0, 0, 0, 0, 16, 0, 1, 2, 1420, 1, 5.32839492338226, D-LinkHomeHub
0, 0, 0, 1, 0, 0, 1, 0, 62, 1, 0, 0, 0, 0, 0, 0, 0, 0, 16, 0, 1, 2, 1420, 1, 5.400909891206579, D-LinkHomeHub
0, 0, 0, 1, 0, 0, 1, 0, 62, 1, 0, 0, 0, 0, 0, 0, 0, 0, 16, 0, 1, 2, 1420, 1, 4.7401294930169255, D-LinkHomeHub
0, 0, 0, 1, 0, 0, 1, 0, 62, 1, 0, 0, 0, 0, 0, 0, 0, 0, 16, 0, 1, 2, 1420, 1, 5.048169367086987, D-LinkHomeHub
0, 0, 0, 1, 0, 0, 1, 0, 62, 1, 0, 0, 0, 0, 0, 0, 0, 0, 16, 0, 1, 2, 1420, 1, 5.004241698043753, D-LinkHomeHub
0, 0, 0, 1, 0, 0, 1, 0, 62, 1, 0, 0, 0, 0, 0, 0, 0, 0, 16, 0, 1, 2, 1420, 1, 5.1125424714846055, D-LinkHomeHub
0, 0, 0, 1, 0, 0, 1, 0, 62, 1, 0, 0, 0, 0, 0, 0, 0, 0, 16, 0, 1, 2, 1420, 1, 5.0051213076850845, D-LinkHomeHub
0, 0, 0, 1, 0, 0, 1, 0, 17256, 1, 0, 0, 0, 0, 0, 0, 0, 0, 16, 0, 2, 1, 40, 0, 0, D-LinkHomeHub
0, 0, 0, 1, 0, 0, 1, 0, 62, 1, 0, 0, 0, 0, 0, 0, 0, 0, 16, 0, 1, 2, 1420, 1, 5.018811121361574, D-LinkHomeHub
0, 0, 0, 1, 0, 0, 1, 0, 62, 1, 0, 0, 0, 0, 0, 0, 0, 0, 16, 0, 1, 2, 1420, 1, 5.222569053819502, D-LinkHomeHub
0, 0, 0, 1, 0, 0, 1, 0, 62, 1, 0, 0, 0, 0, 0, 0, 0, 0, 16, 0, 1, 2, 1420, 1, 5.470580880737453, D-LinkHomeHub
0, 0, 0, 1, 0, 0, 1, 0, 62, 1, 0, 0, 0, 0, 0, 0, 0, 0, 16, 0, 1, 2, 1420, 1, 5.181814271732824, D-LinkHomeHub
0, 0, 0, 1, 0, 0, 1, 0, 17256, 1, 0, 0, 0, 0, 0, 0, 0, 0, 16, 0, 2, 1, 40, 0, 0, D-LinkHomeHub
0, 0, 0, 1, 0, 0, 1, 0, 62, 1, 0, 0, 0, 0, 0, 0, 0, 0, 16, 0, 1, 2, 1420, 1, 5.295779826115919, D-LinkHomeHub
0, 0, 0, 1, 0, 0, 1, 0, 62, 1, 0, 0, 0, 0, 0, 0, 0, 0, 16, 0, 1, 2, 1420, 1, 5.399786498197485, D-LinkHomeHub
0, 0, 0, 1, 0, 0, 1, 0, 17256, 1, 0, 0, 0, 0, 0, 0, 0, 0, 16, 0, 2, 1, 40, 0, 0, D-LinkHomeHub
0, 0, 0, 1, 0, 0, 1, 0, 62, 1, 0, 0, 0, 0, 0, 0, 0, 0, 16, 0, 1, 2, 1420, 1, 5.356965427071776, D-LinkHomeHub
0, 0, 0, 1, 0, 0, 1, 0, 62, 1, 0, 0, 0, 0, 0, 0, 0, 0, 16, 0, 1, 2, 1420, 1, 5.42858371529183, D-LinkHomeHub
0, 0, 0, 1, 0, 0, 1, 0, 62, 1, 0, 0, 0, 0, 0, 0, 0, 0, 16, 0, 1, 2, 1420, 1, 5.146212643982459, D-LinkHomeHub
0, 0, 0, 1, 0, 0, 1, 0, 62, 1, 0, 0, 0, 0, 0, 0, 0, 0, 16, 0, 1, 2, 1420, 1, 5.293509779575485, D-LinkHomeHub
0, 0, 0, 1, 0, 0, 1, 0, 17256, 1, 0, 0, 0, 0, 0, 0, 0, 0, 16, 0, 2, 1, 40, 0, 0, D-LinkHomeHub
0, 0, 0, 1, 0, 0, 1, 0, 62, 1, 0, 0, 0, 0, 0, 0, 0, 0, 16, 0, 1, 2, 1420, 1, 5.157459327844779, D-LinkHomeHub
0, 0, 0, 1, 0, 0, 1, 0, 62, 1, 0, 0, 0, 0, 0, 0, 0, 0, 16, 0, 1, 2, 1420, 1, 5.344532013493736, D-LinkHomeHub
0, 0, 0, 1, 0, 0, 1, 0, 62, 1, 0, 0, 0, 0, 0, 0, 0, 0, 16, 0, 1, 2, 1420, 1, 5.317279711540171, D-LinkHomeHub
0, 0, 0, 1, 0, 0, 1, 0, 17256, 1, 0, 0, 0, 0, 0, 0, 0, 0, 16, 0, 2, 1, 40, 0, 0, D-LinkHomeHub
0, 0, 0, 1, 0, 0, 1, 0, 17256, 1, 0, 0, 0, 0, 0, 0, 0, 0, 16, 0, 2, 1, 40, 0, 0, D-LinkHomeHub
0, 0, 0, 1, 0, 0, 1, 0, 17256, 1, 0, 0, 0, 0, 0, 0, 0, 0, 16, 0, 2, 1, 40, 0, 0, D-LinkHomeHub
0, 0, 0, 1, 0, 0, 1, 0, 17256, 1, 0, 0, 0, 0, 0, 0, 0, 0, 16, 0, 2, 1, 40, 0, 0, D-LinkHomeHub
0, 0, 0, 1, 0, 0, 1, 0, 17256, 1, 0, 0, 0, 0, 0, 0, 0, 0, 16, 0, 2, 1, 40, 0, 0, D-LinkHomeHub
0, 0, 0, 1, 0, 0, 1, 0, 17256, 1, 0, 0, 0, 0, 0, 0, 0, 0, 16, 0, 2, 1, 40, 0, 0, D-LinkHomeHub
0, 0, 0, 1, 0, 0, 1, 0, 17256, 1, 0, 0, 0, 0, 0, 0, 0, 0, 16, 0, 2, 1, 40, 0, 0, D-LinkHomeHub
0, 0, 0, 1, 0, 0, 1, 0, 17256, 1, 0, 0, 0, 0, 0, 0, 0, 0, 16, 0, 2, 1, 40, 0, 0, D-LinkHomeHub
0, 0, 0, 1, 0, 0, 0, 1, 0, 0, 0, 0, 0, 0, 0, 1, 0, 0, 16, 0, 2, 2, 376, 0, 0, D-LinkHomeHub
0, 0, 0, 1, 0, 0, 0, 1, 0, 0, 0, 0, 0, 0, 0, 1, 0, 0, 16, 0, 2, 2, 83, 0, 0, D-LinkHomeHub
0, 0, 0, 1, 0, 0, 1, 0, 62, 1, 0, 0, 0, 0, 0, 0, 0, 0, 16, 0, 1, 2, 1420, 1, 5.345139675454742, D-LinkHomeHub
0, 0, 0, 1, 0, 0, 1, 0, 17256, 1, 0, 0, 0, 0, 0, 0, 0, 0, 16, 0, 2, 1, 40, 0, 0, D-LinkHomeHub
0, 0, 0, 1, 0, 0, 1, 0, 62, 1, 0, 0, 0, 0, 0, 0, 0, 0, 16, 0, 1, 2, 1420, 1, 5.449347312493198, D-LinkHomeHub
0, 0, 0, 1, 0, 0, 1, 0, 62, 1, 0, 0, 0, 0, 0, 0, 0, 0, 16, 0, 1, 2, 1420, 1, 5.307081231611591, D-LinkHomeHub
0, 0, 0, 1, 0, 0, 1, 0, 62, 1, 0, 0, 0, 0, 0, 0, 0, 0, 16, 0, 1, 2, 1420, 1, 5.063371958706965, D-LinkHomeHub
0, 0, 0, 1, 0, 0, 1, 0, 62, 1, 0, 0, 0, 0, 0, 0, 0, 0, 16, 0, 1, 2, 1420, 1, 5.3151476449820905, D-LinkHomeHub
0, 0, 0, 1, 0, 0, 1, 0, 62, 1, 0, 0, 0, 0, 0, 0, 0, 0, 16, 0, 1, 2, 1420, 1, 5.422914194398913, D-LinkHomeHub
0, 0, 0, 1, 0, 0, 1, 0, 62, 1, 0, 0, 0, 0, 0, 0, 0, 0, 16, 0, 1, 2, 1420, 1, 5.565683602585836, D-LinkHomeHub
0, 0, 0, 1, 0, 0, 1, 0, 62, 1, 0, 0, 0, 0, 0, 0, 0, 0, 16, 0, 1, 2, 1420, 1, 5.316668845642885, D-LinkHomeHub
0, 0, 0, 1, 0, 0, 1, 0, 62, 1, 0, 0, 0, 0, 0, 0, 0, 0, 16, 0, 1, 2, 1420, 1, 5.267896294017325, D-LinkHomeHub
0, 0, 0, 1, 0, 0, 1, 0, 62, 1, 0, 0, 0, 0, 0, 0, 0, 0, 16, 0, 1, 2, 1420, 1, 5.3732362767916495, D-LinkHomeHub
0, 0, 0, 1, 0, 0, 1, 0, 62, 1, 0, 0, 0, 0, 0, 0, 0, 0, 16, 0, 1, 2, 1420, 1, 4.8147769322387814, D-LinkHomeHub
0, 0, 0, 1, 0, 0, 1, 0, 62, 1, 0, 0, 0, 0, 0, 0, 0, 0, 16, 0, 1, 2, 1420, 1, 4.800224271140776, D-LinkHomeHub
0, 0, 0, 1, 0, 0, 1, 0, 17256, 1, 0, 0, 0, 0, 0, 0, 0, 0, 16, 0, 2, 1, 40, 0, 0, D-LinkHomeHub
0, 0, 0, 1, 0, 0, 1, 0, 62, 1, 0, 0, 0, 0, 0, 0, 0, 0, 16, 0, 1, 2, 1420, 1, 5.150051085535787, D-LinkHomeHub
0, 0, 0, 1, 0, 0, 1, 0, 62, 1, 0, 0, 0, 0, 0, 0, 0, 0, 16, 0, 1, 2, 1420, 1, 5.268357387798758, D-LinkHomeHub
0, 0, 0, 1, 0, 0, 1, 0, 62, 1, 0, 0, 0, 0, 0, 0, 0, 0, 16, 0, 1, 2, 1420, 1, 5.353821223503421, D-LinkHomeHub
0, 0, 0, 1, 0, 0, 1, 0, 17256, 1, 0, 0, 0, 0, 0, 0, 0, 0, 16, 0, 2, 1, 40, 0, 0, D-LinkHomeHub
0, 0, 0, 1, 0, 0, 1, 0, 62, 1, 0, 0, 0, 0, 0, 0, 0, 0, 16, 0, 1, 2, 1420, 1, 5.137699232983645, D-LinkHomeHub
0, 0, 0, 1, 0, 0, 1, 0, 62, 1, 0, 0, 0, 0, 0, 0, 0, 0, 16, 0, 1, 2, 1420, 1, 5.411133762905172, D-LinkHomeHub
0, 0, 0, 1, 0, 0, 1, 0, 17256, 1, 0, 0, 0, 0, 0, 0, 0, 0, 16, 0, 2, 1, 40, 0, 0, D-LinkHomeHub
0, 0, 0, 1, 0, 0, 1, 0, 17256, 1, 0, 0, 0, 0, 0, 0, 0, 0, 16, 0, 2, 1, 40, 0, 0, D-LinkHomeHub
0, 0, 0, 1, 0, 0, 1, 0, 17256, 1, 0, 0, 0, 0, 0, 0, 0, 0, 16, 0, 2, 1, 40, 0, 0, D-LinkHomeHub
0, 0, 0, 1, 0, 0, 1, 0, 17256, 1, 0, 0, 0, 0, 0, 0, 0, 0, 16, 0, 2, 1, 40, 0, 0, D-LinkHomeHub
0, 0, 0, 1, 0, 0, 1, 0, 17256, 1, 0, 0, 0, 0, 0, 0, 0, 0, 16, 0, 2, 1, 40, 0, 0, D-LinkHomeHub
0, 0, 0, 1, 0, 0, 1, 0, 17256, 1, 0, 0, 0, 0, 0, 0, 0, 0, 16, 0, 2, 1, 40, 0, 0, D-LinkHomeHub
0, 0, 0, 1, 0, 0, 1, 0, 62, 1, 0, 0, 0, 0, 0, 0, 0, 0, 16, 0, 1, 2, 1420, 1, 5.095265894577033, D-LinkHomeHub
0, 0, 0, 1, 0, 0, 1, 0, 62, 1, 0, 0, 0, 0, 0, 0, 0, 0, 16, 0, 1, 2, 1420, 1, 5.225650059872157, D-LinkHomeHub
0, 0, 0, 1, 0, 0, 1, 0, 62, 1, 0, 0, 0, 0, 0, 0, 0, 0, 16, 0, 1, 2, 1420, 1, 5.044625704661504, D-LinkHomeHub
0, 0, 0, 1, 0, 0, 1, 0, 62, 1, 0, 0, 0, 0, 0, 0, 0, 0, 16, 0, 1, 2, 1420, 1, 5.037678036856854, D-LinkHomeHub
0, 0, 0, 1, 0, 0, 1, 0, 62, 1, 0, 0, 0, 0, 0, 0, 0, 0, 16, 0, 1, 2, 1420, 1, 5.481678337584601, D-LinkHomeHub
0, 0, 0, 1, 0, 0, 1, 0, 62, 1, 0, 0, 0, 0, 0, 0, 0, 0, 16, 0, 1, 2, 1420, 1, 5.395577327762981, D-LinkHomeHub
0, 0, 0, 1, 0, 0, 1, 0, 62, 1, 0, 0, 0, 0, 0, 0, 0, 0, 16, 0, 1, 2, 1420, 1, 5.530398689641437, D-LinkHomeHub
0, 0, 0, 1, 0, 0, 1, 0, 62, 1, 0, 0, 0, 0, 0, 0, 0, 0, 16, 0, 1, 2, 1420, 1, 5.540981051943266, D-LinkHomeHub
0, 0, 0, 1, 0, 0, 1, 0, 17256, 1, 0, 0, 0, 0, 0, 0, 0, 0, 16, 0, 2, 1, 40, 0, 0, D-LinkHomeHub
0, 0, 0, 1, 0, 0, 1, 0, 17256, 1, 0, 0, 0, 0, 0, 0, 0, 0, 16, 0, 2, 1, 40, 0, 0, D-LinkHomeHub
0, 0, 0, 1, 0, 0, 1, 0, 17256, 1, 0, 0, 0, 0, 0, 0, 0, 0, 16, 0, 2, 1, 40, 0, 0, D-LinkHomeHub
0, 0, 0, 1, 0, 0, 1, 0, 17256, 1, 0, 0, 0, 0, 0, 0, 0, 0, 16, 0, 2, 1, 40, 0, 0, D-LinkHomeHub
0, 0, 0, 1, 0, 0, 1, 0, 62, 1, 0, 0, 0, 0, 0, 0, 0, 0, 16, 0, 1, 2, 1420, 1, 5.488158540466965, D-LinkHomeHub
0, 0, 0, 1, 0, 0, 1, 0, 17256, 1, 0, 0, 0, 0, 0, 0, 0, 0, 16, 0, 2, 1, 40, 0, 0, D-LinkHomeHub
0, 0, 0, 1, 0, 0, 1, 0, 62, 1, 0, 0, 0, 0, 0, 0, 0, 0, 16, 0, 1, 2, 1420, 1, 5.343489156405615, D-LinkHomeHub
0, 0, 0, 1, 0, 0, 1, 0, 62, 1, 0, 0, 0, 0, 0, 0, 0, 0, 16, 0, 1, 2, 1420, 1, 5.443786533454581, D-LinkHomeHub
0, 0, 0, 1, 0, 0, 1, 0, 62, 1, 0, 0, 0, 0, 0, 0, 0, 0, 16, 0, 1, 2, 1420, 1, 5.5370409762333415, D-LinkHomeHub
0, 0, 0, 1, 0, 0, 1, 0, 62, 1, 0, 0, 0, 0, 0, 0, 0, 0, 16, 0, 1, 2, 1420, 1, 5.156273417434089, D-LinkHomeHub
0, 0, 0, 1, 0, 0, 1, 0, 62, 1, 0, 0, 0, 0, 0, 0, 0, 0, 16, 0, 1, 2, 1420, 1, 5.25458972826155, D-LinkHomeHub
0, 0, 0, 1, 0, 0, 1, 0, 62, 1, 0, 0, 0, 0, 0, 0, 0, 0, 16, 0, 1, 2, 1420, 1, 5.023122598985199, D-LinkHomeHub
0, 0, 0, 1, 0, 0, 1, 0, 62, 1, 0, 0, 0, 0, 0, 0, 0, 0, 16, 0, 1, 2, 1420, 1, 5.389105175470897, D-LinkHomeHub
0, 0, 0, 1, 0, 0, 1, 0, 62, 1, 0, 0, 0, 0, 0, 0, 0, 0, 16, 0, 1, 2, 1420, 1, 4.902110267571863, D-LinkHomeHub
0, 0, 0, 1, 0, 0, 1, 0, 62, 1, 0, 0, 0, 0, 0, 0, 0, 0, 16, 0, 1, 2, 1420, 1, 5.0085041684975105, D-LinkHomeHub
0, 0, 0, 1, 0, 0, 1, 0, 62, 1, 0, 0, 0, 0, 0, 0, 0, 0, 16, 0, 1, 2, 1420, 1, 5.05964725617712, D-LinkHomeHub
0, 0, 0, 1, 0, 0, 1, 0, 17256, 1, 0, 0, 0, 0, 0, 0, 0, 0, 16, 0, 2, 1, 40, 0, 0, D-LinkHomeHub
0, 0, 0, 1, 0, 0, 1, 0, 62, 1, 0, 0, 0, 0, 0, 0, 0, 0, 16, 0, 1, 2, 1420, 1, 5.040552621542489, D-LinkHomeHub
0, 0, 0, 1, 0, 0, 1, 0, 62, 1, 0, 0, 0, 0, 0, 0, 0, 0, 16, 0, 1, 2, 1420, 1, 5.054920741803622, D-LinkHomeHub
0, 0, 0, 1, 0, 0, 1, 0, 17256, 1, 0, 0, 0, 0, 0, 0, 0, 0, 16, 0, 2, 1, 40, 0, 0, D-LinkHomeHub
0, 0, 0, 1, 0, 0, 1, 0, 17256, 1, 0, 0, 0, 0, 0, 0, 0, 0, 16, 0, 2, 1, 40, 0, 0, D-LinkHomeHub
0, 0, 0, 1, 0, 0, 1, 0, 17256, 1, 0, 0, 0, 0, 0, 0, 0, 0, 16, 0, 2, 1, 40, 0, 0, D-LinkHomeHub
0, 0, 0, 1, 0, 0, 1, 0, 17256, 1, 0, 0, 0, 0, 0, 0, 0, 0, 16, 0, 2, 1, 40, 0, 0, D-LinkHomeHub
0, 0, 0, 1, 0, 0, 1, 0, 17256, 1, 0, 0, 0, 0, 0, 0, 0, 0, 16, 0, 2, 1, 40, 0, 0, D-LinkHomeHub
0, 0, 0, 1, 0, 0, 1, 0, 62, 1, 0, 0, 0, 0, 0, 0, 0, 0, 16, 0, 1, 2, 1420, 1, 5.342216179380484, D-LinkHomeHub
0, 0, 0, 1, 0, 0, 1, 0, 62, 1, 0, 0, 0, 0, 0, 0, 0, 0, 16, 0, 1, 2, 1420, 1, 5.313261729387169, D-LinkHomeHub
0, 0, 0, 1, 0, 0, 1, 0, 62, 1, 0, 0, 0, 0, 0, 0, 0, 0, 16, 0, 1, 2, 1420, 1, 5.5874629671496345, D-LinkHomeHub
0, 0, 0, 1, 0, 0, 1, 0, 62, 1, 0, 0, 0, 0, 0, 0, 0, 0, 16, 0, 1, 2, 1420, 1, 5.499671809539303, D-LinkHomeHub
0, 0, 0, 1, 0, 0, 1, 0, 62, 1, 0, 0, 0, 0, 0, 0, 0, 0, 16, 0, 1, 2, 1420, 1, 5.264924887019079, D-LinkHomeHub
0, 0, 0, 1, 0, 0, 1, 0, 62, 1, 0, 0, 0, 0, 0, 0, 0, 0, 16, 0, 1, 2, 1420, 1, 5.192946250931084, D-LinkHomeHub
0, 0, 0, 1, 0, 0, 1, 0, 62, 1, 0, 0, 0, 0, 0, 0, 0, 0, 16, 0, 1, 2, 1420, 1, 4.628054934709008, D-LinkHomeHub
0, 0, 0, 1, 0, 0, 1, 0, 62, 1, 0, 0, 0, 0, 0, 0, 0, 0, 16, 0, 1, 2, 1420, 1, 4.325501431649577, D-LinkHomeHub
0, 0, 0, 1, 0, 0, 1, 0, 62, 1, 0, 0, 0, 0, 0, 0, 0, 0, 16, 0, 1, 2, 1420, 1, 4.519421609539875, D-LinkHomeHub
0, 0, 0, 1, 0, 0, 1, 0, 17256, 1, 0, 0, 0, 0, 0, 0, 0, 0, 16, 0, 2, 1, 40, 0, 0, D-LinkHomeHub
0, 0, 0, 1, 0, 0, 1, 0, 62, 1, 0, 0, 0, 0, 0, 0, 0, 0, 16, 0, 1, 2, 1420, 1, 4.846688897567277, D-LinkHomeHub
0, 0, 0, 1, 0, 0, 1, 0, 62, 1, 0, 0, 0, 0, 0, 0, 0, 0, 16, 0, 1, 2, 1420, 1, 5.4212115749637455, D-LinkHomeHub
0, 0, 0, 1, 0, 0, 1, 0, 62, 1, 0, 0, 0, 0, 0, 0, 0, 0, 16, 0, 1, 2, 1420, 1, 4.965914485766262, D-LinkHomeHub
0, 0, 0, 1, 0, 0, 1, 0, 17256, 1, 0, 0, 0, 0, 0, 0, 0, 0, 16, 0, 2, 1, 40, 0, 0, D-LinkHomeHub
0, 0, 0, 1, 0, 0, 1, 0, 17256, 1, 0, 0, 0, 0, 0, 0, 0, 0, 16, 0, 2, 1, 40, 0, 0, D-LinkHomeHub
0, 0, 0, 1, 0, 0, 1, 0, 17256, 1, 0, 0, 0, 0, 0, 0, 0, 0, 16, 0, 2, 1, 40, 0, 0, D-LinkHomeHub
0, 0, 0, 1, 0, 0, 1, 0, 17256, 1, 0, 0, 0, 0, 0, 0, 0, 0, 16, 0, 2, 1, 40, 0, 0, D-LinkHomeHub
0, 0, 0, 1, 0, 0, 1, 0, 17256, 1, 0, 0, 0, 0, 0, 0, 0, 0, 16, 0, 2, 1, 40, 0, 0, D-LinkHomeHub
0, 0, 0, 1, 0, 0, 1, 0, 62, 1, 0, 0, 0, 0, 0, 0, 0, 0, 16, 0, 1, 2, 1420, 1, 5.445289518924504, D-LinkHomeHub
0, 0, 0, 1, 0, 0, 1, 0, 62, 1, 0, 0, 0, 0, 0, 0, 0, 0, 16, 0, 1, 2, 1420, 1, 5.529468421235047, D-LinkHomeHub
0, 0, 0, 1, 0, 0, 1, 0, 62, 1, 0, 0, 0, 0, 0, 0, 0, 0, 16, 0, 1, 2, 1420, 1, 5.30874825676471, D-LinkHomeHub
0, 0, 0, 1, 0, 0, 1, 0, 62, 1, 0, 0, 0, 0, 0, 0, 0, 0, 16, 0, 1, 2, 1420, 1, 4.994473711735383, D-LinkHomeHub
0, 0, 0, 1, 0, 0, 1, 0, 62, 1, 0, 0, 0, 0, 0, 0, 0, 0, 16, 0, 1, 2, 1420, 1, 5.330027874510621, D-LinkHomeHub
0, 0, 0, 1, 0, 0, 1, 0, 62, 1, 0, 0, 0, 0, 0, 0, 0, 0, 16, 0, 1, 2, 1420, 1, 5.221844704394758, D-LinkHomeHub
0, 0, 0, 1, 0, 0, 1, 0, 62, 1, 0, 0, 0, 0, 0, 0, 0, 0, 16, 0, 1, 2, 1420, 1, 4.948783270906128, D-LinkHomeHub
0, 0, 0, 1, 0, 0, 1, 0, 17256, 1, 0, 0, 0, 0, 0, 0, 0, 0, 16, 0, 2, 1, 40, 0, 0, D-LinkHomeHub
0, 0, 0, 1, 0, 0, 1, 0, 62, 1, 0, 0, 0, 0, 0, 0, 0, 0, 16, 0, 1, 2, 1420, 1, 4.906122906434917, D-LinkHomeHub
0, 0, 0, 1, 0, 0, 1, 0, 62, 1, 0, 0, 0, 0, 0, 0, 0, 0, 16, 0, 1, 2, 1420, 1, 4.9917185905826, D-LinkHomeHub
0, 0, 0, 1, 0, 0, 1, 0, 17256, 1, 0, 0, 0, 0, 0, 0, 0, 0, 16, 0, 2, 1, 40, 0, 0, D-LinkHomeHub
0, 0, 0, 1, 0, 0, 1, 0, 62, 1, 0, 0, 0, 0, 0, 0, 0, 0, 16, 0, 1, 2, 1420, 1, 3.6494308302688743, D-LinkHomeHub
0, 0, 0, 1, 0, 0, 1, 0, 62, 1, 0, 0, 0, 0, 0, 0, 0, 0, 16, 0, 1, 2, 1420, 1, 2.853953099685199, D-LinkHomeHub
0, 0, 0, 1, 0, 0, 1, 0, 17256, 1, 0, 0, 0, 0, 0, 0, 0, 0, 16, 0, 2, 1, 40, 0, 0, D-LinkHomeHub
0, 0, 0, 1, 0, 0, 1, 0, 62, 1, 0, 0, 0, 0, 0, 0, 0, 0, 16, 0, 1, 2, 1420, 1, 1.7810262974535027, D-LinkHomeHub
0, 0, 0, 1, 0, 0, 1, 0, 17256, 1, 0, 0, 0, 0, 0, 0, 0, 0, 16, 0, 2, 1, 40, 0, 0, D-LinkHomeHub
0, 0, 0, 1, 0, 0, 1, 0, 62, 1, 0, 0, 0, 0, 0, 0, 0, 0, 16, 0, 1, 2, 1420, 1, 5.216322462816865, D-LinkHomeHub
0, 0, 0, 1, 0, 0, 1, 0, 17256, 1, 0, 0, 0, 0, 0, 0, 0, 0, 16, 0, 2, 1, 40, 0, 0, D-LinkHomeHub
0, 0, 0, 1, 0, 0, 1, 0, 17256, 1, 0, 0, 0, 0, 0, 0, 0, 0, 16, 0, 2, 1, 40, 0, 0, D-LinkHomeHub
0, 0, 0, 1, 0, 0, 1, 0, 62, 1, 0, 0, 0, 0, 0, 0, 0, 0, 16, 0, 1, 2, 1420, 1, 5.944738228945674, D-LinkHomeHub
0, 0, 0, 1, 0, 0, 1, 0, 62, 1, 0, 0, 0, 0, 0, 0, 0, 0, 16, 0, 1, 2, 1420, 1, 4.0905448332033085, D-LinkHomeHub
0, 0, 0, 1, 0, 0, 1, 0, 62, 1, 0, 0, 0, 0, 0, 0, 0, 0, 16, 0, 1, 2, 1420, 1, 5.007427450854121, D-LinkHomeHub
0, 0, 0, 1, 0, 0, 1, 0, 62, 1, 0, 0, 0, 0, 0, 0, 0, 0, 16, 0, 1, 2, 1420, 1, 4.668546939723383, D-LinkHomeHub
0, 0, 0, 1, 0, 0, 1, 0, 62, 1, 0, 0, 0, 0, 0, 0, 0, 0, 16, 0, 1, 2, 1420, 1, 3.647618224653381, D-LinkHomeHub
0, 0, 0, 1, 0, 0, 1, 0, 62, 1, 0, 0, 0, 0, 0, 0, 0, 0, 16, 0, 1, 2, 140, 1, 1.098213149896198, D-LinkHomeHub
0, 0, 0, 1, 0, 0, 1, 0, 17256, 1, 0, 0, 0, 0, 0, 0, 0, 0, 16, 0, 2, 1, 40, 0, 0, D-LinkHomeHub
0, 0, 0, 1, 0, 0, 1, 0, 17256, 1, 0, 0, 0, 0, 0, 0, 0, 0, 16, 0, 2, 1, 40, 0, 0, D-LinkHomeHub
0, 0, 0, 1, 0, 0, 1, 0, 17256, 1, 0, 0, 0, 0, 0, 0, 0, 0, 16, 0, 2, 1, 40, 0, 0, D-LinkHomeHub
0, 0, 0, 1, 0, 0, 1, 0, 17256, 1, 0, 0, 0, 0, 0, 0, 0, 0, 16, 0, 2, 1, 40, 0, 0, D-LinkHomeHub
0, 0, 0, 1, 0, 0, 1, 0, 17256, 1, 0, 0, 0, 0, 0, 0, 0, 0, 16, 0, 2, 1, 40, 0, 0, D-LinkHomeHub
0, 0, 0, 1, 0, 0, 1, 0, 62, 1, 0, 0, 0, 0, 0, 0, 0, 0, 16, 0, 1, 2, 40, 0, 0, D-LinkHomeHub
0, 0, 0, 1, 0, 0, 1, 0, 17256, 1, 0, 0, 0, 0, 0, 0, 0, 0, 16, 0, 2, 1, 40, 0, 0, D-LinkHomeHub
0, 0, 0, 1, 0, 0, 1, 0, 8440, 0, 1, 0, 0, 0, 0, 0, 0, 0, 16, 0, 3, 1, 40, 0, 0, D-LinkHomeHub
0, 0, 0, 1, 0, 0, 1, 0, 7060, 0, 1, 0, 0, 0, 0, 0, 0, 0, 16, 0, 3, 1, 40, 0, 0, D-LinkHomeHub
0, 0, 0, 1, 0, 0, 1, 0, 390, 0, 1, 0, 0, 0, 0, 0, 0, 0, 16, 0, 1, 3, 77, 1, 5.101345257520845, D-LinkHomeHub
0, 0, 0, 1, 0, 0, 1, 0, 390, 0, 1, 0, 0, 0, 0, 0, 0, 0, 16, 0, 1, 3, 40, 0, 0, D-LinkHomeHub
0, 0, 0, 1, 0, 0, 1, 0, 0, 0, 1, 0, 0, 0, 0, 0, 0, 0, 16, 0, 3, 1, 40, 0, 0, D-LinkHomeHub
0, 0, 0, 1, 0, 0, 1, 0, 657, 0, 1, 0, 0, 0, 0, 0, 0, 0, 16, 0, 1, 3, 77, 1, 4.939183095358683, D-LinkHomeHub
0, 0, 0, 1, 0, 0, 1, 0, 657, 0, 1, 0, 0, 0, 0, 0, 0, 0, 16, 0, 1, 3, 40, 0, 0, D-LinkHomeHub
0, 0, 0, 1, 0, 0, 1, 0, 0, 0, 1, 0, 0, 0, 0, 0, 0, 0, 16, 0, 3, 1, 40, 0, 0, D-LinkHomeHub
0, 0, 0, 1, 0, 0, 1, 0, 0, 0, 1, 0, 0, 0, 0, 0, 0, 0, 16, 0, 3, 1, 40, 0, 0, D-LinkHomeHub
0, 0, 0, 1, 0, 0, 1, 0, 0, 0, 1, 0, 0, 0, 0, 0, 0, 0, 16, 0, 3, 1, 40, 0, 0, D-LinkHomeHub
0, 0, 0, 1, 0, 0, 0, 1, 0, 0, 0, 0, 0, 0, 0, 1, 0, 0, 16, 0, 2, 2, 295, 0, 0, D-LinkHomeHub
0, 0, 0, 1, 0, 0, 0, 1, 0, 0, 0, 0, 0, 0, 0, 1, 0, 0, 16, 0, 2, 2, 376, 0, 0, D-LinkHomeHub
0, 0, 0, 1, 0, 0, 0, 1, 0, 0, 0, 0, 0, 0, 0, 1, 0, 0, 16, 0, 2, 2, 83, 0, 0, D-LinkHomeHub
0, 0, 0, 1, 0, 0, 0, 1, 0, 0, 0, 0, 0, 0, 1, 0, 0, 0, 16, 0, 2, 1, 63, 0, 0, D-LinkHomeHub
0, 0, 0, 1, 0, 0, 0, 1, 0, 0, 0, 0, 0, 0, 1, 0, 0, 0, 16, 0, 1, 2, 161, 0, 0, D-LinkHomeHub
0, 0, 0, 1, 0, 0, 1, 0, 5840, 0, 1, 0, 0, 0, 0, 0, 0, 0, 16, 0, 3, 1, 60, 0, 0, D-LinkHomeHub
0, 0, 0, 1, 0, 0, 1, 0, 17898, 0, 1, 0, 0, 0, 0, 0, 0, 0, 16, 0, 1, 3, 60, 0, 0, D-LinkHomeHub
0, 0, 0, 1, 0, 0, 1, 0, 2920, 0, 1, 0, 0, 0, 0, 0, 0, 0, 16, 0, 3, 1, 52, 0, 0, D-LinkHomeHub
0, 0, 0, 1, 0, 0, 1, 0, 2920, 0, 1, 0, 0, 0, 0, 0, 0, 0, 16, 0, 3, 1, 351, 1, 4.993053974734411, D-LinkHomeHub
0, 0, 0, 1, 0, 0, 1, 0, 75, 0, 1, 0, 0, 0, 0, 0, 0, 0, 16, 0, 1, 3, 52, 0, 0, D-LinkHomeHub
0, 0, 0, 1, 0, 0, 1, 0, 75, 0, 1, 0, 0, 0, 0, 0, 0, 0, 16, 0, 1, 3, 1420, 1, 7.151774764698955, D-LinkHomeHub
0, 0, 0, 1, 0, 0, 1, 0, 75, 0, 1, 0, 0, 0, 0, 0, 0, 0, 16, 0, 1, 3, 1420, 1, 7.246205454900595, D-LinkHomeHub
0, 0, 0, 1, 0, 0, 1, 0, 75, 0, 1, 0, 0, 0, 0, 0, 0, 0, 16, 0, 1, 3, 1135, 1, 7.6772183257006485, D-LinkHomeHub
0, 0, 0, 1, 0, 0, 1, 0, 4288, 0, 1, 0, 0, 0, 0, 0, 0, 0, 16, 0, 3, 1, 52, 0, 0, D-LinkHomeHub
0, 0, 0, 1, 0, 0, 1, 0, 5656, 0, 1, 0, 0, 0, 0, 0, 0, 0, 16, 0, 3, 1, 52, 0, 0, D-LinkHomeHub
0, 0, 0, 1, 0, 0, 1, 0, 7024, 0, 1, 0, 0, 0, 0, 0, 0, 0, 16, 0, 3, 1, 52, 0, 0, D-LinkHomeHub
0, 0, 0, 1, 0, 0, 1, 0, 7024, 0, 1, 0, 0, 0, 0, 0, 0, 0, 16, 0, 3, 1, 178, 1, 6.272748971649391, D-LinkHomeHub
0, 0, 0, 1, 0, 0, 1, 0, 75, 0, 1, 0, 0, 0, 0, 0, 0, 0, 16, 0, 1, 3, 278, 1, 6.9342501593855985, D-LinkHomeHub
0, 0, 0, 1, 0, 0, 1, 0, 7024, 0, 1, 0, 0, 0, 0, 0, 0, 0, 16, 0, 3, 1, 52, 0, 0, D-LinkHomeHub
0, 0, 0, 1, 0, 0, 1, 0, 7024, 0, 1, 0, 0, 0, 0, 0, 0, 0, 16, 0, 3, 1, 510, 1, 7.454505012200003, D-LinkHomeHub
0, 0, 0, 1, 0, 0, 1, 0, 79, 0, 1, 0, 0, 0, 0, 0, 0, 0, 16, 0, 1, 3, 52, 0, 0, D-LinkHomeHub
0, 0, 0, 1, 0, 0, 1, 0, 79, 0, 1, 0, 0, 0, 0, 0, 0, 0, 16, 0, 1, 3, 321, 1, 7.1938482360338725, D-LinkHomeHub
0, 0, 0, 1, 0, 0, 1, 0, 79, 0, 1, 0, 0, 0, 0, 0, 0, 0, 16, 0, 1, 3, 83, 1, 4.825164052322361, D-LinkHomeHub
0, 0, 0, 1, 0, 0, 1, 0, 7024, 0, 1, 0, 0, 0, 0, 0, 0, 0, 16, 0, 3, 1, 52, 0, 0, D-LinkHomeHub
0, 0, 0, 1, 0, 0, 1, 0, 5840, 0, 1, 0, 0, 0, 0, 0, 0, 0, 16, 0, 3, 1, 60, 0, 0, D-LinkHomeHub
0, 0, 0, 1, 0, 0, 1, 0, 17898, 0, 1, 0, 0, 0, 0, 0, 0, 0, 16, 0, 1, 3, 60, 0, 0, D-LinkHomeHub
0, 0, 0, 1, 0, 0, 1, 0, 2920, 0, 1, 0, 0, 0, 0, 0, 0, 0, 16, 0, 3, 1, 52, 0, 0, D-LinkHomeHub
0, 0, 0, 1, 0, 0, 1, 0, 2920, 0, 1, 0, 0, 0, 0, 0, 0, 0, 16, 0, 3, 1, 543, 1, 6.43627757767614, D-LinkHomeHub
0, 0, 0, 1, 0, 0, 1, 0, 75, 0, 1, 0, 0, 0, 0, 0, 0, 0, 16, 0, 1, 3, 52, 0, 0, D-LinkHomeHub
0, 0, 0, 1, 0, 0, 1, 0, 75, 0, 1, 0, 0, 0, 0, 0, 0, 0, 16, 0, 1, 3, 189, 1, 6.264172002978564, D-LinkHomeHub
0, 0, 0, 1, 0, 0, 1, 0, 2920, 0, 1, 0, 0, 0, 0, 0, 0, 0, 16, 0, 3, 1, 52, 0, 0, D-LinkHomeHub
0, 0, 0, 1, 0, 0, 1, 0, 2920, 0, 1, 0, 0, 0, 0, 0, 0, 0, 16, 0, 3, 1, 103, 1, 5.280268479226401, D-LinkHomeHub
0, 0, 0, 1, 0, 0, 1, 0, 75, 0, 1, 0, 0, 0, 0, 0, 0, 0, 16, 0, 1, 3, 52, 0, 0, D-LinkHomeHub
0, 0, 0, 1, 0, 0, 1, 0, 2920, 0, 1, 0, 0, 0, 0, 0, 0, 0, 16, 0, 3, 1, 400, 1, 7.322239842109669, D-LinkHomeHub
0, 0, 0, 1, 0, 0, 1, 0, 79, 0, 1, 0, 0, 0, 0, 0, 0, 0, 16, 0, 1, 3, 52, 0, 0, D-LinkHomeHub
0, 0, 0, 1, 0, 0, 1, 0, 79, 0, 1, 0, 0, 0, 0, 0, 0, 0, 16, 0, 1, 3, 448, 1, 7.46521183744441, D-LinkHomeHub
0, 0, 0, 1, 0, 0, 1, 0, 79, 0, 1, 0, 0, 0, 0, 0, 0, 0, 16, 0, 1, 3, 83, 1, 4.760647923290102, D-LinkHomeHub
0, 0, 0, 1, 0, 0, 0, 1, 0, 0, 0, 0, 0, 0, 1, 0, 0, 0, 16, 0, 2, 1, 65, 0, 0, D-LinkHomeHub
0, 0, 0, 1, 0, 0, 0, 1, 0, 0, 0, 0, 0, 0, 1, 0, 0, 0, 16, 0, 1, 2, 81, 0, 0, D-LinkHomeHub
0, 0, 0, 1, 0, 0, 1, 0, 5840, 0, 1, 0, 0, 0, 0, 0, 0, 0, 17, 0, 2, 1, 60, 0, 0, D-LinkHomeHub
0, 0, 0, 1, 0, 0, 1, 0, 3456, 0, 1, 0, 0, 0, 0, 0, 0, 0, 17, 0, 3, 1, 52, 0, 0, D-LinkHomeHub
0, 0, 0, 1, 0, 0, 1, 0, 2048, 0, 1, 0, 0, 0, 0, 0, 0, 0, 17, 0, 1, 2, 52, 0, 0, D-LinkHomeHub
0, 0, 0, 1, 0, 0, 1, 0, 2920, 0, 1, 0, 0, 0, 0, 0, 0, 0, 17, 0, 2, 1, 40, 0, 0, D-LinkHomeHub
0, 0, 0, 1, 0, 0, 1, 0, 2920, 0, 1, 0, 0, 0, 0, 0, 0, 0, 17, 0, 2, 1, 339, 1, 4.96970798814128, D-LinkHomeHub
0, 0, 0, 1, 0, 0, 1, 0, 390, 0, 1, 0, 0, 0, 0, 0, 0, 0, 17, 0, 1, 2, 40, 0, 0, D-LinkHomeHub
0, 0, 0, 1, 0, 0, 1, 0, 390, 0, 1, 0, 0, 0, 0, 0, 0, 0, 17, 0, 1, 2, 98, 1, 4.775073489831473, D-LinkHomeHub
0, 0, 0, 1, 0, 0, 1, 0, 390, 0, 1, 0, 0, 0, 0, 0, 0, 0, 17, 0, 1, 2, 1420, 1, 7.214848183228593, D-LinkHomeHub
0, 0, 0, 1, 0, 0, 1, 0, 390, 0, 1, 0, 0, 0, 0, 0, 0, 0, 17, 0, 1, 2, 1420, 1, 7.1070261665549275, D-LinkHomeHub
0, 0, 0, 1, 0, 0, 1, 0, 390, 0, 1, 0, 0, 0, 0, 0, 0, 0, 17, 0, 1, 2, 686, 1, 7.530092497800246, D-LinkHomeHub
0, 0, 0, 1, 0, 0, 1, 0, 2920, 0, 1, 0, 0, 0, 0, 0, 0, 0, 17, 0, 2, 1, 40, 0, 0, D-LinkHomeHub
0, 0, 0, 1, 0, 0, 1, 0, 4300, 0, 1, 0, 0, 0, 0, 0, 0, 0, 17, 0, 2, 1, 40, 0, 0, D-LinkHomeHub
0, 0, 0, 1, 0, 0, 1, 0, 5680, 0, 1, 0, 0, 0, 0, 0, 0, 0, 17, 0, 2, 1, 40, 0, 0, D-LinkHomeHub
0, 0, 0, 1, 0, 0, 1, 0, 7060, 0, 1, 0, 0, 0, 0, 0, 0, 0, 17, 0, 2, 1, 40, 0, 0, D-LinkHomeHub
0, 0, 0, 1, 0, 0, 1, 0, 390, 0, 1, 0, 0, 0, 0, 0, 0, 0, 17, 0, 1, 2, 378, 1, 7.274183375871454, D-LinkHomeHub
0, 0, 0, 1, 0, 0, 1, 0, 390, 0, 1, 0, 0, 0, 0, 0, 0, 0, 17, 0, 1, 2, 49, 1, 2.058813890331201, D-LinkHomeHub
0, 0, 0, 1, 0, 0, 1, 0, 7060, 0, 1, 0, 0, 0, 0, 0, 0, 0, 17, 0, 2, 1, 40, 0, 0, D-LinkHomeHub
0, 0, 0, 1, 0, 0, 1, 0, 7060, 0, 1, 0, 0, 0, 0, 0, 0, 0, 17, 0, 2, 1, 40, 0, 0, D-LinkHomeHub
0, 0, 0, 1, 0, 0, 1, 0, 7060, 0, 1, 0, 0, 0, 0, 0, 0, 0, 17, 0, 2, 1, 166, 1, 6.377868912108411, D-LinkHomeHub
0, 0, 0, 1, 0, 0, 1, 0, 390, 0, 1, 0, 0, 0, 0, 0, 0, 0, 17, 0, 1, 2, 159, 1, 6.401079212869595, D-LinkHomeHub
0, 0, 0, 1, 0, 0, 1, 0, 390, 0, 1, 0, 0, 0, 0, 0, 0, 0, 17, 0, 1, 2, 46, 1, 1.9182958340544896, D-LinkHomeHub
0, 0, 0, 1, 0, 0, 1, 0, 390, 0, 1, 0, 0, 0, 0, 0, 0, 0, 17, 0, 1, 2, 85, 1, 4.768979207152324, D-LinkHomeHub
0, 0, 0, 1, 0, 0, 1, 0, 7060, 0, 1, 0, 0, 0, 0, 0, 0, 0, 17, 0, 2, 1, 40, 0, 0, D-LinkHomeHub
0, 0, 0, 1, 0, 0, 1, 0, 7060, 0, 1, 0, 0, 0, 0, 0, 0, 0, 17, 0, 2, 1, 40, 0, 0, D-LinkHomeHub
0, 0, 0, 1, 0, 0, 1, 0, 7060, 0, 1, 0, 0, 0, 0, 0, 0, 0, 17, 0, 2, 1, 202, 1, 6.730010573752072, D-LinkHomeHub
0, 0, 0, 1, 0, 0, 1, 0, 390, 0, 1, 0, 0, 0, 0, 0, 0, 0, 17, 0, 1, 2, 40, 0, 0, D-LinkHomeHub
0, 0, 0, 1, 0, 0, 1, 0, 8763, 1, 0, 0, 0, 0, 0, 0, 0, 0, 17, 0, 1, 3, 52, 0, 0, D-LinkHomeHub
0, 0, 0, 1, 0, 0, 1, 0, 863, 1, 0, 0, 0, 0, 0, 0, 0, 0, 17, 0, 3, 1, 52, 0, 0, D-LinkHomeHub
0, 0, 0, 1, 0, 0, 1, 0, 390, 0, 1, 0, 0, 0, 0, 0, 0, 0, 17, 0, 1, 2, 40, 0, 0, D-LinkHomeHub
0, 0, 0, 1, 0, 0, 1, 0, 7060, 0, 1, 0, 0, 0, 0, 0, 0, 0, 17, 0, 2, 1, 40, 0, 0, D-LinkHomeHub
0, 0, 0, 1, 0, 0, 1, 0, 390, 0, 1, 0, 0, 0, 0, 0, 0, 0, 17, 0, 1, 2, 40, 0, 0, D-LinkHomeHub
0, 0, 0, 1, 0, 0, 1, 0, 7060, 0, 1, 0, 0, 0, 0, 0, 0, 0, 17, 0, 2, 1, 40, 0, 0, D-LinkHomeHub
1, 0, 0, 0, 0, 0, 0, 0, 0, 0, 0, 0, 0, 0, 0, 0, 0, 0, 17, 0, 0, 0, 0, 0, 0, D-LinkHomeHub
1, 0, 0, 0, 0, 0, 0, 0, 0, 0, 0, 0, 0, 0, 0, 0, 0, 0, 17, 0, 0, 0, 0, 0, 0, D-LinkHomeHub
0, 0, 0, 1, 0, 0, 1, 0, 390, 0, 1, 0, 0, 0, 0, 0, 0, 0, 17, 0, 1, 2, 40, 0, 0, D-LinkHomeHub
0, 0, 0, 1, 0, 0, 1, 0, 7060, 0, 1, 0, 0, 0, 0, 0, 0, 0, 17, 0, 2, 1, 40, 0, 0, D-LinkHomeHub
0, 0, 0, 1, 0, 0, 1, 0, 390, 0, 1, 0, 0, 0, 0, 0, 0, 0, 17, 0, 1, 2, 40, 0, 0, D-LinkHomeHub
0, 0, 0, 1, 0, 0, 1, 0, 7060, 0, 1, 0, 0, 0, 0, 0, 0, 0, 17, 0, 2, 1, 40, 0, 0, D-LinkHomeHub
0, 0, 0, 1, 0, 0, 1, 0, 390, 0, 1, 0, 0, 0, 0, 0, 0, 0, 17, 0, 1, 2, 40, 0, 0, D-LinkHomeHub
0, 0, 0, 1, 0, 0, 1, 0, 7060, 0, 1, 0, 0, 0, 0, 0, 0, 0, 17, 0, 2, 1, 40, 0, 0, D-LinkHomeHub
