0, 0, 1, 0, 0, 0, 0, 0, 0, 0, 0, 0, 0, 0, 0, 0, 0, 0, 0, 0, 0, 0, 117, 1, 4.143910998706718, D-LinkCam
0, 0, 1, 0, 0, 0, 0, 0, 0, 0, 0, 0, 0, 0, 0, 0, 0, 0, 0, 0, 0, 0, 95, 1, 1.6619141708708873, D-LinkCam
0, 0, 0, 1, 0, 0, 0, 1, 0, 0, 0, 1, 1, 0, 0, 0, 0, 0, 1, 0, 1, 1, 328, 0, 0, D-LinkCam
0, 0, 0, 1, 0, 0, 0, 1, 0, 0, 0, 0, 0, 0, 0, 1, 0, 0, 2, 0, 2, 2, 401, 0, 0, D-LinkCam
0, 0, 0, 1, 0, 0, 0, 1, 0, 0, 0, 1, 1, 0, 0, 0, 0, 0, 2, 0, 1, 1, 330, 0, 0, D-LinkCam
0, 0, 0, 1, 0, 0, 0, 1, 0, 0, 0, 0, 0, 0, 0, 1, 0, 0, 2, 0, 2, 2, 207, 0, 0, D-LinkCam
1, 0, 0, 0, 0, 0, 0, 0, 0, 0, 0, 0, 0, 0, 0, 0, 0, 0, 2, 0, 0, 0, 0, 0, 0, D-LinkCam
0, 0, 0, 1, 0, 0, 0, 1, 0, 0, 0, 0, 0, 0, 0, 1, 0, 0, 2, 0, 2, 2, 207, 0, 0, D-LinkCam
0, 0, 0, 1, 0, 0, 0, 0, 0, 0, 0, 0, 0, 0, 0, 0, 0, 0, 3, 0, 0, 0, 40, 1, 2.216917186688699, D-LinkCam
0, 0, 0, 1, 0, 0, 0, 0, 0, 0, 0, 0, 0, 0, 0, 0, 0, 0, 3, 0, 0, 0, 48, 1, 2.197338796187554, D-LinkCam
0, 0, 0, 1, 0, 0, 0, 0, 0, 0, 0, 0, 0, 0, 0, 0, 0, 0, 3, 0, 0, 0, 48, 1, 2.625814583693912, D-LinkCam
0, 0, 0, 1, 0, 0, 0, 0, 0, 0, 0, 0, 0, 0, 0, 0, 0, 0, 3, 0, 0, 0, 48, 1, 2.7091479170272454, D-LinkCam
0, 0, 0, 1, 0, 0, 0, 1, 0, 0, 0, 0, 0, 0, 0, 1, 0, 0, 3, 0, 2, 2, 147, 0, 0, D-LinkCam
0, 0, 0, 1, 0, 0, 0, 1, 0, 0, 0, 0, 0, 0, 0, 1, 0, 0, 3, 0, 2, 2, 151, 0, 0, D-LinkCam
0, 0, 0, 1, 0, 0, 0, 1, 0, 0, 0, 0, 0, 0, 0, 1, 0, 0, 3, 0, 2, 2, 155, 0, 0, D-LinkCam
0, 0, 0, 1, 0, 0, 0, 1, 0, 0, 0, 0, 0, 0, 0, 1, 0, 0, 3, 0, 2, 2, 147, 0, 0, D-LinkCam
1, 0, 0, 0, 0, 0, 0, 0, 0, 0, 0, 0, 0, 0, 0, 0, 0, 0, 3, 0, 0, 0, 0, 0, 0, D-LinkCam
1, 0, 0, 0, 0, 0, 0, 0, 0, 0, 0, 0, 0, 0, 0, 0, 0, 0, 3, 0, 0, 0, 0, 0, 0, D-LinkCam
0, 0, 0, 1, 0, 0, 0, 1, 0, 0, 0, 0, 0, 0, 1, 0, 0, 0, 4, 0, 2, 1, 60, 0, 0, D-LinkCam
0, 0, 0, 1, 1, 0, 0, 0, 0, 0, 0, 0, 0, 0, 0, 0, 0, 0, 5, 0, 2, 1, 56, 0, 0, D-LinkCam
0, 0, 0, 1, 0, 0, 0, 1, 0, 0, 0, 0, 0, 0, 0, 1, 0, 0, 5, 0, 2, 2, 155, 0, 0, D-LinkCam
0, 0, 0, 1, 0, 0, 0, 1, 0, 0, 0, 0, 0, 0, 0, 1, 0, 0, 5, 0, 2, 2, 155, 0, 0, D-LinkCam
0, 0, 0, 1, 0, 0, 0, 1, 0, 0, 0, 0, 0, 0, 0, 1, 0, 0, 5, 0, 2, 2, 147, 0, 0, D-LinkCam
0, 0, 0, 1, 0, 0, 0, 1, 0, 0, 0, 0, 0, 0, 0, 1, 0, 0, 5, 0, 2, 2, 155, 0, 0, D-LinkCam
0, 0, 0, 1, 0, 0, 0, 1, 0, 0, 0, 0, 0, 0, 0, 1, 0, 0, 5, 0, 2, 2, 155, 0, 0, D-LinkCam
0, 0, 0, 1, 0, 0, 0, 1, 0, 0, 0, 0, 0, 0, 0, 1, 0, 0, 5, 0, 2, 2, 397, 0, 0, D-LinkCam
0, 0, 0, 1, 0, 0, 0, 0, 0, 0, 0, 0, 0, 0, 0, 0, 0, 0, 5, 0, 0, 0, 48, 1, 2.197338796187554, D-LinkCam
0, 0, 0, 1, 0, 0, 0, 1, 0, 0, 0, 0, 0, 0, 0, 1, 0, 0, 5, 0, 2, 2, 207, 0, 0, D-LinkCam
0, 0, 0, 1, 0, 0, 0, 1, 0, 0, 0, 0, 0, 1, 0, 0, 0, 0, 6, 0, 2, 2, 178, 1, 5.0470742555799255, D-LinkCam
0, 0, 0, 1, 0, 0, 0, 1, 0, 0, 0, 0, 0, 1, 0, 0, 0, 0, 6, 0, 2, 2, 165, 1, 4.912797041419015, D-LinkCam
0, 0, 0, 1, 0, 0, 0, 1, 0, 0, 0, 0, 0, 1, 0, 0, 0, 0, 6, 0, 2, 2, 224, 1, 5.17572925579648, D-LinkCam
0, 0, 0, 1, 0, 0, 0, 1, 0, 0, 0, 0, 0, 1, 0, 0, 0, 0, 6, 0, 2, 2, 226, 1, 5.1353661676329265, D-LinkCam
0, 0, 0, 1, 0, 0, 0, 1, 0, 0, 0, 0, 0, 1, 0, 0, 0, 0, 6, 0, 2, 2, 165, 1, 4.945383854898651, D-LinkCam
0, 0, 0, 1, 0, 0, 0, 1, 0, 0, 0, 0, 0, 1, 0, 0, 0, 0, 6, 0, 2, 2, 178, 1, 5.0470742555799255, D-LinkCam
0, 0, 0, 1, 0, 0, 0, 1, 0, 0, 0, 0, 0, 1, 0, 0, 0, 0, 6, 0, 2, 2, 165, 1, 4.912797041419015, D-LinkCam
0, 0, 0, 1, 0, 0, 0, 1, 0, 0, 0, 0, 0, 1, 0, 0, 0, 0, 6, 0, 2, 2, 224, 1, 5.17572925579648, D-LinkCam
0, 0, 0, 1, 0, 0, 0, 1, 0, 0, 0, 0, 0, 1, 0, 0, 0, 0, 6, 0, 2, 2, 226, 1, 5.1353661676329265, D-LinkCam
0, 0, 0, 1, 0, 0, 0, 1, 0, 0, 0, 0, 0, 1, 0, 0, 0, 0, 6, 0, 2, 2, 165, 1, 4.945383854898651, D-LinkCam
0, 0, 0, 1, 0, 0, 0, 1, 0, 0, 0, 0, 0, 1, 0, 0, 0, 0, 6, 0, 2, 2, 265, 1, 5.383593857845043, D-LinkCam
0, 0, 0, 1, 0, 0, 0, 1, 0, 0, 0, 0, 0, 1, 0, 0, 0, 0, 6, 0, 2, 2, 269, 1, 5.418439107371, D-LinkCam
0, 0, 0, 1, 0, 0, 0, 1, 0, 0, 0, 0, 0, 1, 0, 0, 0, 0, 6, 0, 2, 2, 265, 1, 5.383593857845043, D-LinkCam
0, 0, 0, 1, 0, 0, 0, 1, 0, 0, 0, 0, 0, 1, 0, 0, 0, 0, 6, 0, 2, 2, 269, 1, 5.418439107371, D-LinkCam
0, 0, 0, 1, 0, 0, 0, 1, 0, 0, 0, 0, 0, 1, 0, 0, 0, 0, 6, 0, 2, 2, 252, 1, 5.271293775018201, D-LinkCam
0, 0, 0, 1, 0, 0, 0, 1, 0, 0, 0, 0, 0, 1, 0, 0, 0, 0, 6, 0, 2, 2, 252, 1, 5.381296945363581, D-LinkCam
0, 0, 0, 1, 0, 0, 0, 1, 0, 0, 0, 0, 0, 1, 0, 0, 0, 0, 6, 0, 2, 2, 252, 1, 5.271293775018201, D-LinkCam
0, 0, 0, 1, 0, 0, 0, 1, 0, 0, 0, 0, 0, 1, 0, 0, 0, 0, 6, 0, 2, 2, 252, 1, 5.381296945363581, D-LinkCam
0, 0, 0, 1, 0, 0, 0, 1, 0, 0, 0, 0, 0, 1, 0, 0, 0, 0, 6, 0, 2, 2, 311, 1, 5.4061488593280815, D-LinkCam
0, 0, 0, 1, 0, 0, 0, 1, 0, 0, 0, 0, 0, 1, 0, 0, 0, 0, 6, 0, 2, 2, 292, 1, 5.4321055482205125, D-LinkCam
0, 0, 0, 1, 0, 0, 0, 1, 0, 0, 0, 0, 0, 1, 0, 0, 0, 0, 6, 0, 2, 2, 311, 1, 5.4061488593280815, D-LinkCam
0, 0, 0, 1, 0, 0, 0, 0, 0, 0, 0, 0, 0, 0, 0, 0, 0, 0, 6, 0, 0, 0, 48, 1, 2.625814583693912, D-LinkCam
0, 0, 0, 1, 0, 0, 0, 1, 0, 0, 0, 0, 0, 1, 0, 0, 0, 0, 6, 0, 2, 2, 292, 1, 5.4321055482205125, D-LinkCam
0, 0, 0, 1, 0, 0, 0, 1, 0, 0, 0, 0, 0, 1, 0, 0, 0, 0, 6, 0, 2, 2, 313, 1, 5.404192418721043, D-LinkCam
0, 0, 0, 1, 0, 0, 0, 1, 0, 0, 0, 0, 0, 1, 0, 0, 0, 0, 6, 0, 2, 2, 293, 1, 5.4274714739108, D-LinkCam
0, 0, 0, 1, 0, 0, 0, 1, 0, 0, 0, 0, 0, 1, 0, 0, 0, 0, 6, 0, 2, 2, 313, 1, 5.404192418721043, D-LinkCam
0, 0, 0, 1, 0, 0, 0, 1, 0, 0, 0, 0, 0, 1, 0, 0, 0, 0, 6, 0, 2, 2, 293, 1, 5.4274714739108, D-LinkCam
0, 0, 0, 1, 0, 0, 0, 1, 0, 0, 0, 0, 0, 0, 0, 1, 0, 0, 6, 0, 2, 2, 133, 0, 0, D-LinkCam
0, 0, 0, 1, 0, 0, 0, 1, 0, 0, 0, 0, 0, 0, 0, 1, 0, 0, 6, 0, 2, 2, 70, 0, 0, D-LinkCam
0, 0, 0, 1, 0, 0, 0, 1, 0, 0, 0, 0, 0, 0, 0, 1, 0, 0, 6, 0, 2, 2, 191, 0, 0, D-LinkCam
0, 0, 0, 1, 0, 0, 0, 1, 0, 0, 0, 0, 0, 0, 1, 0, 0, 0, 7, 0, 3, 1, 60, 0, 0, D-LinkCam
0, 0, 0, 1, 0, 0, 0, 1, 0, 0, 0, 0, 0, 0, 1, 0, 0, 0, 7, 0, 1, 3, 92, 0, 0, D-LinkCam
0, 0, 0, 1, 0, 0, 0, 1, 0, 0, 0, 0, 0, 0, 0, 0, 1, 0, 8, 0, 3, 1, 76, 0, 0, D-LinkCam
0, 0, 0, 1, 0, 0, 0, 1, 0, 0, 0, 0, 0, 0, 0, 0, 1, 0, 8, 0, 1, 3, 76, 0, 0, D-LinkCam
0, 0, 0, 1, 0, 0, 0, 1, 0, 0, 0, 0, 0, 0, 0, 1, 0, 0, 8, 0, 2, 2, 397, 0, 0, D-LinkCam
0, 0, 0, 1, 0, 0, 0, 1, 0, 0, 0, 0, 0, 0, 0, 1, 0, 0, 8, 0, 2, 2, 207, 0, 0, D-LinkCam
0, 0, 0, 1, 0, 0, 0, 1, 0, 0, 0, 0, 0, 0, 0, 1, 0, 0, 8, 0, 2, 2, 207, 0, 0, D-LinkCam
0, 0, 0, 1, 0, 0, 0, 0, 0, 0, 0, 0, 0, 0, 0, 0, 0, 0, 8, 0, 0, 0, 40, 1, 2.646782221599798, D-LinkCam
0, 0, 0, 1, 0, 0, 0, 1, 0, 0, 0, 0, 0, 1, 0, 0, 0, 0, 8, 0, 2, 2, 265, 1, 5.383593857845043, D-LinkCam
0, 0, 0, 1, 0, 0, 0, 1, 0, 0, 0, 0, 0, 1, 0, 0, 0, 0, 8, 0, 2, 2, 269, 1, 5.418439107371, D-LinkCam
0, 0, 0, 1, 0, 0, 0, 1, 0, 0, 0, 0, 0, 1, 0, 0, 0, 0, 8, 0, 2, 2, 265, 1, 5.383593857845043, D-LinkCam
0, 0, 0, 1, 0, 0, 0, 1, 0, 0, 0, 0, 0, 1, 0, 0, 0, 0, 8, 0, 2, 2, 269, 1, 5.418439107371, D-LinkCam
0, 0, 0, 1, 0, 0, 0, 1, 0, 0, 0, 0, 0, 1, 0, 0, 0, 0, 8, 0, 2, 2, 252, 1, 5.271293775018201, D-LinkCam
0, 0, 0, 1, 0, 0, 0, 1, 0, 0, 0, 0, 0, 1, 0, 0, 0, 0, 8, 0, 2, 2, 252, 1, 5.381296945363581, D-LinkCam
0, 0, 0, 1, 0, 0, 0, 1, 0, 0, 0, 0, 0, 1, 0, 0, 0, 0, 8, 0, 2, 2, 252, 1, 5.271293775018201, D-LinkCam
0, 0, 0, 1, 0, 0, 0, 1, 0, 0, 0, 0, 0, 1, 0, 0, 0, 0, 8, 0, 2, 2, 252, 1, 5.381296945363581, D-LinkCam
0, 0, 0, 1, 0, 0, 0, 1, 0, 0, 0, 0, 0, 1, 0, 0, 0, 0, 8, 0, 2, 2, 313, 1, 5.404192418721043, D-LinkCam
0, 0, 0, 1, 0, 0, 0, 1, 0, 0, 0, 0, 0, 1, 0, 0, 0, 0, 8, 0, 2, 2, 293, 1, 5.4274714739108, D-LinkCam
0, 0, 0, 1, 0, 0, 0, 1, 0, 0, 0, 0, 0, 1, 0, 0, 0, 0, 8, 0, 2, 2, 313, 1, 5.404192418721043, D-LinkCam
0, 0, 0, 1, 0, 0, 0, 1, 0, 0, 0, 0, 0, 1, 0, 0, 0, 0, 8, 0, 2, 2, 293, 1, 5.4274714739108, D-LinkCam
0, 0, 0, 1, 0, 0, 0, 1, 0, 0, 0, 0, 0, 1, 0, 0, 0, 0, 8, 0, 2, 2, 311, 1, 5.4061488593280815, D-LinkCam
0, 0, 0, 1, 0, 0, 0, 1, 0, 0, 0, 0, 0, 1, 0, 0, 0, 0, 8, 0, 2, 2, 292, 1, 5.4321055482205125, D-LinkCam
0, 0, 0, 1, 0, 0, 0, 1, 0, 0, 0, 0, 0, 1, 0, 0, 0, 0, 8, 0, 2, 2, 311, 1, 5.4061488593280815, D-LinkCam
0, 0, 0, 1, 0, 0, 0, 1, 0, 0, 0, 0, 0, 1, 0, 0, 0, 0, 8, 0, 2, 2, 292, 1, 5.4321055482205125, D-LinkCam
1, 0, 0, 0, 0, 0, 0, 0, 0, 0, 0, 0, 0, 0, 0, 0, 0, 0, 8, 0, 0, 0, 0, 0, 0, D-LinkCam
1, 0, 0, 0, 0, 0, 0, 0, 0, 0, 0, 0, 0, 0, 0, 0, 0, 0, 8, 0, 0, 0, 0, 0, 0, D-LinkCam
0, 0, 0, 1, 0, 0, 0, 1, 0, 0, 0, 0, 0, 0, 1, 0, 0, 0, 8, 0, 2, 1, 64, 0, 0, D-LinkCam
0, 0, 0, 1, 0, 0, 0, 1, 0, 0, 0, 0, 0, 0, 1, 0, 0, 0, 8, 0, 1, 2, 498, 0, 0, D-LinkCam
0, 0, 0, 1, 0, 0, 1, 0, 5840, 0, 1, 0, 0, 0, 0, 0, 0, 0, 9, 0, 2, 1, 60, 0, 0, D-LinkCam
0, 0, 0, 1, 0, 0, 1, 0, 5792, 0, 1, 0, 0, 0, 0, 0, 0, 0, 9, 0, 1, 2, 60, 0, 0, D-LinkCam
0, 0, 0, 1, 0, 0, 1, 0, 2920, 0, 1, 0, 0, 0, 0, 0, 0, 0, 9, 0, 2, 1, 52, 0, 0, D-LinkCam
0, 0, 0, 1, 0, 0, 1, 0, 2920, 0, 1, 0, 0, 0, 0, 0, 0, 0, 9, 0, 2, 1, 179, 1, 4.306800166295762, D-LinkCam
0, 0, 0, 1, 0, 0, 1, 0, 12, 0, 1, 0, 0, 0, 0, 0, 0, 0, 9, 0, 1, 2, 52, 0, 0, D-LinkCam
0, 0, 0, 1, 0, 0, 1, 0, 12, 0, 1, 0, 0, 0, 0, 0, 0, 0, 9, 0, 1, 2, 1420, 1, 7.111882129264421, D-LinkCam
0, 0, 0, 1, 0, 0, 1, 0, 12, 0, 1, 0, 0, 0, 0, 0, 0, 0, 9, 0, 1, 2, 1420, 1, 7.284093565420018, D-LinkCam
0, 0, 0, 1, 0, 0, 1, 0, 4288, 0, 1, 0, 0, 0, 0, 0, 0, 0, 9, 0, 2, 1, 52, 0, 0, D-LinkCam
0, 0, 0, 1, 0, 0, 1, 0, 5656, 0, 1, 0, 0, 0, 0, 0, 0, 0, 9, 0, 2, 1, 52, 0, 0, D-LinkCam
0, 0, 0, 1, 0, 0, 1, 0, 12, 0, 1, 0, 0, 0, 0, 0, 0, 0, 9, 0, 1, 2, 826, 1, 7.441585501118172, D-LinkCam
0, 0, 0, 1, 0, 0, 1, 0, 7024, 0, 1, 0, 0, 0, 0, 0, 0, 0, 9, 0, 2, 1, 52, 0, 0, D-LinkCam
0, 0, 0, 1, 0, 0, 1, 0, 7024, 0, 1, 0, 0, 0, 0, 0, 0, 0, 9, 0, 2, 1, 378, 1, 7.3204739088884, D-LinkCam
0, 0, 0, 1, 0, 0, 1, 0, 14, 0, 1, 0, 0, 0, 0, 0, 0, 0, 9, 0, 1, 2, 111, 1, 5.435786642978782, D-LinkCam
0, 0, 0, 1, 0, 0, 1, 0, 7024, 0, 1, 0, 0, 0, 0, 0, 0, 0, 9, 0, 2, 1, 52, 0, 0, D-LinkCam
0, 0, 0, 1, 0, 0, 1, 0, 7024, 0, 1, 0, 0, 0, 0, 0, 0, 0, 9, 0, 2, 1, 206, 1, 6.761757725689607, D-LinkCam
0, 0, 0, 1, 0, 0, 1, 0, 16, 0, 1, 0, 0, 0, 0, 0, 0, 0, 9, 0, 1, 2, 206, 1, 6.678933780870361, D-LinkCam
0, 0, 0, 1, 0, 0, 1, 0, 7024, 0, 1, 0, 0, 0, 0, 0, 0, 0, 9, 0, 2, 1, 52, 0, 0, D-LinkCam
0, 0, 0, 1, 0, 0, 1, 0, 7024, 0, 1, 0, 0, 0, 0, 0, 0, 0, 9, 0, 2, 1, 158, 1, 6.258350289366798, D-LinkCam
0, 0, 0, 1, 0, 0, 1, 0, 16, 0, 1, 0, 0, 0, 0, 0, 0, 0, 9, 0, 1, 2, 462, 1, 7.50536071051412, D-LinkCam
0, 0, 0, 1, 0, 0, 1, 0, 7024, 0, 1, 0, 0, 0, 0, 0, 0, 0, 9, 0, 2, 1, 52, 0, 0, D-LinkCam
0, 0, 0, 1, 0, 0, 1, 0, 7024, 0, 1, 0, 0, 0, 0, 0, 0, 0, 9, 0, 2, 1, 814, 1, 7.722605734927512, D-LinkCam
0, 0, 0, 1, 0, 0, 1, 0, 19, 0, 1, 0, 0, 0, 0, 0, 0, 0, 9, 0, 1, 2, 52, 0, 0, D-LinkCam
0, 0, 0, 1, 0, 0, 1, 0, 19, 0, 1, 0, 0, 0, 0, 0, 0, 0, 9, 0, 1, 2, 270, 1, 7.03837813191788, D-LinkCam
0, 0, 0, 1, 0, 0, 1, 0, 7024, 0, 1, 0, 0, 0, 0, 0, 0, 0, 9, 0, 2, 1, 52, 0, 0, D-LinkCam
0, 0, 0, 1, 0, 0, 1, 0, 7024, 0, 1, 0, 0, 0, 0, 0, 0, 0, 9, 0, 2, 1, 52, 0, 0, D-LinkCam
0, 0, 0, 1, 0, 0, 1, 0, 19, 0, 1, 0, 0, 0, 0, 0, 0, 0, 9, 0, 1, 2, 52, 0, 0, D-LinkCam
0, 0, 0, 1, 0, 0, 1, 0, 7024, 0, 1, 0, 0, 0, 0, 0, 0, 0, 9, 0, 2, 1, 52, 0, 0, D-LinkCam
0, 0, 0, 1, 0, 0, 0, 1, 0, 0, 0, 0, 0, 0, 0, 1, 0, 0, 9, 0, 2, 2, 322, 0, 0, D-LinkCam
0, 0, 0, 1, 0, 0, 0, 1, 0, 0, 0, 0, 0, 0, 0, 0, 0, 0, 9, 0, 3, 3, 345, 1, 1.8410689089049934, D-LinkCam
0, 0, 0, 1, 0, 0, 0, 1, 0, 0, 0, 0, 0, 0, 0, 1, 0, 0, 9, 0, 2, 2, 63, 0, 0, D-LinkCam
0, 0, 0, 1, 0, 0, 0, 1, 0, 0, 0, 0, 0, 0, 0, 1, 0, 0, 9, 0, 2, 2, 322, 0, 0, D-LinkCam
0, 0, 0, 1, 0, 0, 0, 1, 0, 0, 0, 0, 0, 0, 0, 1, 0, 0, 9, 0, 2, 2, 97, 0, 0, D-LinkCam
0, 0, 0, 1, 0, 0, 0, 1, 0, 0, 0, 0, 0, 0, 0, 1, 0, 0, 9, 0, 2, 2, 97, 0, 0, D-LinkCam
0, 0, 0, 1, 0, 0, 0, 1, 0, 0, 0, 0, 0, 0, 0, 1, 0, 0, 9, 0, 2, 2, 91, 0, 0, D-LinkCam
0, 0, 0, 1, 0, 0, 0, 1, 0, 0, 0, 0, 0, 0, 0, 1, 0, 0, 9, 0, 2, 2, 112, 0, 0, D-LinkCam
0, 0, 0, 1, 0, 0, 0, 1, 0, 0, 0, 0, 0, 0, 0, 1, 0, 0, 9, 0, 2, 2, 108, 0, 0, D-LinkCam
0, 0, 0, 1, 0, 0, 0, 0, 0, 0, 0, 0, 0, 0, 0, 0, 0, 0, 9, 0, 0, 0, 40, 1, 2.216917186688699, D-LinkCam
0, 0, 0, 1, 0, 0, 0, 0, 0, 0, 0, 0, 0, 0, 0, 0, 0, 0, 9, 0, 0, 0, 40, 1, 2.216917186688699, D-LinkCam
0, 0, 0, 1, 0, 0, 0, 1, 0, 0, 0, 0, 0, 0, 0, 1, 0, 0, 9, 0, 2, 2, 147, 0, 0, D-LinkCam
0, 0, 0, 1, 0, 0, 0, 1, 0, 0, 0, 0, 0, 0, 0, 1, 0, 0, 9, 0, 2, 2, 155, 0, 0, D-LinkCam
0, 0, 0, 1, 0, 0, 0, 1, 0, 0, 0, 0, 0, 0, 0, 1, 0, 0, 9, 0, 2, 2, 155, 0, 0, D-LinkCam
0, 0, 0, 1, 0, 0, 0, 1, 0, 0, 0, 0, 0, 0, 0, 1, 0, 0, 9, 0, 2, 2, 147, 0, 0, D-LinkCam
0, 0, 0, 1, 0, 0, 0, 1, 0, 0, 0, 0, 0, 0, 0, 1, 0, 0, 9, 0, 2, 2, 155, 0, 0, D-LinkCam
0, 0, 0, 1, 0, 0, 0, 0, 0, 0, 0, 0, 0, 0, 0, 0, 0, 0, 9, 0, 0, 0, 40, 1, 2.216917186688699, D-LinkCam
0, 0, 0, 1, 0, 0, 0, 1, 0, 0, 0, 0, 0, 0, 0, 1, 0, 0, 9, 0, 2, 2, 155, 0, 0, D-LinkCam
0, 0, 0, 1, 0, 0, 0, 1, 0, 0, 0, 0, 0, 0, 0, 1, 0, 0, 9, 0, 2, 2, 147, 0, 0, D-LinkCam
0, 0, 0, 1, 0, 0, 0, 1, 0, 0, 0, 0, 0, 0, 0, 1, 0, 0, 9, 0, 2, 2, 155, 0, 0, D-LinkCam
0, 0, 0, 1, 0, 0, 0, 1, 0, 0, 0, 0, 0, 0, 0, 1, 0, 0, 9, 0, 2, 2, 155, 0, 0, D-LinkCam
0, 0, 0, 1, 0, 0, 0, 1, 0, 0, 0, 0, 0, 0, 0, 1, 0, 0, 9, 0, 2, 2, 397, 0, 0, D-LinkCam
0, 0, 0, 1, 0, 0, 0, 1, 0, 0, 0, 0, 0, 0, 0, 1, 0, 0, 9, 0, 2, 2, 207, 0, 0, D-LinkCam
0, 0, 0, 1, 0, 0, 0, 1, 0, 0, 0, 0, 0, 0, 0, 1, 0, 0, 9, 0, 2, 2, 207, 0, 0, D-LinkCam
0, 0, 0, 1, 0, 0, 0, 1, 0, 0, 0, 0, 0, 0, 0, 1, 0, 0, 9, 0, 2, 2, 397, 0, 0, D-LinkCam
0, 0, 0, 1, 0, 0, 0, 1, 0, 0, 0, 0, 0, 0, 0, 1, 0, 0, 9, 0, 2, 2, 207, 0, 0, D-LinkCam
0, 0, 0, 1, 0, 0, 0, 1, 0, 0, 0, 0, 0, 0, 0, 1, 0, 0, 9, 0, 2, 2, 207, 0, 0, D-LinkCam
0, 0, 0, 1, 0, 0, 0, 0, 0, 0, 0, 0, 0, 0, 0, 0, 0, 0, 9, 0, 0, 0, 40, 1, 2.091917186688699, D-LinkCam
0, 0, 0, 1, 0, 0, 0, 0, 0, 0, 0, 0, 0, 0, 0, 0, 0, 0, 9, 0, 0, 0, 40, 1, 2.091917186688699, D-LinkCam
0, 0, 0, 1, 0, 0, 0, 1, 0, 0, 0, 0, 0, 0, 0, 0, 0, 0, 9, 0, 3, 3, 345, 1, 1.7580557821103453, D-LinkCam
0, 0, 0, 1, 0, 0, 0, 1, 0, 0, 0, 0, 0, 0, 0, 1, 0, 0, 9, 0, 2, 2, 91, 0, 0, D-LinkCam
0, 0, 0, 1, 0, 0, 0, 1, 0, 0, 0, 0, 0, 0, 0, 1, 0, 0, 9, 0, 2, 2, 112, 0, 0, D-LinkCam
0, 0, 0, 1, 0, 0, 0, 1, 0, 0, 0, 0, 0, 0, 0, 1, 0, 0, 9, 0, 2, 2, 108, 0, 0, D-LinkCam
0, 0, 0, 1, 0, 0, 0, 0, 0, 0, 0, 0, 0, 0, 0, 0, 0, 0, 9, 0, 0, 0, 48, 1, 2.2806721295208874, D-LinkCam
0, 0, 0, 1, 0, 0, 0, 0, 0, 0, 0, 0, 0, 0, 0, 0, 0, 0, 9, 0, 0, 0, 40, 1, 2.216917186688699, D-LinkCam
0, 0, 0, 1, 0, 0, 0, 1, 0, 0, 0, 0, 0, 0, 0, 1, 0, 0, 9, 0, 2, 2, 147, 0, 0, D-LinkCam
0, 0, 0, 1, 0, 0, 0, 1, 0, 0, 0, 0, 0, 0, 0, 1, 0, 0, 9, 0, 2, 2, 149, 0, 0, D-LinkCam
0, 0, 0, 1, 0, 0, 0, 1, 0, 0, 0, 0, 0, 0, 0, 1, 0, 0, 9, 0, 2, 2, 153, 0, 0, D-LinkCam
0, 0, 0, 1, 0, 0, 0, 1, 0, 0, 0, 0, 0, 0, 0, 1, 0, 0, 9, 0, 2, 2, 155, 0, 0, D-LinkCam
0, 0, 0, 1, 0, 0, 0, 1, 0, 0, 0, 0, 0, 0, 0, 1, 0, 0, 9, 0, 2, 2, 147, 0, 0, D-LinkCam
0, 0, 0, 1, 0, 0, 0, 1, 0, 0, 0, 0, 0, 0, 0, 1, 0, 0, 9, 0, 2, 2, 153, 0, 0, D-LinkCam
0, 0, 0, 1, 0, 0, 0, 1, 0, 0, 0, 0, 0, 0, 0, 1, 0, 0, 9, 0, 2, 2, 153, 0, 0, D-LinkCam
0, 0, 0, 1, 0, 0, 0, 1, 0, 0, 0, 0, 0, 0, 0, 1, 0, 0, 9, 0, 2, 2, 155, 0, 0, D-LinkCam
0, 0, 0, 1, 0, 0, 0, 1, 0, 0, 0, 0, 0, 0, 0, 1, 0, 0, 9, 0, 2, 2, 153, 0, 0, D-LinkCam
0, 0, 0, 1, 0, 0, 0, 1, 0, 0, 0, 0, 0, 0, 0, 1, 0, 0, 9, 0, 2, 2, 147, 0, 0, D-LinkCam
0, 0, 0, 1, 0, 0, 0, 1, 0, 0, 0, 0, 0, 0, 0, 1, 0, 0, 9, 0, 2, 2, 153, 0, 0, D-LinkCam
0, 0, 0, 1, 0, 0, 0, 1, 0, 0, 0, 0, 0, 0, 0, 1, 0, 0, 9, 0, 2, 2, 155, 0, 0, D-LinkCam
0, 0, 0, 1, 0, 0, 0, 1, 0, 0, 0, 0, 0, 0, 0, 1, 0, 0, 9, 0, 2, 2, 131, 0, 0, D-LinkCam
0, 0, 0, 1, 0, 0, 0, 1, 0, 0, 0, 0, 0, 0, 0, 1, 0, 0, 9, 0, 2, 2, 106, 0, 0, D-LinkCam
0, 0, 0, 1, 0, 0, 0, 1, 0, 0, 0, 0, 0, 0, 0, 1, 0, 0, 9, 0, 2, 2, 359, 0, 0, D-LinkCam
0, 0, 0, 1, 0, 0, 0, 1, 0, 0, 0, 0, 0, 0, 0, 1, 0, 0, 9, 0, 2, 2, 205, 0, 0, D-LinkCam
0, 0, 0, 1, 0, 0, 0, 1, 0, 0, 0, 0, 0, 0, 0, 1, 0, 0, 9, 0, 2, 2, 93, 0, 0, D-LinkCam
0, 0, 0, 1, 0, 0, 0, 1, 0, 0, 0, 0, 0, 0, 0, 1, 0, 0, 9, 0, 2, 2, 189, 0, 0, D-LinkCam
0, 0, 0, 1, 0, 0, 0, 1, 0, 0, 0, 0, 0, 0, 0, 1, 0, 0, 9, 0, 2, 2, 170, 0, 0, D-LinkCam
0, 0, 0, 1, 0, 0, 0, 1, 0, 0, 0, 0, 0, 0, 0, 1, 0, 0, 9, 0, 2, 2, 243, 0, 0, D-LinkCam
0, 0, 0, 1, 0, 0, 0, 1, 0, 0, 0, 0, 0, 0, 0, 1, 0, 0, 9, 0, 2, 2, 359, 0, 0, D-LinkCam
0, 0, 0, 1, 0, 0, 0, 1, 0, 0, 0, 0, 0, 0, 0, 1, 0, 0, 9, 0, 2, 2, 205, 0, 0, D-LinkCam
0, 0, 0, 1, 0, 0, 0, 1, 0, 0, 0, 0, 0, 0, 0, 1, 0, 0, 9, 0, 2, 2, 207, 0, 0, D-LinkCam
0, 0, 0, 1, 0, 0, 0, 1, 0, 0, 0, 0, 0, 0, 0, 1, 0, 0, 9, 0, 2, 2, 243, 0, 0, D-LinkCam
0, 0, 0, 1, 0, 0, 0, 1, 0, 0, 0, 0, 0, 0, 0, 1, 0, 0, 9, 0, 2, 2, 359, 0, 0, D-LinkCam
0, 0, 0, 1, 0, 0, 0, 1, 0, 0, 0, 0, 0, 0, 0, 1, 0, 0, 9, 0, 2, 2, 205, 0, 0, D-LinkCam
0, 0, 0, 1, 0, 0, 0, 1, 0, 0, 0, 0, 0, 0, 0, 1, 0, 0, 9, 0, 2, 2, 207, 0, 0, D-LinkCam
0, 0, 0, 1, 0, 0, 0, 1, 0, 0, 0, 0, 0, 0, 1, 0, 0, 0, 9, 0, 2, 1, 64, 0, 0, D-LinkCam
0, 0, 0, 1, 0, 0, 0, 1, 0, 0, 0, 0, 0, 0, 1, 0, 0, 0, 9, 0, 1, 2, 309, 0, 0, D-LinkCam
0, 0, 0, 1, 0, 0, 1, 0, 5840, 0, 1, 0, 0, 0, 0, 0, 0, 0, 10, 0, 2, 1, 60, 0, 0, D-LinkCam
0, 0, 0, 1, 0, 0, 1, 0, 5792, 0, 1, 0, 0, 0, 0, 0, 0, 0, 10, 0, 1, 2, 60, 0, 0, D-LinkCam
0, 0, 0, 1, 0, 0, 1, 0, 2920, 0, 1, 0, 0, 0, 0, 0, 0, 0, 10, 0, 2, 1, 52, 0, 0, D-LinkCam
0, 0, 0, 1, 0, 0, 1, 0, 2920, 0, 1, 0, 0, 0, 0, 0, 0, 0, 10, 0, 2, 1, 179, 1, 4.249752036391537, D-LinkCam
0, 0, 0, 1, 0, 0, 1, 0, 12, 0, 1, 0, 0, 0, 0, 0, 0, 0, 10, 0, 1, 2, 52, 0, 0, D-LinkCam
0, 0, 0, 1, 0, 0, 1, 0, 12, 0, 1, 0, 0, 0, 0, 0, 0, 0, 10, 0, 1, 2, 1420, 1, 7.140984577976807, D-LinkCam
0, 0, 0, 1, 0, 0, 1, 0, 12, 0, 1, 0, 0, 0, 0, 0, 0, 0, 10, 0, 1, 2, 1420, 1, 7.284093565420018, D-LinkCam
0, 0, 0, 1, 0, 0, 1, 0, 4288, 0, 1, 0, 0, 0, 0, 0, 0, 0, 10, 0, 2, 1, 52, 0, 0, D-LinkCam
0, 0, 0, 1, 0, 0, 1, 0, 5656, 0, 1, 0, 0, 0, 0, 0, 0, 0, 10, 0, 2, 1, 52, 0, 0, D-LinkCam
0, 0, 0, 1, 0, 0, 1, 0, 12, 0, 1, 0, 0, 0, 0, 0, 0, 0, 10, 0, 1, 2, 826, 1, 7.441585501118172, D-LinkCam
0, 0, 0, 1, 0, 0, 1, 0, 7024, 0, 1, 0, 0, 0, 0, 0, 0, 0, 10, 0, 2, 1, 52, 0, 0, D-LinkCam
0, 0, 0, 1, 0, 0, 1, 0, 7024, 0, 1, 0, 0, 0, 0, 0, 0, 0, 10, 0, 2, 1, 378, 1, 7.294923006824709, D-LinkCam
0, 0, 0, 1, 0, 0, 1, 0, 14, 0, 1, 0, 0, 0, 0, 0, 0, 0, 10, 0, 1, 2, 111, 1, 5.361373769664152, D-LinkCam
0, 0, 0, 1, 0, 0, 1, 0, 7024, 0, 1, 0, 0, 0, 0, 0, 0, 0, 10, 0, 2, 1, 52, 0, 0, D-LinkCam
0, 0, 0, 1, 0, 0, 1, 0, 7024, 0, 1, 0, 0, 0, 0, 0, 0, 0, 10, 0, 2, 1, 206, 1, 6.7080910860370695, D-LinkCam
0, 0, 0, 1, 0, 0, 1, 0, 16, 0, 1, 0, 0, 0, 0, 0, 0, 0, 10, 0, 1, 2, 206, 1, 6.65614303408902, D-LinkCam
0, 0, 0, 1, 0, 0, 1, 0, 7024, 0, 1, 0, 0, 0, 0, 0, 0, 0, 10, 0, 2, 1, 52, 0, 0, D-LinkCam
0, 0, 0, 1, 0, 0, 1, 0, 7024, 0, 1, 0, 0, 0, 0, 0, 0, 0, 10, 0, 2, 1, 158, 1, 6.317450879050669, D-LinkCam
0, 0, 0, 1, 0, 0, 1, 0, 16, 0, 1, 0, 0, 0, 0, 0, 0, 0, 10, 0, 1, 2, 254, 1, 6.917870517298141, D-LinkCam
0, 0, 0, 1, 0, 0, 1, 0, 7024, 0, 1, 0, 0, 0, 0, 0, 0, 0, 10, 0, 2, 1, 52, 0, 0, D-LinkCam
0, 0, 0, 1, 0, 0, 1, 0, 7024, 0, 1, 0, 0, 0, 0, 0, 0, 0, 10, 0, 2, 1, 52, 0, 0, D-LinkCam
0, 0, 0, 1, 0, 0, 0, 1, 0, 0, 0, 0, 0, 0, 1, 0, 0, 0, 10, 0, 3, 1, 75, 0, 0, D-LinkCam
0, 0, 0, 1, 0, 0, 1, 0, 16, 0, 1, 0, 0, 0, 0, 0, 0, 0, 10, 0, 1, 2, 52, 0, 0, D-LinkCam
0, 0, 0, 1, 0, 0, 1, 0, 7024, 0, 1, 0, 0, 0, 0, 0, 0, 0, 10, 0, 2, 1, 52, 0, 0, D-LinkCam
0, 0, 0, 1, 0, 0, 0, 1, 0, 0, 0, 0, 0, 0, 1, 0, 0, 0, 10, 0, 1, 3, 355, 0, 0, D-LinkCam
0, 0, 0, 1, 0, 0, 1, 0, 5840, 0, 1, 0, 0, 0, 0, 0, 0, 0, 11, 0, 3, 1, 60, 0, 0, D-LinkCam
0, 0, 0, 1, 0, 0, 1, 0, 5792, 0, 1, 0, 0, 0, 0, 0, 0, 0, 11, 0, 1, 3, 60, 0, 0, D-LinkCam
0, 0, 0, 1, 0, 0, 1, 0, 2920, 0, 1, 0, 0, 0, 0, 0, 0, 0, 11, 0, 3, 1, 52, 0, 0, D-LinkCam
0, 0, 0, 1, 0, 0, 1, 0, 2920, 0, 1, 0, 0, 0, 0, 0, 0, 0, 11, 0, 3, 1, 179, 1, 4.237864044231483, D-LinkCam
0, 0, 0, 1, 0, 0, 1, 0, 12, 0, 1, 0, 0, 0, 0, 0, 0, 0, 11, 0, 1, 3, 52, 0, 0, D-LinkCam
0, 0, 0, 1, 0, 0, 1, 0, 12, 0, 1, 0, 0, 0, 0, 0, 0, 0, 11, 0, 1, 3, 1420, 1, 7.130683300423735, D-LinkCam
0, 0, 0, 1, 0, 0, 1, 0, 12, 0, 1, 0, 0, 0, 0, 0, 0, 0, 11, 0, 1, 3, 1420, 1, 7.284093565420018, D-LinkCam
0, 0, 0, 1, 0, 0, 1, 0, 4288, 0, 1, 0, 0, 0, 0, 0, 0, 0, 11, 0, 3, 1, 52, 0, 0, D-LinkCam
0, 0, 0, 1, 0, 0, 1, 0, 5656, 0, 1, 0, 0, 0, 0, 0, 0, 0, 11, 0, 3, 1, 52, 0, 0, D-LinkCam
0, 0, 0, 1, 0, 0, 1, 0, 12, 0, 1, 0, 0, 0, 0, 0, 0, 0, 11, 0, 1, 3, 826, 1, 7.441585501118172, D-LinkCam
0, 0, 0, 1, 0, 0, 1, 0, 7024, 0, 1, 0, 0, 0, 0, 0, 0, 0, 11, 0, 3, 1, 52, 0, 0, D-LinkCam
0, 0, 0, 1, 0, 0, 1, 0, 7024, 0, 1, 0, 0, 0, 0, 0, 0, 0, 11, 0, 3, 1, 378, 1, 7.304384606747793, D-LinkCam
0, 0, 0, 1, 0, 0, 1, 0, 14, 0, 1, 0, 0, 0, 0, 0, 0, 0, 11, 0, 1, 3, 111, 1, 5.496966990003134, D-LinkCam
0, 0, 0, 1, 0, 0, 1, 0, 7024, 0, 1, 0, 0, 0, 0, 0, 0, 0, 11, 0, 3, 1, 52, 0, 0, D-LinkCam
0, 0, 0, 1, 0, 0, 1, 0, 7024, 0, 1, 0, 0, 0, 0, 0, 0, 0, 11, 0, 3, 1, 206, 1, 6.684651862177092, D-LinkCam
0, 0, 0, 1, 0, 0, 1, 0, 16, 0, 1, 0, 0, 0, 0, 0, 0, 0, 11, 0, 1, 3, 206, 1, 6.659326313281701, D-LinkCam
0, 0, 0, 1, 0, 0, 1, 0, 7024, 0, 1, 0, 0, 0, 0, 0, 0, 0, 11, 0, 3, 1, 52, 0, 0, D-LinkCam
0, 0, 0, 1, 0, 0, 1, 0, 7024, 0, 1, 0, 0, 0, 0, 0, 0, 0, 11, 0, 3, 1, 158, 1, 6.190000171462681, D-LinkCam
0, 0, 0, 1, 0, 0, 1, 0, 16, 0, 1, 0, 0, 0, 0, 0, 0, 0, 11, 0, 1, 3, 52, 0, 0, D-LinkCam
0, 0, 0, 1, 0, 0, 1, 0, 16, 0, 1, 0, 0, 0, 0, 0, 0, 0, 11, 0, 1, 3, 462, 1, 7.462347364115587, D-LinkCam
0, 0, 0, 1, 0, 0, 1, 0, 7024, 0, 1, 0, 0, 0, 0, 0, 0, 0, 11, 0, 3, 1, 52, 0, 0, D-LinkCam
0, 0, 0, 1, 0, 0, 0, 0, 0, 0, 0, 0, 0, 0, 0, 0, 0, 0, 11, 0, 0, 0, 40, 1, 2.216917186688699, D-LinkCam
0, 0, 0, 1, 0, 0, 1, 0, 7024, 0, 1, 0, 0, 0, 0, 0, 0, 0, 11, 0, 3, 1, 814, 1, 7.754457685029724, D-LinkCam
0, 0, 0, 1, 0, 0, 1, 0, 19, 0, 1, 0, 0, 0, 0, 0, 0, 0, 11, 0, 1, 3, 52, 0, 0, D-LinkCam
0, 0, 0, 1, 0, 0, 1, 0, 19, 0, 1, 0, 0, 0, 0, 0, 0, 0, 11, 0, 1, 3, 270, 1, 7.0408062283077, D-LinkCam
0, 0, 0, 1, 0, 0, 1, 0, 7024, 0, 1, 0, 0, 0, 0, 0, 0, 0, 11, 0, 3, 1, 52, 0, 0, D-LinkCam
0, 0, 0, 1, 0, 0, 0, 1, 0, 0, 0, 0, 0, 0, 0, 1, 0, 0, 11, 0, 2, 2, 243, 0, 0, D-LinkCam
0, 0, 0, 1, 0, 0, 0, 1, 0, 0, 0, 0, 0, 0, 0, 1, 0, 0, 11, 0, 2, 2, 359, 0, 0, D-LinkCam
0, 0, 0, 1, 0, 0, 0, 1, 0, 0, 0, 0, 0, 0, 0, 1, 0, 0, 11, 0, 2, 2, 205, 0, 0, D-LinkCam
0, 0, 0, 1, 0, 0, 0, 1, 0, 0, 0, 0, 0, 0, 0, 1, 0, 0, 11, 0, 2, 2, 207, 0, 0, D-LinkCam
1, 0, 0, 0, 0, 0, 0, 0, 0, 0, 0, 0, 0, 0, 0, 0, 0, 0, 11, 0, 0, 0, 0, 0, 0, D-LinkCam
1, 0, 0, 0, 0, 0, 0, 0, 0, 0, 0, 0, 0, 0, 0, 0, 0, 0, 11, 0, 0, 0, 0, 0, 0, D-LinkCam
0, 0, 0, 1, 0, 0, 0, 1, 0, 0, 0, 0, 0, 0, 0, 1, 0, 0, 11, 0, 2, 2, 91, 0, 0, D-LinkCam
0, 0, 0, 1, 0, 0, 0, 1, 0, 0, 0, 0, 0, 0, 0, 1, 0, 0, 11, 0, 2, 2, 112, 0, 0, D-LinkCam
0, 0, 0, 1, 0, 0, 0, 1, 0, 0, 0, 0, 0, 0, 0, 1, 0, 0, 11, 0, 2, 2, 108, 0, 0, D-LinkCam
0, 0, 0, 1, 0, 0, 0, 1, 0, 0, 0, 0, 0, 0, 0, 1, 0, 0, 11, 0, 2, 2, 112, 0, 0, D-LinkCam
0, 0, 0, 1, 0, 0, 0, 0, 0, 0, 0, 0, 0, 0, 0, 0, 0, 0, 11, 0, 0, 0, 40, 1, 2.216917186688699, D-LinkCam
0, 0, 0, 1, 0, 0, 0, 0, 0, 0, 0, 0, 0, 0, 0, 0, 0, 0, 11, 0, 0, 0, 40, 1, 2.216917186688699, D-LinkCam
0, 0, 0, 1, 0, 0, 0, 1, 0, 0, 0, 0, 0, 0, 0, 1, 0, 0, 11, 0, 2, 2, 147, 0, 0, D-LinkCam
0, 0, 0, 1, 0, 0, 0, 1, 0, 0, 0, 0, 0, 0, 0, 1, 0, 0, 11, 0, 2, 2, 149, 0, 0, D-LinkCam
0, 0, 0, 1, 0, 0, 0, 1, 0, 0, 0, 0, 0, 0, 0, 1, 0, 0, 11, 0, 2, 2, 151, 0, 0, D-LinkCam
0, 0, 0, 1, 0, 0, 0, 1, 0, 0, 0, 0, 0, 0, 0, 1, 0, 0, 11, 0, 2, 2, 153, 0, 0, D-LinkCam
0, 0, 0, 1, 0, 0, 0, 1, 0, 0, 0, 0, 0, 0, 0, 1, 0, 0, 11, 0, 2, 2, 147, 0, 0, D-LinkCam
0, 0, 0, 1, 0, 0, 0, 1, 0, 0, 0, 0, 0, 0, 0, 1, 0, 0, 11, 0, 2, 2, 153, 0, 0, D-LinkCam
0, 0, 0, 1, 0, 0, 0, 1, 0, 0, 0, 0, 0, 0, 0, 1, 0, 0, 11, 0, 2, 2, 153, 0, 0, D-LinkCam
0, 0, 0, 1, 0, 0, 0, 1, 0, 0, 0, 0, 0, 0, 0, 1, 0, 0, 11, 0, 2, 2, 155, 0, 0, D-LinkCam
0, 0, 0, 1, 0, 0, 0, 1, 0, 0, 0, 0, 0, 0, 0, 1, 0, 0, 11, 0, 2, 2, 147, 0, 0, D-LinkCam
0, 0, 0, 1, 0, 0, 0, 1, 0, 0, 0, 0, 0, 0, 0, 1, 0, 0, 11, 0, 2, 2, 153, 0, 0, D-LinkCam
0, 0, 0, 1, 0, 0, 0, 1, 0, 0, 0, 0, 0, 0, 0, 1, 0, 0, 11, 0, 2, 2, 153, 0, 0, D-LinkCam
0, 0, 0, 1, 0, 0, 0, 1, 0, 0, 0, 0, 0, 1, 0, 0, 0, 0, 11, 0, 2, 2, 165, 1, 5.260068765825436, D-LinkCam
0, 0, 0, 1, 0, 0, 0, 1, 0, 0, 0, 0, 0, 0, 0, 1, 0, 0, 11, 0, 2, 2, 155, 0, 0, D-LinkCam
0, 0, 0, 1, 0, 0, 0, 1, 0, 0, 0, 0, 0, 0, 0, 1, 0, 0, 11, 0, 2, 2, 399, 0, 0, D-LinkCam
0, 0, 0, 1, 0, 0, 0, 1, 0, 0, 0, 0, 0, 0, 0, 1, 0, 0, 11, 0, 2, 2, 131, 0, 0, D-LinkCam
0, 0, 0, 1, 0, 0, 0, 1, 0, 0, 0, 0, 0, 0, 0, 1, 0, 0, 11, 0, 2, 2, 68, 0, 0, D-LinkCam
0, 0, 0, 1, 0, 0, 0, 1, 0, 0, 0, 0, 0, 0, 0, 1, 0, 0, 11, 0, 2, 2, 205, 0, 0, D-LinkCam
0, 0, 0, 1, 0, 0, 0, 1, 0, 0, 0, 0, 0, 0, 0, 1, 0, 0, 11, 0, 2, 2, 133, 0, 0, D-LinkCam
0, 0, 0, 1, 0, 0, 0, 1, 0, 0, 0, 0, 0, 0, 0, 1, 0, 0, 11, 0, 2, 2, 70, 0, 0, D-LinkCam
0, 0, 0, 1, 0, 0, 0, 1, 0, 0, 0, 0, 0, 0, 0, 1, 0, 0, 11, 0, 2, 2, 131, 0, 0, D-LinkCam
0, 0, 0, 1, 0, 0, 0, 1, 0, 0, 0, 0, 0, 0, 0, 1, 0, 0, 11, 0, 2, 2, 191, 0, 0, D-LinkCam
0, 0, 0, 1, 0, 0, 0, 1, 0, 0, 0, 0, 0, 0, 0, 1, 0, 0, 11, 0, 2, 2, 189, 0, 0, D-LinkCam
0, 0, 0, 1, 0, 0, 0, 1, 0, 0, 0, 0, 0, 0, 0, 1, 0, 0, 11, 0, 2, 2, 399, 0, 0, D-LinkCam
0, 0, 0, 1, 0, 0, 0, 1, 0, 0, 0, 0, 0, 0, 0, 1, 0, 0, 11, 0, 2, 2, 68, 0, 0, D-LinkCam
0, 0, 0, 1, 0, 0, 0, 1, 0, 0, 0, 0, 0, 0, 0, 1, 0, 0, 11, 0, 2, 2, 205, 0, 0, D-LinkCam
0, 0, 0, 1, 0, 0, 0, 1, 0, 0, 0, 0, 0, 0, 0, 1, 0, 0, 11, 0, 2, 2, 207, 0, 0, D-LinkCam
0, 0, 0, 1, 0, 0, 0, 1, 0, 0, 0, 0, 0, 0, 0, 1, 0, 0, 11, 0, 2, 2, 189, 0, 0, D-LinkCam
0, 0, 0, 1, 0, 0, 0, 1, 0, 0, 0, 0, 0, 0, 0, 1, 0, 0, 11, 0, 2, 2, 399, 0, 0, D-LinkCam
0, 0, 0, 1, 0, 0, 0, 1, 0, 0, 0, 0, 0, 0, 0, 1, 0, 0, 11, 0, 2, 2, 205, 0, 0, D-LinkCam
0, 0, 0, 1, 0, 0, 0, 1, 0, 0, 0, 0, 0, 0, 0, 1, 0, 0, 11, 0, 2, 2, 205, 0, 0, D-LinkCam
0, 0, 0, 1, 0, 0, 0, 1, 0, 0, 0, 0, 0, 0, 0, 1, 0, 0, 11, 0, 2, 2, 207, 0, 0, D-LinkCam
0, 0, 0, 1, 0, 0, 0, 1, 0, 0, 0, 0, 0, 1, 0, 0, 0, 0, 11, 0, 2, 2, 160, 1, 5.2101031920342145, D-LinkCam
0, 0, 0, 1, 0, 0, 0, 0, 0, 0, 0, 0, 0, 0, 0, 0, 0, 0, 11, 0, 0, 0, 40, 1, 2.216917186688699, D-LinkCam
0, 0, 0, 1, 0, 0, 0, 1, 0, 0, 0, 0, 0, 0, 0, 1, 0, 0, 11, 0, 2, 2, 399, 0, 0, D-LinkCam
0, 0, 0, 1, 0, 0, 0, 1, 0, 0, 0, 0, 0, 0, 0, 1, 0, 0, 11, 0, 2, 2, 205, 0, 0, D-LinkCam
0, 0, 0, 1, 0, 0, 0, 1, 0, 0, 0, 0, 0, 0, 0, 1, 0, 0, 11, 0, 2, 2, 205, 0, 0, D-LinkCam
0, 0, 0, 1, 0, 0, 0, 1, 0, 0, 0, 0, 0, 0, 0, 1, 0, 0, 11, 0, 2, 2, 207, 0, 0, D-LinkCam
0, 0, 0, 1, 0, 0, 0, 1, 0, 0, 0, 0, 0, 1, 0, 0, 0, 0, 11, 0, 2, 2, 161, 1, 5.189670387329765, D-LinkCam
0, 0, 0, 1, 0, 0, 0, 1, 0, 0, 0, 0, 0, 1, 0, 0, 0, 0, 11, 0, 2, 2, 129, 1, 5.021188463311641, D-LinkCam
0, 0, 0, 1, 0, 0, 0, 1, 0, 0, 0, 0, 0, 0, 0, 1, 0, 0, 11, 0, 2, 2, 399, 0, 0, D-LinkCam
0, 0, 0, 1, 0, 0, 0, 1, 0, 0, 0, 0, 0, 0, 0, 1, 0, 0, 11, 0, 2, 2, 205, 0, 0, D-LinkCam
0, 0, 0, 1, 0, 0, 0, 1, 0, 0, 0, 0, 0, 0, 0, 1, 0, 0, 11, 0, 2, 2, 205, 0, 0, D-LinkCam
0, 0, 0, 1, 0, 0, 0, 1, 0, 0, 0, 0, 0, 0, 0, 1, 0, 0, 11, 0, 2, 2, 207, 0, 0, D-LinkCam
0, 0, 0, 1, 0, 0, 0, 1, 0, 0, 0, 0, 0, 0, 0, 0, 0, 0, 11, 0, 3, 3, 345, 1, 1.7580557821103453, D-LinkCam
0, 0, 0, 1, 0, 0, 0, 1, 0, 0, 0, 0, 0, 1, 0, 0, 0, 0, 11, 0, 3, 2, 165, 1, 5.260068765825436, D-LinkCam
0, 0, 0, 1, 0, 0, 0, 1, 0, 0, 0, 0, 0, 1, 0, 0, 0, 0, 11, 0, 3, 2, 160, 1, 5.2101031920342145, D-LinkCam
0, 0, 0, 1, 0, 0, 0, 1, 0, 0, 0, 0, 0, 1, 0, 0, 0, 0, 11, 0, 3, 2, 161, 1, 5.189670387329765, D-LinkCam
0, 0, 0, 1, 0, 0, 0, 1, 0, 0, 0, 0, 0, 0, 0, 1, 0, 0, 11, 0, 2, 2, 399, 0, 0, D-LinkCam
0, 0, 0, 1, 0, 0, 0, 1, 0, 0, 0, 0, 0, 0, 0, 1, 0, 0, 11, 0, 2, 2, 205, 0, 0, D-LinkCam
0, 0, 0, 1, 0, 0, 0, 1, 0, 0, 0, 0, 0, 0, 0, 1, 0, 0, 11, 0, 2, 2, 205, 0, 0, D-LinkCam
0, 0, 0, 1, 0, 0, 0, 1, 0, 0, 0, 0, 0, 0, 0, 1, 0, 0, 11, 0, 2, 2, 207, 0, 0, D-LinkCam
0, 0, 0, 1, 0, 0, 0, 1, 0, 0, 0, 0, 0, 0, 0, 1, 0, 0, 11, 0, 2, 2, 63, 0, 0, D-LinkCam
0, 0, 0, 1, 0, 0, 0, 1, 0, 0, 0, 0, 0, 1, 0, 0, 0, 0, 11, 0, 3, 2, 129, 1, 5.021188463311641, D-LinkCam
0, 0, 0, 1, 0, 0, 0, 1, 0, 0, 0, 0, 0, 0, 0, 1, 0, 0, 11, 0, 2, 2, 324, 0, 0, D-LinkCam
0, 0, 0, 1, 0, 0, 0, 1, 0, 0, 0, 0, 0, 0, 0, 1, 0, 0, 11, 0, 2, 2, 97, 0, 0, D-LinkCam
