0, 0, 0, 1, 0, 0, 1, 0, 2115, 0, 1, 0, 0, 0, 0, 0, 0, 0, 1, 0, 1, 2, 40, 0, 0, D-LinkDoorSensor
0, 0, 0, 1, 0, 0, 1, 0, 5840, 0, 1, 0, 0, 0, 0, 0, 0, 0, 2, 0, 3, 1, 60, 0, 0, D-LinkDoorSensor
0, 0, 0, 1, 0, 0, 1, 0, 17898, 0, 1, 0, 0, 0, 0, 0, 0, 0, 2, 0, 1, 3, 60, 0, 0, D-LinkDoorSensor
0, 0, 0, 1, 0, 0, 1, 0, 2920, 0, 1, 0, 0, 0, 0, 0, 0, 0, 2, 0, 3, 1, 52, 0, 0, D-LinkDoorSensor
0, 0, 0, 1, 0, 0, 1, 0, 2920, 0, 1, 0, 0, 0, 0, 0, 0, 0, 2, 0, 3, 1, 543, 1, 6.376641892538369, D-LinkDoorSensor
0, 0, 0, 1, 0, 0, 1, 0, 75, 0, 1, 0, 0, 0, 0, 0, 0, 0, 2, 0, 1, 3, 52, 0, 0, D-LinkDoorSensor
0, 0, 0, 1, 0, 0, 1, 0, 75, 0, 1, 0, 0, 0, 0, 0, 0, 0, 2, 0, 1, 3, 189, 1, 6.199793761603133, D-LinkDoorSensor
0, 0, 0, 1, 0, 0, 1, 0, 2920, 0, 1, 0, 0, 0, 0, 0, 0, 0, 2, 0, 3, 1, 52, 0, 0, D-LinkDoorSensor
0, 0, 0, 1, 0, 0, 1, 0, 2920, 0, 1, 0, 0, 0, 0, 0, 0, 0, 2, 0, 3, 1, 103, 1, 5.2410527929518915, D-LinkDoorSensor
0, 0, 0, 1, 0, 0, 1, 0, 2920, 0, 1, 0, 0, 0, 0, 0, 0, 0, 2, 0, 3, 1, 1420, 1, 7.87274303281028, D-LinkDoorSensor
0, 0, 0, 1, 0, 0, 1, 0, 85, 0, 1, 0, 0, 0, 0, 0, 0, 0, 2, 0, 1, 3, 52, 0, 0, D-LinkDoorSensor
0, 0, 0, 1, 0, 0, 1, 0, 2920, 0, 1, 0, 0, 0, 0, 0, 0, 0, 2, 0, 3, 1, 1261, 1, 7.851534905903934, D-LinkDoorSensor
0, 0, 0, 1, 0, 0, 1, 0, 390, 0, 1, 0, 0, 0, 0, 0, 0, 0, 2, 0, 1, 2, 40, 0, 0, D-LinkDoorSensor
0, 0, 0, 1, 0, 0, 1, 0, 2920, 0, 1, 0, 0, 0, 0, 0, 0, 0, 3, 0, 2, 1, 40, 0, 0, D-LinkDoorSensor
0, 0, 0, 1, 0, 0, 1, 0, 96, 0, 1, 0, 0, 0, 0, 0, 0, 0, 3, 0, 1, 3, 52, 0, 0, D-LinkDoorSensor
0, 0, 0, 1, 0, 0, 1, 0, 96, 0, 1, 0, 0, 0, 0, 0, 0, 0, 3, 0, 1, 3, 651, 1, 7.68014687844325, D-LinkDoorSensor
0, 0, 0, 1, 0, 0, 1, 0, 3519, 0, 1, 0, 0, 0, 0, 0, 0, 0, 3, 0, 3, 1, 52, 0, 0, D-LinkDoorSensor
0, 0, 0, 1, 0, 0, 1, 0, 96, 0, 1, 0, 0, 0, 0, 0, 0, 0, 3, 0, 1, 3, 83, 1, 4.696131794257844, D-LinkDoorSensor
0, 0, 0, 1, 0, 0, 1, 0, 96, 0, 1, 0, 0, 0, 0, 0, 0, 0, 3, 0, 1, 3, 52, 0, 0, D-LinkDoorSensor
0, 0, 0, 1, 0, 0, 1, 0, 0, 0, 1, 0, 0, 0, 0, 0, 0, 0, 3, 0, 3, 1, 40, 0, 0, D-LinkDoorSensor
0, 0, 0, 1, 0, 0, 1, 0, 0, 0, 1, 0, 0, 0, 0, 0, 0, 0, 3, 0, 3, 1, 40, 0, 0, D-LinkDoorSensor
0, 0, 0, 1, 0, 0, 1, 0, 17399, 0, 1, 0, 0, 0, 0, 0, 0, 0, 3, 0, 2, 1, 40, 0, 0, D-LinkDoorSensor
0, 0, 0, 1, 0, 0, 1, 0, 2115, 0, 1, 0, 0, 0, 0, 0, 0, 0, 3, 0, 1, 2, 40, 0, 0, D-LinkDoorSensor
0, 0, 0, 1, 0, 0, 1, 0, 2115, 0, 1, 0, 0, 0, 0, 0, 0, 0, 3, 0, 1, 2, 40, 0, 0, D-LinkDoorSensor
0, 0, 0, 1, 0, 0, 1, 0, 17399, 0, 1, 0, 0, 0, 0, 0, 0, 0, 3, 0, 2, 1, 40, 0, 0, D-LinkDoorSensor
0, 0, 0, 1, 0, 0, 1, 0, 390, 0, 1, 0, 0, 0, 0, 0, 0, 0, 3, 0, 1, 2, 40, 0, 0, D-LinkDoorSensor
0, 0, 0, 1, 0, 0, 1, 0, 2920, 0, 1, 0, 0, 0, 0, 0, 0, 0, 3, 0, 2, 1, 40, 0, 0, D-LinkDoorSensor
0, 0, 0, 1, 0, 0, 1, 0, 2115, 0, 1, 0, 0, 0, 0, 0, 0, 0, 3, 0, 1, 2, 1008, 1, 7.770855778173485, D-LinkDoorSensor
0, 0, 0, 1, 0, 0, 1, 0, 17399, 0, 1, 0, 0, 0, 0, 0, 0, 0, 3, 0, 2, 1, 40, 0, 0, D-LinkDoorSensor
0, 0, 0, 1, 0, 0, 1, 0, 17399, 0, 1, 0, 0, 0, 0, 0, 0, 0, 3, 0, 2, 1, 618, 1, 7.6508395221170815, D-LinkDoorSensor
0, 0, 0, 1, 0, 0, 1, 0, 2115, 0, 1, 0, 0, 0, 0, 0, 0, 0, 3, 0, 1, 2, 40, 0, 0, D-LinkDoorSensor
0, 0, 0, 1, 0, 0, 1, 0, 2115, 0, 1, 0, 0, 0, 0, 0, 0, 0, 3, 0, 1, 2, 1069, 1, 7.830484820099484, D-LinkDoorSensor
0, 0, 0, 1, 0, 0, 1, 0, 17399, 0, 1, 0, 0, 0, 0, 0, 0, 0, 3, 0, 2, 1, 40, 0, 0, D-LinkDoorSensor
0, 0, 0, 1, 0, 0, 1, 0, 17399, 0, 1, 0, 0, 0, 0, 0, 0, 0, 3, 0, 2, 1, 1067, 1, 7.803508567804273, D-LinkDoorSensor
0, 0, 0, 1, 0, 0, 1, 0, 2115, 0, 1, 0, 0, 0, 0, 0, 0, 0, 3, 0, 1, 2, 40, 0, 0, D-LinkDoorSensor
0, 0, 0, 1, 0, 0, 1, 0, 390, 0, 1, 0, 0, 0, 0, 0, 0, 0, 3, 0, 1, 2, 40, 0, 0, D-LinkDoorSensor
0, 0, 0, 1, 0, 0, 1, 0, 2920, 0, 1, 0, 0, 0, 0, 0, 0, 0, 3, 0, 2, 1, 40, 0, 0, D-LinkDoorSensor
0, 0, 0, 1, 0, 0, 1, 0, 2115, 0, 1, 0, 0, 0, 0, 0, 0, 0, 3, 0, 1, 2, 1069, 1, 7.795200941056508, D-LinkDoorSensor
0, 0, 0, 1, 0, 0, 1, 0, 17399, 0, 1, 0, 0, 0, 0, 0, 0, 0, 3, 0, 2, 1, 40, 0, 0, D-LinkDoorSensor
0, 0, 0, 1, 0, 0, 1, 0, 17399, 0, 1, 0, 0, 0, 0, 0, 0, 0, 3, 0, 2, 1, 1067, 1, 7.8177938983427895, D-LinkDoorSensor
0, 0, 0, 1, 0, 0, 1, 0, 2115, 0, 1, 0, 0, 0, 0, 0, 0, 0, 3, 0, 1, 2, 40, 0, 0, D-LinkDoorSensor
0, 0, 0, 1, 0, 0, 1, 0, 2920, 0, 1, 0, 0, 0, 0, 0, 0, 0, 3, 0, 2, 1, 40, 0, 0, D-LinkDoorSensor
0, 0, 0, 1, 0, 0, 1, 0, 390, 0, 1, 0, 0, 0, 0, 0, 0, 0, 3, 0, 1, 2, 40, 0, 0, D-LinkDoorSensor
0, 0, 0, 1, 0, 0, 1, 0, 390, 0, 1, 0, 0, 0, 0, 0, 0, 0, 3, 0, 1, 2, 40, 0, 0, D-LinkDoorSensor
0, 0, 0, 1, 0, 0, 1, 0, 2920, 0, 1, 0, 0, 0, 0, 0, 0, 0, 3, 0, 2, 1, 40, 0, 0, D-LinkDoorSensor
0, 0, 0, 1, 0, 0, 1, 0, 2115, 0, 1, 0, 0, 0, 0, 0, 0, 0, 3, 0, 1, 2, 1069, 1, 7.7866442560872, D-LinkDoorSensor
0, 0, 0, 1, 0, 0, 1, 0, 17399, 0, 1, 0, 0, 0, 0, 0, 0, 0, 3, 0, 2, 1, 40, 0, 0, D-LinkDoorSensor
0, 0, 0, 1, 0, 0, 1, 0, 17399, 0, 1, 0, 0, 0, 0, 0, 0, 0, 3, 0, 2, 1, 1067, 1, 7.792937363843189, D-LinkDoorSensor
0, 0, 0, 1, 0, 0, 1, 0, 2115, 0, 1, 0, 0, 0, 0, 0, 0, 0, 3, 0, 1, 2, 40, 0, 0, D-LinkDoorSensor
0, 0, 0, 1, 0, 0, 1, 0, 5840, 0, 1, 0, 0, 0, 0, 0, 0, 0, 3, 0, 3, 1, 60, 0, 0, D-LinkDoorSensor
0, 0, 0, 1, 0, 0, 1, 0, 17898, 0, 1, 0, 0, 0, 0, 0, 0, 0, 3, 0, 1, 3, 60, 0, 0, D-LinkDoorSensor
0, 0, 0, 1, 0, 0, 1, 0, 2920, 0, 1, 0, 0, 0, 0, 0, 0, 0, 3, 0, 3, 1, 52, 0, 0, D-LinkDoorSensor
0, 0, 0, 1, 0, 0, 1, 0, 2920, 0, 1, 0, 0, 0, 0, 0, 0, 0, 3, 0, 3, 1, 543, 1, 6.362499514292306, D-LinkDoorSensor
0, 0, 0, 1, 0, 0, 1, 0, 75, 0, 1, 0, 0, 0, 0, 0, 0, 0, 3, 0, 1, 3, 52, 0, 0, D-LinkDoorSensor
0, 0, 0, 1, 0, 0, 1, 0, 75, 0, 1, 0, 0, 0, 0, 0, 0, 0, 3, 0, 1, 3, 189, 1, 6.178849230508418, D-LinkDoorSensor
0, 0, 0, 1, 0, 0, 1, 0, 2920, 0, 1, 0, 0, 0, 0, 0, 0, 0, 3, 0, 3, 1, 52, 0, 0, D-LinkDoorSensor
0, 0, 0, 1, 0, 0, 1, 0, 2920, 0, 1, 0, 0, 0, 0, 0, 0, 0, 3, 0, 3, 1, 103, 1, 5.319484165500912, D-LinkDoorSensor
0, 0, 0, 1, 0, 0, 1, 0, 75, 0, 1, 0, 0, 0, 0, 0, 0, 0, 3, 0, 1, 3, 52, 0, 0, D-LinkDoorSensor
0, 0, 0, 1, 0, 0, 1, 0, 2920, 0, 1, 0, 0, 0, 0, 0, 0, 0, 3, 0, 3, 1, 1014, 1, 7.781024543466179, D-LinkDoorSensor
0, 0, 0, 1, 0, 0, 1, 0, 82, 0, 1, 0, 0, 0, 0, 0, 0, 0, 3, 0, 1, 3, 52, 0, 0, D-LinkDoorSensor
0, 0, 0, 1, 0, 0, 1, 0, 82, 0, 1, 0, 0, 0, 0, 0, 0, 0, 3, 0, 1, 3, 635, 1, 7.609678893526187, D-LinkDoorSensor
0, 0, 0, 1, 0, 0, 1, 0, 3503, 0, 1, 0, 0, 0, 0, 0, 0, 0, 3, 0, 3, 1, 52, 0, 0, D-LinkDoorSensor
0, 0, 0, 1, 0, 0, 1, 0, 82, 0, 1, 0, 0, 0, 0, 0, 0, 0, 3, 0, 1, 3, 83, 1, 4.889680181354619, D-LinkDoorSensor
0, 0, 0, 1, 0, 0, 1, 0, 82, 0, 1, 0, 0, 0, 0, 0, 0, 0, 3, 0, 1, 3, 52, 0, 0, D-LinkDoorSensor
0, 0, 0, 1, 0, 0, 1, 0, 0, 0, 1, 0, 0, 0, 0, 0, 0, 0, 3, 0, 3, 1, 40, 0, 0, D-LinkDoorSensor
0, 0, 0, 1, 0, 0, 1, 0, 0, 0, 1, 0, 0, 0, 0, 0, 0, 0, 3, 0, 3, 1, 40, 0, 0, D-LinkDoorSensor
0, 0, 0, 1, 0, 0, 1, 0, 390, 0, 1, 0, 0, 0, 0, 0, 0, 0, 3, 0, 1, 2, 40, 0, 0, D-LinkDoorSensor
0, 0, 0, 1, 0, 0, 1, 0, 2920, 0, 1, 0, 0, 0, 0, 0, 0, 0, 3, 0, 2, 1, 40, 0, 0, D-LinkDoorSensor
0, 0, 0, 1, 0, 0, 1, 0, 2115, 0, 1, 0, 0, 0, 0, 0, 0, 0, 3, 0, 1, 2, 1069, 1, 7.796172147532868, D-LinkDoorSensor
0, 0, 0, 1, 0, 0, 1, 0, 17399, 0, 1, 0, 0, 0, 0, 0, 0, 0, 3, 0, 2, 1, 40, 0, 0, D-LinkDoorSensor
0, 0, 0, 1, 0, 0, 1, 0, 17399, 0, 1, 0, 0, 0, 0, 0, 0, 0, 3, 0, 2, 1, 1067, 1, 7.813890035213241, D-LinkDoorSensor
0, 0, 0, 1, 0, 0, 1, 0, 2115, 0, 1, 0, 0, 0, 0, 0, 0, 0, 3, 0, 1, 2, 40, 0, 0, D-LinkDoorSensor
1, 0, 0, 0, 0, 0, 0, 0, 0, 0, 0, 0, 0, 0, 0, 0, 0, 0, 3, 0, 0, 0, 0, 0, 0, D-LinkDoorSensor
1, 0, 0, 0, 0, 0, 0, 0, 0, 0, 0, 0, 0, 0, 0, 0, 0, 0, 3, 0, 0, 0, 0, 0, 0, D-LinkDoorSensor
0, 0, 0, 1, 0, 0, 1, 0, 390, 0, 1, 0, 0, 0, 0, 0, 0, 0, 3, 0, 1, 2, 40, 0, 0, D-LinkDoorSensor
0, 0, 0, 1, 0, 0, 1, 0, 2920, 0, 1, 0, 0, 0, 0, 0, 0, 0, 3, 0, 2, 1, 40, 0, 0, D-LinkDoorSensor
0, 0, 0, 1, 0, 0, 1, 0, 2115, 0, 1, 0, 0, 0, 0, 0, 0, 0, 3, 0, 1, 2, 1069, 1, 7.80505566397774, D-LinkDoorSensor
0, 0, 0, 1, 0, 0, 1, 0, 17399, 0, 1, 0, 0, 0, 0, 0, 0, 0, 3, 0, 2, 1, 40, 0, 0, D-LinkDoorSensor
0, 0, 0, 1, 0, 0, 1, 0, 17399, 0, 1, 0, 0, 0, 0, 0, 0, 0, 3, 0, 2, 1, 1067, 1, 7.803722102656532, D-LinkDoorSensor
0, 0, 0, 1, 0, 0, 1, 0, 2115, 0, 1, 0, 0, 0, 0, 0, 0, 0, 3, 0, 1, 2, 40, 0, 0, D-LinkDoorSensor
0, 0, 0, 1, 0, 0, 1, 0, 390, 0, 1, 0, 0, 0, 0, 0, 0, 0, 3, 0, 1, 2, 40, 0, 0, D-LinkDoorSensor
0, 0, 0, 1, 0, 0, 1, 0, 2920, 0, 1, 0, 0, 0, 0, 0, 0, 0, 3, 0, 2, 1, 40, 0, 0, D-LinkDoorSensor
0, 0, 0, 1, 0, 0, 1, 0, 2115, 0, 1, 0, 0, 0, 0, 0, 0, 0, 3, 0, 1, 2, 1069, 1, 7.796021421716111, D-LinkDoorSensor
0, 0, 0, 1, 0, 0, 1, 0, 17399, 0, 1, 0, 0, 0, 0, 0, 0, 0, 3, 0, 2, 1, 40, 0, 0, D-LinkDoorSensor
0, 0, 0, 1, 0, 0, 1, 0, 17399, 0, 1, 0, 0, 0, 0, 0, 0, 0, 3, 0, 2, 1, 1420, 1, 7.8753262917757905, D-LinkDoorSensor
0, 0, 0, 1, 0, 0, 1, 0, 17399, 0, 1, 0, 0, 0, 0, 0, 0, 0, 3, 0, 2, 1, 86, 1, 5.393127173448315, D-LinkDoorSensor
0, 0, 0, 1, 0, 0, 1, 0, 2115, 0, 1, 0, 0, 0, 0, 0, 0, 0, 3, 0, 1, 2, 40, 0, 0, D-LinkDoorSensor
0, 0, 0, 1, 0, 0, 1, 0, 2115, 0, 1, 0, 0, 0, 0, 0, 0, 0, 3, 0, 1, 2, 40, 0, 0, D-LinkDoorSensor
0, 0, 0, 1, 0, 0, 1, 0, 390, 0, 1, 0, 0, 0, 0, 0, 0, 0, 3, 0, 1, 2, 40, 0, 0, D-LinkDoorSensor
0, 0, 0, 1, 0, 0, 1, 0, 2920, 0, 1, 0, 0, 0, 0, 0, 0, 0, 3, 0, 2, 1, 40, 0, 0, D-LinkDoorSensor
0, 0, 0, 1, 0, 0, 1, 0, 2115, 0, 1, 0, 0, 0, 0, 0, 0, 0, 3, 0, 1, 2, 40, 0, 0, D-LinkDoorSensor
0, 0, 0, 1, 0, 0, 1, 0, 17399, 0, 1, 0, 0, 0, 0, 0, 0, 0, 3, 0, 2, 1, 40, 0, 0, D-LinkDoorSensor
0, 0, 0, 1, 0, 0, 1, 0, 5840, 0, 1, 0, 0, 0, 0, 0, 0, 0, 3, 0, 3, 1, 60, 0, 0, D-LinkDoorSensor
0, 0, 0, 1, 0, 0, 1, 0, 17898, 0, 1, 0, 0, 0, 0, 0, 0, 0, 3, 0, 1, 3, 60, 0, 0, D-LinkDoorSensor
0, 0, 0, 1, 0, 0, 1, 0, 2920, 0, 1, 0, 0, 0, 0, 0, 0, 0, 3, 0, 3, 1, 52, 0, 0, D-LinkDoorSensor
0, 0, 0, 1, 0, 0, 1, 0, 2920, 0, 1, 0, 0, 0, 0, 0, 0, 0, 3, 0, 3, 1, 543, 1, 6.403187793423409, D-LinkDoorSensor
0, 0, 0, 1, 0, 0, 1, 0, 75, 0, 1, 0, 0, 0, 0, 0, 0, 0, 3, 0, 1, 3, 52, 0, 0, D-LinkDoorSensor
0, 0, 0, 1, 0, 0, 1, 0, 75, 0, 1, 0, 0, 0, 0, 0, 0, 0, 3, 0, 1, 3, 189, 1, 6.1502330214133325, D-LinkDoorSensor
0, 0, 0, 1, 0, 0, 1, 0, 2920, 0, 1, 0, 0, 0, 0, 0, 0, 0, 3, 0, 3, 1, 52, 0, 0, D-LinkDoorSensor
0, 0, 0, 1, 0, 0, 1, 0, 2920, 0, 1, 0, 0, 0, 0, 0, 0, 0, 3, 0, 3, 1, 103, 1, 5.226251077223196, D-LinkDoorSensor
0, 0, 0, 1, 0, 0, 1, 0, 2920, 0, 1, 0, 0, 0, 0, 0, 0, 0, 3, 0, 3, 1, 1420, 1, 7.874517604694858, D-LinkDoorSensor
0, 0, 0, 1, 0, 0, 1, 0, 2920, 0, 1, 0, 0, 0, 0, 0, 0, 0, 3, 0, 3, 1, 1420, 1, 7.8699326052092555, D-LinkDoorSensor
0, 0, 0, 1, 0, 0, 1, 0, 85, 0, 1, 0, 0, 0, 0, 0, 0, 0, 3, 0, 1, 3, 52, 0, 0, D-LinkDoorSensor
0, 0, 0, 1, 0, 0, 1, 0, 2920, 0, 1, 0, 0, 0, 0, 0, 0, 0, 3, 0, 3, 1, 1276, 1, 7.830020411621211, D-LinkDoorSensor
0, 0, 0, 1, 0, 0, 1, 0, 107, 0, 1, 0, 0, 0, 0, 0, 0, 0, 3, 0, 1, 3, 52, 0, 0, D-LinkDoorSensor
0, 0, 0, 1, 0, 0, 1, 0, 107, 0, 1, 0, 0, 0, 0, 0, 0, 0, 3, 0, 1, 3, 651, 1, 7.636682881942683, D-LinkDoorSensor
0, 0, 0, 1, 0, 0, 1, 0, 3519, 0, 1, 0, 0, 0, 0, 0, 0, 0, 3, 0, 3, 1, 52, 0, 0, D-LinkDoorSensor
0, 0, 0, 1, 0, 0, 1, 0, 107, 0, 1, 0, 0, 0, 0, 0, 0, 0, 3, 0, 1, 3, 83, 1, 4.825164052322361, D-LinkDoorSensor
0, 0, 0, 1, 0, 0, 1, 0, 107, 0, 1, 0, 0, 0, 0, 0, 0, 0, 3, 0, 1, 3, 52, 0, 0, D-LinkDoorSensor
0, 0, 0, 1, 0, 0, 1, 0, 0, 0, 1, 0, 0, 0, 0, 0, 0, 0, 3, 0, 3, 1, 40, 0, 0, D-LinkDoorSensor
0, 0, 0, 1, 0, 0, 1, 0, 0, 0, 1, 0, 0, 0, 0, 0, 0, 0, 3, 0, 3, 1, 40, 0, 0, D-LinkDoorSensor
0, 0, 0, 1, 0, 0, 1, 0, 390, 0, 1, 0, 0, 0, 0, 0, 0, 0, 3, 0, 1, 2, 40, 0, 0, D-LinkDoorSensor
0, 0, 0, 1, 0, 0, 1, 0, 2920, 0, 1, 0, 0, 0, 0, 0, 0, 0, 3, 0, 2, 1, 40, 0, 0, D-LinkDoorSensor
0, 0, 0, 1, 0, 0, 1, 0, 2115, 0, 1, 0, 0, 0, 0, 0, 0, 0, 3, 0, 1, 2, 40, 0, 0, D-LinkDoorSensor
0, 0, 0, 1, 0, 0, 1, 0, 17399, 0, 1, 0, 0, 0, 0, 0, 0, 0, 3, 0, 2, 1, 40, 0, 0, D-LinkDoorSensor
0, 0, 0, 1, 0, 0, 1, 0, 2115, 0, 1, 0, 0, 0, 0, 0, 0, 0, 3, 0, 1, 2, 1070, 1, 7.8347704010556445, D-LinkDoorSensor
0, 0, 0, 1, 0, 0, 1, 0, 17399, 0, 1, 0, 0, 0, 0, 0, 0, 0, 3, 0, 2, 1, 40, 0, 0, D-LinkDoorSensor
0, 0, 0, 1, 0, 0, 1, 0, 17399, 0, 1, 0, 0, 0, 0, 0, 0, 0, 3, 0, 2, 1, 1071, 1, 7.8206195999603505, D-LinkDoorSensor
0, 0, 0, 1, 0, 0, 1, 0, 2115, 0, 1, 0, 0, 0, 0, 0, 0, 0, 3, 0, 1, 2, 40, 0, 0, D-LinkDoorSensor
0, 0, 0, 1, 0, 0, 1, 0, 2115, 0, 1, 0, 0, 0, 0, 0, 0, 0, 3, 0, 1, 2, 1135, 1, 7.792923326981412, D-LinkDoorSensor
0, 0, 0, 1, 0, 0, 1, 0, 17399, 0, 1, 0, 0, 0, 0, 0, 0, 0, 3, 0, 2, 1, 40, 0, 0, D-LinkDoorSensor
0, 0, 0, 1, 0, 0, 1, 0, 17399, 0, 1, 0, 0, 0, 0, 0, 0, 0, 3, 0, 2, 1, 634, 1, 7.60323763750892, D-LinkDoorSensor
0, 0, 0, 1, 0, 0, 1, 0, 2115, 0, 1, 0, 0, 0, 0, 0, 0, 0, 3, 0, 1, 2, 40, 0, 0, D-LinkDoorSensor
0, 0, 0, 1, 0, 0, 1, 0, 2115, 0, 1, 0, 0, 0, 0, 0, 0, 0, 3, 0, 1, 2, 1106, 1, 7.7872352536917475, D-LinkDoorSensor
0, 0, 0, 1, 0, 0, 1, 0, 17399, 0, 1, 0, 0, 0, 0, 0, 0, 0, 3, 0, 2, 1, 40, 0, 0, D-LinkDoorSensor
0, 0, 0, 1, 0, 0, 1, 0, 17399, 0, 1, 0, 0, 0, 0, 0, 0, 0, 3, 0, 2, 1, 1420, 1, 7.84340148304798, D-LinkDoorSensor
0, 0, 0, 1, 0, 0, 1, 0, 17399, 0, 1, 0, 0, 0, 0, 0, 0, 0, 3, 0, 2, 1, 1420, 1, 7.866720921695661, D-LinkDoorSensor
0, 0, 0, 1, 0, 0, 1, 0, 17399, 0, 1, 0, 0, 0, 0, 0, 0, 0, 3, 0, 2, 1, 787, 1, 7.749033196044603, D-LinkDoorSensor
0, 0, 0, 1, 0, 0, 1, 0, 2115, 0, 1, 0, 0, 0, 0, 0, 0, 0, 3, 0, 1, 2, 40, 0, 0, D-LinkDoorSensor
0, 0, 0, 1, 0, 0, 1, 0, 2115, 0, 1, 0, 0, 0, 0, 0, 0, 0, 3, 0, 1, 2, 40, 0, 0, D-LinkDoorSensor
0, 0, 0, 1, 0, 0, 1, 0, 2115, 0, 1, 0, 0, 0, 0, 0, 0, 0, 3, 0, 1, 2, 40, 0, 0, D-LinkDoorSensor
0, 0, 0, 1, 0, 0, 1, 0, 390, 0, 1, 0, 0, 0, 0, 0, 0, 0, 3, 0, 1, 2, 40, 0, 0, D-LinkDoorSensor
0, 0, 0, 1, 0, 0, 1, 0, 2920, 0, 1, 0, 0, 0, 0, 0, 0, 0, 3, 0, 2, 1, 40, 0, 0, D-LinkDoorSensor
0, 0, 0, 1, 0, 0, 1, 0, 2115, 0, 1, 0, 0, 0, 0, 0, 0, 0, 3, 0, 1, 2, 40, 0, 0, D-LinkDoorSensor
0, 0, 0, 1, 0, 0, 1, 0, 17399, 0, 1, 0, 0, 0, 0, 0, 0, 0, 3, 0, 2, 1, 40, 0, 0, D-LinkDoorSensor
0, 0, 0, 1, 0, 0, 1, 0, 390, 0, 1, 0, 0, 0, 0, 0, 0, 0, 3, 0, 1, 2, 40, 0, 0, D-LinkDoorSensor
0, 0, 0, 1, 0, 0, 1, 0, 2920, 0, 1, 0, 0, 0, 0, 0, 0, 0, 3, 0, 2, 1, 40, 0, 0, D-LinkDoorSensor
0, 0, 0, 1, 0, 0, 1, 0, 2115, 0, 1, 0, 0, 0, 0, 0, 0, 0, 3, 0, 1, 2, 40, 0, 0, D-LinkDoorSensor
0, 0, 0, 1, 0, 0, 1, 0, 17399, 0, 1, 0, 0, 0, 0, 0, 0, 0, 3, 0, 2, 1, 40, 0, 0, D-LinkDoorSensor
0, 0, 0, 1, 0, 0, 1, 0, 390, 0, 1, 0, 0, 0, 0, 0, 0, 0, 3, 0, 1, 2, 40, 0, 0, D-LinkDoorSensor
0, 0, 0, 1, 0, 0, 1, 0, 2920, 0, 1, 0, 0, 0, 0, 0, 0, 0, 3, 0, 2, 1, 40, 0, 0, D-LinkDoorSensor
0, 0, 0, 1, 0, 0, 1, 0, 5840, 0, 1, 0, 0, 0, 0, 0, 0, 0, 3, 0, 3, 1, 60, 0, 0, D-LinkDoorSensor
0, 0, 0, 1, 0, 0, 1, 0, 17898, 0, 1, 0, 0, 0, 0, 0, 0, 0, 3, 0, 1, 3, 60, 0, 0, D-LinkDoorSensor
0, 0, 0, 1, 0, 0, 1, 0, 2920, 0, 1, 0, 0, 0, 0, 0, 0, 0, 3, 0, 3, 1, 52, 0, 0, D-LinkDoorSensor
0, 0, 0, 1, 0, 0, 1, 0, 2920, 0, 1, 0, 0, 0, 0, 0, 0, 0, 3, 0, 3, 1, 543, 1, 6.392552304805215, D-LinkDoorSensor
0, 0, 0, 1, 0, 0, 1, 0, 75, 0, 1, 0, 0, 0, 0, 0, 0, 0, 3, 0, 1, 3, 52, 0, 0, D-LinkDoorSensor
0, 0, 0, 1, 0, 0, 1, 0, 75, 0, 1, 0, 0, 0, 0, 0, 0, 0, 3, 0, 1, 3, 189, 1, 6.3121679349353546, D-LinkDoorSensor
0, 0, 0, 1, 0, 0, 1, 0, 2920, 0, 1, 0, 0, 0, 0, 0, 0, 0, 3, 0, 3, 1, 52, 0, 0, D-LinkDoorSensor
0, 0, 0, 1, 0, 0, 1, 0, 2920, 0, 1, 0, 0, 0, 0, 0, 0, 0, 3, 0, 3, 1, 103, 1, 5.201837106677382, D-LinkDoorSensor
0, 0, 0, 1, 0, 0, 1, 0, 75, 0, 1, 0, 0, 0, 0, 0, 0, 0, 3, 0, 1, 3, 52, 0, 0, D-LinkDoorSensor
0, 0, 0, 1, 0, 0, 1, 0, 2920, 0, 1, 0, 0, 0, 0, 0, 0, 0, 3, 0, 3, 1, 1054, 1, 7.79961780423744, D-LinkDoorSensor
0, 0, 0, 1, 0, 0, 1, 0, 82, 0, 1, 0, 0, 0, 0, 0, 0, 0, 3, 0, 1, 3, 52, 0, 0, D-LinkDoorSensor
0, 0, 0, 1, 0, 0, 1, 0, 2115, 0, 1, 0, 0, 0, 0, 0, 0, 0, 3, 0, 1, 2, 40, 0, 0, D-LinkDoorSensor
0, 0, 0, 1, 0, 0, 1, 0, 17399, 0, 1, 0, 0, 0, 0, 0, 0, 0, 3, 0, 2, 1, 40, 0, 0, D-LinkDoorSensor
0, 0, 0, 1, 0, 0, 1, 0, 82, 0, 1, 0, 0, 0, 0, 0, 0, 0, 3, 0, 1, 3, 635, 1, 7.604407186175706, D-LinkDoorSensor
0, 0, 0, 1, 0, 0, 1, 0, 3503, 0, 1, 0, 0, 0, 0, 0, 0, 0, 3, 0, 3, 1, 52, 0, 0, D-LinkDoorSensor
0, 0, 0, 1, 0, 0, 1, 0, 82, 0, 1, 0, 0, 0, 0, 0, 0, 0, 3, 0, 1, 3, 83, 1, 4.696131794257844, D-LinkDoorSensor
0, 0, 0, 1, 0, 0, 1, 0, 82, 0, 1, 0, 0, 0, 0, 0, 0, 0, 3, 0, 1, 3, 52, 0, 0, D-LinkDoorSensor
0, 0, 0, 1, 0, 0, 1, 0, 0, 0, 1, 0, 0, 0, 0, 0, 0, 0, 3, 0, 3, 1, 40, 0, 0, D-LinkDoorSensor
0, 0, 0, 1, 0, 0, 1, 0, 0, 0, 1, 0, 0, 0, 0, 0, 0, 0, 3, 0, 3, 1, 40, 0, 0, D-LinkDoorSensor
1, 0, 0, 0, 0, 0, 0, 0, 0, 0, 0, 0, 0, 0, 0, 0, 0, 0, 3, 0, 0, 0, 0, 0, 0, D-LinkDoorSensor
1, 0, 0, 0, 0, 0, 0, 0, 0, 0, 0, 0, 0, 0, 0, 0, 0, 0, 3, 0, 0, 0, 0, 0, 0, D-LinkDoorSensor
0, 0, 0, 1, 0, 0, 1, 0, 390, 0, 1, 0, 0, 0, 0, 0, 0, 0, 3, 0, 1, 2, 40, 0, 0, D-LinkDoorSensor
0, 0, 0, 1, 0, 0, 1, 0, 2920, 0, 1, 0, 0, 0, 0, 0, 0, 0, 3, 0, 2, 1, 40, 0, 0, D-LinkDoorSensor
0, 0, 0, 1, 0, 0, 1, 0, 2115, 0, 1, 0, 0, 0, 0, 0, 0, 0, 3, 0, 1, 2, 40, 0, 0, D-LinkDoorSensor
0, 0, 0, 1, 0, 0, 1, 0, 17399, 0, 1, 0, 0, 0, 0, 0, 0, 0, 3, 0, 2, 1, 40, 0, 0, D-LinkDoorSensor
0, 0, 0, 1, 0, 0, 1, 0, 390, 0, 1, 0, 0, 0, 0, 0, 0, 0, 3, 0, 1, 2, 40, 0, 0, D-LinkDoorSensor
0, 0, 0, 1, 0, 0, 1, 0, 2920, 0, 1, 0, 0, 0, 0, 0, 0, 0, 3, 0, 2, 1, 40, 0, 0, D-LinkDoorSensor
0, 0, 0, 1, 0, 0, 1, 0, 2115, 0, 1, 0, 0, 0, 0, 0, 0, 0, 3, 0, 1, 2, 40, 0, 0, D-LinkDoorSensor
0, 0, 0, 1, 0, 0, 1, 0, 17399, 0, 1, 0, 0, 0, 0, 0, 0, 0, 3, 0, 2, 1, 40, 0, 0, D-LinkDoorSensor
0, 0, 0, 1, 0, 0, 1, 0, 390, 0, 1, 0, 0, 0, 0, 0, 0, 0, 3, 0, 1, 2, 40, 0, 0, D-LinkDoorSensor
0, 0, 0, 1, 0, 0, 1, 0, 2920, 0, 1, 0, 0, 0, 0, 0, 0, 0, 3, 0, 2, 1, 40, 0, 0, D-LinkDoorSensor
0, 0, 0, 1, 0, 0, 1, 0, 2115, 0, 1, 0, 0, 0, 0, 0, 0, 0, 3, 0, 1, 2, 40, 0, 0, D-LinkDoorSensor
0, 0, 0, 1, 0, 0, 1, 0, 17399, 0, 1, 0, 0, 0, 0, 0, 0, 0, 3, 0, 2, 1, 40, 0, 0, D-LinkDoorSensor
0, 0, 0, 1, 0, 0, 1, 0, 2920, 0, 1, 0, 0, 0, 0, 0, 0, 0, 3, 0, 2, 1, 40, 0, 0, D-LinkDoorSensor
0, 0, 0, 1, 0, 0, 1, 0, 390, 0, 1, 0, 0, 0, 0, 0, 0, 0, 3, 0, 1, 2, 40, 0, 0, D-LinkDoorSensor
