0, 0, 1, 0, 0, 0, 0, 0, 0, 0, 0, 0, 0, 0, 0, 0, 0, 0, 0, 0, 0, 0, 117, 1, 4.063035899111383, D-LinkSwitch
0, 0, 1, 0, 0, 0, 0, 0, 0, 0, 0, 0, 0, 0, 0, 0, 0, 0, 0, 0, 0, 0, 95, 1, 1.6313145368868314, D-LinkSwitch
0, 0, 0, 0, 0, 0, 0, 0, 0, 0, 0, 0, 0, 0, 0, 0, 0, 0, 0, 0, 0, 0, 1, 0, 0, D-LinkSwitch
0, 0, 0, 0, 0, 0, 0, 0, 0, 0, 0, 0, 0, 0, 0, 0, 0, 0, 0, 0, 0, 0, 1, 0, 0, D-LinkSwitch
0, 0, 0, 1, 0, 0, 0, 0, 0, 0, 0, 0, 0, 0, 0, 0, 0, 0, 1, 0, 0, 0, 40, 1, 2.216917186688699, D-LinkSwitch
0, 0, 0, 1, 0, 0, 0, 1, 0, 0, 0, 0, 0, 0, 0, 1, 0, 0, 2, 0, 2, 2, 543, 0, 0, D-LinkSwitch
0, 0, 0, 1, 0, 0, 0, 1, 0, 0, 0, 0, 0, 0, 0, 1, 0, 0, 2, 0, 2, 2, 128, 0, 0, D-LinkSwitch
0, 0, 0, 1, 0, 0, 0, 1, 0, 0, 0, 0, 0, 0, 0, 1, 0, 0, 2, 0, 2, 2, 543, 0, 0, D-LinkSwitch
0, 0, 0, 1, 0, 0, 0, 1, 0, 0, 0, 0, 0, 0, 0, 1, 0, 0, 2, 0, 2, 2, 543, 0, 0, D-LinkSwitch
0, 0, 0, 1, 0, 0, 0, 1, 0, 0, 0, 0, 0, 0, 0, 1, 0, 0, 2, 0, 2, 2, 513, 0, 0, D-LinkSwitch
0, 0, 0, 1, 0, 0, 0, 1, 0, 0, 0, 0, 0, 0, 0, 1, 0, 0, 2, 0, 2, 2, 128, 0, 0, D-LinkSwitch
0, 0, 0, 1, 0, 0, 0, 1, 0, 0, 0, 0, 0, 0, 0, 1, 0, 0, 2, 0, 2, 2, 513, 0, 0, D-LinkSwitch
0, 0, 0, 1, 0, 0, 0, 1, 0, 0, 0, 1, 1, 0, 0, 0, 0, 0, 3, 0, 1, 1, 337, 0, 0, D-LinkSwitch
0, 0, 0, 1, 0, 0, 0, 1, 0, 0, 0, 0, 0, 0, 0, 1, 0, 0, 3, 0, 2, 2, 319, 0, 0, D-LinkSwitch
0, 0, 0, 1, 0, 0, 0, 1, 0, 0, 0, 1, 1, 0, 0, 0, 0, 0, 3, 0, 1, 1, 349, 0, 0, D-LinkSwitch
0, 0, 0, 1, 0, 0, 0, 1, 0, 0, 0, 0, 0, 0, 0, 1, 0, 0, 3, 0, 2, 2, 294, 0, 0, D-LinkSwitch
0, 0, 0, 1, 0, 0, 0, 0, 0, 0, 0, 0, 0, 0, 0, 0, 0, 0, 3, 0, 0, 0, 40, 1, 2.216917186688699, D-LinkSwitch
0, 1, 0, 0, 0, 0, 0, 0, 0, 0, 0, 0, 0, 0, 0, 0, 0, 0, 3, 0, 0, 0, 6, 1, 1.584962500721156, D-LinkSwitch
0, 0, 1, 0, 0, 0, 0, 0, 0, 0, 0, 0, 0, 0, 0, 0, 0, 0, 3, 0, 0, 0, 117, 1, 4.066372305312777, D-LinkSwitch
0, 0, 1, 0, 0, 0, 0, 0, 0, 0, 0, 0, 0, 0, 0, 0, 0, 0, 3, 0, 0, 0, 95, 1, 1.610261905307884, D-LinkSwitch
0, 0, 0, 1, 0, 0, 0, 1, 0, 0, 0, 1, 1, 0, 0, 0, 0, 0, 3, 0, 1, 1, 349, 0, 0, D-LinkSwitch
0, 0, 0, 1, 0, 0, 0, 1, 0, 0, 0, 0, 0, 0, 0, 1, 0, 0, 3, 0, 2, 2, 294, 0, 0, D-LinkSwitch
0, 0, 0, 1, 0, 0, 0, 0, 0, 0, 0, 0, 0, 0, 0, 0, 0, 0, 3, 0, 0, 0, 40, 1, 2.216917186688699, D-LinkSwitch
0, 0, 0, 1, 0, 0, 0, 0, 0, 0, 0, 0, 0, 0, 0, 0, 0, 0, 3, 0, 0, 0, 40, 1, 2.216917186688699, D-LinkSwitch
0, 0, 0, 1, 0, 0, 0, 1, 0, 0, 0, 0, 0, 0, 0, 1, 0, 0, 3, 0, 2, 2, 543, 0, 0, D-LinkSwitch
0, 0, 0, 1, 0, 0, 0, 1, 0, 0, 0, 0, 0, 0, 0, 1, 0, 0, 3, 0, 2, 2, 128, 0, 0, D-LinkSwitch
0, 0, 0, 1, 0, 0, 0, 1, 0, 0, 0, 0, 0, 0, 0, 1, 0, 0, 3, 0, 2, 2, 543, 0, 0, D-LinkSwitch
0, 0, 0, 1, 0, 0, 0, 1, 0, 0, 0, 0, 0, 0, 0, 1, 0, 0, 3, 0, 2, 2, 543, 0, 0, D-LinkSwitch
0, 0, 0, 1, 0, 0, 0, 1, 0, 0, 0, 0, 0, 0, 0, 1, 0, 0, 3, 0, 2, 2, 513, 0, 0, D-LinkSwitch
0, 0, 0, 1, 0, 0, 0, 1, 0, 0, 0, 0, 0, 0, 0, 1, 0, 0, 3, 0, 2, 2, 319, 0, 0, D-LinkSwitch
0, 0, 0, 1, 0, 0, 0, 1, 0, 0, 0, 0, 0, 0, 0, 1, 0, 0, 3, 0, 2, 2, 294, 0, 0, D-LinkSwitch
0, 0, 0, 1, 0, 0, 0, 0, 0, 0, 0, 0, 0, 0, 0, 0, 0, 0, 3, 0, 0, 0, 40, 1, 2.216917186688699, D-LinkSwitch
1, 0, 0, 0, 0, 0, 0, 0, 0, 0, 0, 0, 0, 0, 0, 0, 0, 0, 3, 0, 0, 0, 0, 0, 0, D-LinkSwitch
1, 0, 0, 0, 0, 0, 0, 0, 0, 0, 0, 0, 0, 0, 0, 0, 0, 0, 3, 0, 0, 0, 0, 0, 0, D-LinkSwitch
0, 0, 0, 1, 0, 0, 0, 1, 0, 0, 0, 0, 0, 0, 1, 0, 0, 0, 4, 0, 3, 1, 60, 0, 0, D-LinkSwitch
0, 0, 0, 1, 0, 0, 0, 1, 0, 0, 0, 0, 0, 0, 1, 0, 0, 0, 5, 0, 1, 3, 381, 0, 0, D-LinkSwitch
0, 0, 0, 1, 0, 0, 0, 1, 0, 0, 0, 0, 0, 0, 1, 0, 0, 0, 5, 0, 3, 1, 60, 0, 0, D-LinkSwitch
0, 0, 0, 1, 0, 0, 0, 1, 0, 0, 0, 0, 0, 0, 1, 0, 0, 0, 5, 0, 1, 3, 298, 0, 0, D-LinkSwitch
0, 0, 0, 1, 0, 0, 0, 1, 0, 0, 0, 0, 0, 0, 1, 0, 0, 0, 5, 0, 2, 1, 99, 0, 0, D-LinkSwitch
0, 0, 0, 1, 0, 0, 0, 1, 0, 0, 0, 0, 0, 0, 1, 0, 0, 0, 5, 0, 1, 2, 155, 0, 0, D-LinkSwitch
0, 0, 0, 1, 0, 0, 0, 1, 0, 0, 0, 0, 0, 0, 0, 0, 1, 0, 6, 0, 2, 1, 76, 0, 0, D-LinkSwitch
0, 0, 0, 1, 0, 0, 0, 1, 0, 0, 0, 0, 0, 0, 1, 0, 0, 0, 6, 0, 2, 1, 60, 0, 0, D-LinkSwitch
0, 0, 0, 1, 0, 0, 0, 1, 0, 0, 0, 0, 0, 0, 1, 0, 0, 0, 6, 0, 1, 2, 357, 0, 0, D-LinkSwitch
0, 0, 0, 1, 0, 0, 1, 0, 5840, 1, 0, 0, 0, 0, 0, 0, 0, 0, 7, 0, 2, 1, 60, 0, 0, D-LinkSwitch
0, 0, 0, 1, 0, 0, 0, 1, 0, 0, 0, 0, 0, 0, 0, 0, 1, 0, 7, 0, 1, 2, 76, 0, 0, D-LinkSwitch
0, 0, 0, 1, 0, 0, 1, 0, 14480, 1, 0, 0, 0, 0, 0, 0, 0, 0, 7, 0, 1, 2, 60, 0, 0, D-LinkSwitch
0, 0, 0, 1, 0, 0, 1, 0, 2920, 1, 0, 0, 0, 0, 0, 0, 0, 0, 7, 0, 2, 1, 52, 0, 0, D-LinkSwitch
0, 0, 0, 1, 0, 0, 1, 0, 2920, 1, 0, 0, 0, 0, 0, 0, 0, 0, 7, 0, 2, 1, 189, 1, 5.474362535433401, D-LinkSwitch
0, 0, 0, 1, 0, 0, 1, 0, 61, 1, 0, 0, 0, 0, 0, 0, 0, 0, 7, 0, 1, 2, 52, 0, 0, D-LinkSwitch
0, 0, 0, 1, 0, 0, 1, 0, 61, 1, 0, 0, 0, 0, 0, 0, 0, 0, 7, 0, 1, 2, 712, 1, 5.512487451283505, D-LinkSwitch
0, 0, 0, 1, 0, 0, 1, 0, 3580, 1, 0, 0, 0, 0, 0, 0, 0, 0, 7, 0, 2, 1, 52, 0, 0, D-LinkSwitch
0, 0, 0, 1, 0, 0, 1, 0, 3580, 1, 0, 0, 0, 0, 0, 0, 0, 0, 7, 0, 2, 1, 52, 0, 0, D-LinkSwitch
0, 0, 0, 1, 0, 0, 0, 0, 0, 0, 0, 0, 0, 0, 0, 0, 0, 0, 7, 0, 0, 0, 40, 1, 2.216917186688699, D-LinkSwitch
0, 0, 0, 1, 0, 0, 1, 0, 61, 1, 0, 0, 0, 0, 0, 0, 0, 0, 7, 0, 1, 2, 52, 0, 0, D-LinkSwitch
0, 0, 0, 1, 0, 0, 1, 0, 3580, 1, 0, 0, 0, 0, 0, 0, 0, 0, 7, 0, 2, 1, 52, 0, 0, D-LinkSwitch
0, 0, 0, 1, 0, 0, 0, 1, 0, 0, 0, 0, 0, 0, 0, 1, 0, 0, 7, 0, 2, 2, 318, 0, 0, D-LinkSwitch
0, 0, 0, 1, 0, 0, 0, 1, 0, 0, 0, 0, 0, 0, 0, 1, 0, 0, 7, 0, 2, 2, 318, 0, 0, D-LinkSwitch
0, 0, 0, 1, 0, 0, 0, 1, 0, 0, 0, 0, 0, 0, 0, 1, 0, 0, 7, 0, 2, 2, 318, 0, 0, D-LinkSwitch
0, 0, 0, 1, 0, 0, 0, 1, 0, 0, 0, 0, 0, 0, 0, 1, 0, 0, 7, 0, 2, 2, 294, 0, 0, D-LinkSwitch
0, 0, 0, 1, 0, 0, 0, 1, 0, 0, 0, 0, 0, 0, 0, 1, 0, 0, 7, 0, 2, 2, 275, 0, 0, D-LinkSwitch
0, 0, 0, 1, 0, 0, 0, 1, 0, 0, 0, 0, 0, 0, 0, 1, 0, 0, 7, 0, 2, 2, 91, 0, 0, D-LinkSwitch
0, 0, 0, 1, 0, 0, 0, 1, 0, 0, 0, 0, 0, 0, 0, 1, 0, 0, 7, 0, 2, 2, 275, 0, 0, D-LinkSwitch
0, 0, 0, 1, 0, 0, 0, 1, 0, 0, 0, 0, 0, 0, 0, 1, 0, 0, 7, 0, 2, 2, 275, 0, 0, D-LinkSwitch
0, 0, 0, 1, 0, 0, 0, 1, 0, 0, 0, 0, 0, 0, 0, 1, 0, 0, 7, 0, 2, 2, 364, 0, 0, D-LinkSwitch
0, 0, 0, 1, 0, 0, 0, 1, 0, 0, 0, 0, 0, 0, 0, 1, 0, 0, 7, 0, 2, 2, 234, 0, 0, D-LinkSwitch
0, 0, 0, 1, 0, 0, 0, 1, 0, 0, 0, 0, 0, 0, 0, 1, 0, 0, 7, 0, 2, 2, 69, 0, 0, D-LinkSwitch
0, 0, 0, 1, 0, 0, 0, 1, 0, 0, 0, 0, 0, 0, 0, 1, 0, 0, 7, 0, 2, 2, 364, 0, 0, D-LinkSwitch
1, 0, 0, 0, 0, 0, 0, 0, 0, 0, 0, 0, 0, 0, 0, 0, 0, 0, 7, 0, 0, 0, 0, 0, 0, D-LinkSwitch
1, 0, 0, 0, 0, 0, 0, 0, 0, 0, 0, 0, 0, 0, 0, 0, 0, 0, 7, 0, 0, 0, 0, 0, 0, D-LinkSwitch
0, 0, 0, 1, 0, 0, 0, 1, 0, 0, 0, 0, 0, 0, 0, 1, 0, 0, 7, 0, 2, 2, 278, 0, 0, D-LinkSwitch
0, 0, 0, 1, 0, 0, 0, 1, 0, 0, 0, 0, 0, 0, 0, 1, 0, 0, 7, 0, 2, 2, 69, 0, 0, D-LinkSwitch
0, 0, 0, 1, 0, 0, 0, 1, 0, 0, 0, 0, 0, 0, 0, 1, 0, 0, 7, 0, 2, 2, 364, 0, 0, D-LinkSwitch
0, 0, 0, 1, 0, 0, 0, 0, 0, 0, 0, 0, 0, 0, 0, 0, 0, 0, 7, 0, 0, 0, 40, 1, 2.216917186688699, D-LinkSwitch
0, 0, 0, 1, 0, 0, 0, 1, 0, 0, 0, 0, 0, 0, 1, 0, 0, 0, 7, 0, 2, 1, 60, 0, 0, D-LinkSwitch
0, 0, 0, 1, 0, 0, 0, 1, 0, 0, 0, 0, 0, 0, 1, 0, 0, 0, 7, 0, 1, 2, 92, 0, 0, D-LinkSwitch
0, 0, 0, 1, 0, 0, 0, 1, 0, 0, 0, 0, 0, 0, 0, 0, 1, 0, 8, 0, 2, 1, 76, 0, 0, D-LinkSwitch
0, 0, 0, 1, 0, 0, 0, 1, 0, 0, 0, 0, 0, 0, 0, 0, 1, 0, 8, 0, 1, 2, 76, 0, 0, D-LinkSwitch
1, 0, 0, 0, 0, 0, 0, 0, 0, 0, 0, 0, 0, 0, 0, 0, 0, 0, 8, 0, 0, 0, 0, 0, 0, D-LinkSwitch
1, 0, 0, 0, 0, 0, 0, 0, 0, 0, 0, 0, 0, 0, 0, 0, 0, 0, 8, 0, 0, 0, 0, 0, 0, D-LinkSwitch
0, 0, 0, 1, 0, 0, 0, 1, 0, 0, 0, 0, 0, 0, 0, 1, 0, 0, 8, 0, 2, 2, 327, 0, 0, D-LinkSwitch
0, 0, 0, 1, 0, 0, 0, 1, 0, 0, 0, 0, 0, 0, 0, 1, 0, 0, 8, 0, 2, 2, 364, 0, 0, D-LinkSwitch
0, 0, 0, 1, 0, 0, 0, 1, 0, 0, 0, 0, 0, 0, 0, 1, 0, 0, 8, 0, 2, 2, 294, 0, 0, D-LinkSwitch
0, 0, 0, 1, 0, 0, 0, 0, 0, 0, 0, 0, 0, 0, 0, 0, 0, 0, 8, 0, 0, 0, 40, 1, 2.216917186688699, D-LinkSwitch
0, 0, 0, 1, 0, 0, 0, 1, 0, 0, 0, 0, 0, 0, 1, 0, 0, 0, 8, 0, 3, 1, 63, 0, 0, D-LinkSwitch
0, 0, 0, 1, 0, 0, 0, 1, 0, 0, 0, 0, 0, 0, 1, 0, 0, 0, 8, 0, 1, 3, 359, 0, 0, D-LinkSwitch
0, 0, 0, 1, 0, 0, 1, 0, 5840, 0, 1, 0, 0, 0, 0, 0, 0, 0, 9, 0, 2, 1, 60, 0, 0, D-LinkSwitch
0, 0, 0, 1, 0, 0, 1, 0, 17898, 0, 1, 0, 0, 0, 0, 0, 0, 0, 9, 0, 1, 2, 60, 0, 0, D-LinkSwitch
0, 0, 0, 1, 0, 0, 1, 0, 2920, 0, 1, 0, 0, 0, 0, 0, 0, 0, 9, 0, 2, 1, 52, 0, 0, D-LinkSwitch
0, 0, 0, 1, 0, 0, 1, 0, 2920, 0, 1, 0, 0, 0, 0, 0, 0, 0, 9, 0, 2, 1, 259, 1, 4.68512346359195, D-LinkSwitch
0, 0, 0, 1, 0, 0, 1, 0, 75, 0, 1, 0, 0, 0, 0, 0, 0, 0, 9, 0, 1, 2, 52, 0, 0, D-LinkSwitch
0, 0, 0, 1, 0, 0, 1, 0, 75, 0, 1, 0, 0, 0, 0, 0, 0, 0, 9, 0, 1, 2, 1420, 1, 7.1532751652135245, D-LinkSwitch
0, 0, 0, 1, 0, 0, 1, 0, 75, 0, 1, 0, 0, 0, 0, 0, 0, 0, 9, 0, 1, 2, 1420, 1, 7.246205454900595, D-LinkSwitch
0, 0, 0, 1, 0, 0, 1, 0, 75, 0, 1, 0, 0, 0, 0, 0, 0, 0, 9, 0, 1, 2, 1133, 1, 7.670967673537211, D-LinkSwitch
0, 0, 0, 1, 0, 0, 1, 0, 4288, 0, 1, 0, 0, 0, 0, 0, 0, 0, 9, 0, 2, 1, 52, 0, 0, D-LinkSwitch
0, 0, 0, 1, 0, 0, 1, 0, 5656, 0, 1, 0, 0, 0, 0, 0, 0, 0, 9, 0, 2, 1, 52, 0, 0, D-LinkSwitch
0, 0, 0, 1, 0, 0, 1, 0, 7024, 0, 1, 0, 0, 0, 0, 0, 0, 0, 9, 0, 2, 1, 52, 0, 0, D-LinkSwitch
0, 0, 0, 1, 0, 0, 1, 0, 7024, 0, 1, 0, 0, 0, 0, 0, 0, 0, 9, 0, 2, 1, 186, 1, 6.416570067773766, D-LinkSwitch
0, 0, 0, 1, 0, 0, 1, 0, 79, 0, 1, 0, 0, 0, 0, 0, 0, 0, 9, 0, 1, 2, 286, 1, 6.981499988833352, D-LinkSwitch
0, 0, 0, 1, 0, 0, 1, 0, 7024, 0, 1, 0, 0, 0, 0, 0, 0, 0, 9, 0, 2, 1, 52, 0, 0, D-LinkSwitch
0, 0, 0, 1, 0, 0, 1, 0, 7024, 0, 1, 0, 0, 0, 0, 0, 0, 0, 9, 0, 2, 1, 558, 1, 7.57006073315057, D-LinkSwitch
0, 0, 0, 1, 0, 0, 1, 0, 83, 0, 1, 0, 0, 0, 0, 0, 0, 0, 9, 0, 1, 2, 52, 0, 0, D-LinkSwitch
0, 0, 0, 1, 0, 0, 0, 0, 0, 0, 0, 0, 0, 0, 0, 0, 0, 0, 9, 0, 0, 0, 40, 1, 2.216917186688699, D-LinkSwitch
0, 0, 0, 1, 0, 0, 0, 1, 0, 0, 0, 0, 0, 0, 0, 1, 0, 0, 9, 0, 2, 2, 318, 0, 0, D-LinkSwitch
0, 0, 0, 1, 0, 0, 1, 0, 83, 0, 1, 0, 0, 0, 0, 0, 0, 0, 9, 0, 1, 2, 601, 1, 7.580875399642337, D-LinkSwitch
0, 0, 0, 1, 0, 0, 1, 0, 83, 0, 1, 0, 0, 0, 0, 0, 0, 0, 9, 0, 1, 2, 89, 1, 5.155399311574899, D-LinkSwitch
0, 0, 0, 1, 0, 0, 1, 0, 7024, 0, 1, 0, 0, 0, 0, 0, 0, 0, 9, 0, 2, 1, 52, 0, 0, D-LinkSwitch
0, 0, 0, 1, 0, 0, 1, 0, 7024, 0, 1, 0, 0, 0, 0, 0, 0, 0, 9, 0, 2, 1, 52, 0, 0, D-LinkSwitch
0, 0, 0, 1, 0, 0, 1, 0, 7024, 0, 1, 0, 0, 0, 0, 0, 0, 0, 9, 0, 2, 1, 52, 0, 0, D-LinkSwitch
0, 0, 0, 1, 0, 0, 0, 1, 0, 0, 0, 0, 0, 0, 0, 1, 0, 0, 9, 0, 2, 2, 318, 0, 0, D-LinkSwitch
0, 0, 0, 1, 0, 0, 0, 1, 0, 0, 0, 0, 0, 0, 0, 1, 0, 0, 9, 0, 2, 2, 318, 0, 0, D-LinkSwitch
0, 0, 0, 1, 0, 0, 0, 1, 0, 0, 0, 0, 0, 0, 0, 1, 0, 0, 9, 0, 2, 2, 294, 0, 0, D-LinkSwitch
0, 0, 0, 1, 0, 0, 0, 1, 0, 0, 0, 0, 0, 0, 0, 1, 0, 0, 9, 0, 2, 2, 275, 0, 0, D-LinkSwitch
0, 0, 0, 1, 0, 0, 0, 1, 0, 0, 0, 0, 0, 0, 1, 0, 0, 0, 9, 0, 2, 1, 60, 0, 0, D-LinkSwitch
0, 0, 0, 1, 0, 0, 0, 1, 0, 0, 0, 0, 0, 0, 1, 0, 0, 0, 9, 0, 1, 2, 92, 0, 0, D-LinkSwitch
0, 0, 0, 1, 0, 0, 0, 1, 0, 0, 0, 0, 0, 0, 0, 0, 1, 0, 9, 0, 2, 1, 76, 0, 0, D-LinkSwitch
0, 0, 0, 1, 0, 0, 0, 1, 0, 0, 0, 0, 0, 0, 0, 0, 1, 0, 9, 0, 1, 2, 76, 0, 0, D-LinkSwitch
0, 0, 0, 1, 0, 0, 0, 1, 0, 0, 0, 0, 0, 0, 0, 1, 0, 0, 9, 0, 2, 2, 275, 0, 0, D-LinkSwitch
0, 0, 0, 1, 0, 0, 1, 0, 5840, 0, 1, 0, 0, 0, 0, 0, 0, 0, 9, 0, 2, 1, 60, 0, 0, D-LinkSwitch
0, 0, 0, 1, 0, 0, 1, 0, 17898, 0, 1, 0, 0, 0, 0, 0, 0, 0, 9, 0, 1, 2, 60, 0, 0, D-LinkSwitch
0, 0, 0, 1, 0, 0, 1, 0, 2920, 0, 1, 0, 0, 0, 0, 0, 0, 0, 9, 0, 2, 1, 52, 0, 0, D-LinkSwitch
0, 0, 0, 1, 0, 0, 1, 0, 2920, 0, 1, 0, 0, 0, 0, 0, 0, 0, 9, 0, 2, 1, 259, 1, 4.742500501966759, D-LinkSwitch
0, 0, 0, 1, 0, 0, 1, 0, 75, 0, 1, 0, 0, 0, 0, 0, 0, 0, 9, 0, 1, 2, 52, 0, 0, D-LinkSwitch
0, 0, 0, 1, 0, 0, 1, 0, 75, 0, 1, 0, 0, 0, 0, 0, 0, 0, 9, 0, 1, 2, 1420, 1, 7.149686564096929, D-LinkSwitch
0, 0, 0, 1, 0, 0, 1, 0, 75, 0, 1, 0, 0, 0, 0, 0, 0, 0, 9, 0, 1, 2, 1420, 1, 7.246205454900595, D-LinkSwitch
0, 0, 0, 1, 0, 0, 1, 0, 75, 0, 1, 0, 0, 0, 0, 0, 0, 0, 9, 0, 1, 2, 1133, 1, 7.683430918268358, D-LinkSwitch
0, 0, 0, 1, 0, 0, 1, 0, 4288, 0, 1, 0, 0, 0, 0, 0, 0, 0, 9, 0, 2, 1, 52, 0, 0, D-LinkSwitch
0, 0, 0, 1, 0, 0, 1, 0, 5656, 0, 1, 0, 0, 0, 0, 0, 0, 0, 9, 0, 2, 1, 52, 0, 0, D-LinkSwitch
0, 0, 0, 1, 0, 0, 1, 0, 7024, 0, 1, 0, 0, 0, 0, 0, 0, 0, 9, 0, 2, 1, 52, 0, 0, D-LinkSwitch
0, 0, 0, 1, 0, 0, 0, 1, 0, 0, 0, 0, 0, 0, 0, 1, 0, 0, 9, 0, 2, 2, 275, 0, 0, D-LinkSwitch
0, 0, 0, 1, 0, 0, 1, 0, 7024, 0, 1, 0, 0, 0, 0, 0, 0, 0, 9, 0, 2, 1, 186, 1, 6.4616584556839625, D-LinkSwitch
0, 0, 0, 1, 0, 0, 1, 0, 79, 0, 1, 0, 0, 0, 0, 0, 0, 0, 9, 0, 1, 2, 286, 1, 6.984576713612517, D-LinkSwitch
0, 0, 0, 1, 0, 0, 1, 0, 7024, 0, 1, 0, 0, 0, 0, 0, 0, 0, 9, 0, 2, 1, 52, 0, 0, D-LinkSwitch
0, 0, 0, 1, 0, 0, 1, 0, 7024, 0, 1, 0, 0, 0, 0, 0, 0, 0, 9, 0, 2, 1, 446, 1, 7.543827138095562, D-LinkSwitch
0, 0, 0, 1, 0, 0, 1, 0, 5840, 0, 1, 0, 0, 0, 0, 0, 0, 0, 9, 0, 2, 1, 60, 0, 0, D-LinkSwitch
0, 0, 0, 1, 0, 0, 1, 0, 17898, 0, 1, 0, 0, 0, 0, 0, 0, 0, 9, 0, 1, 2, 60, 0, 0, D-LinkSwitch
0, 0, 0, 1, 0, 0, 1, 0, 2920, 0, 1, 0, 0, 0, 0, 0, 0, 0, 9, 0, 2, 1, 52, 0, 0, D-LinkSwitch
0, 0, 0, 1, 0, 0, 1, 0, 83, 0, 1, 0, 0, 0, 0, 0, 0, 0, 9, 0, 1, 2, 52, 0, 0, D-LinkSwitch
0, 0, 0, 1, 0, 0, 1, 0, 2920, 0, 1, 0, 0, 0, 0, 0, 0, 0, 9, 0, 2, 1, 259, 1, 4.7599383786548595, D-LinkSwitch
0, 0, 0, 1, 0, 0, 1, 0, 75, 0, 1, 0, 0, 0, 0, 0, 0, 0, 9, 0, 1, 2, 52, 0, 0, D-LinkSwitch
0, 0, 0, 1, 0, 0, 1, 0, 75, 0, 1, 0, 0, 0, 0, 0, 0, 0, 9, 0, 1, 2, 1420, 1, 7.155448158468103, D-LinkSwitch
0, 0, 0, 1, 0, 0, 1, 0, 75, 0, 1, 0, 0, 0, 0, 0, 0, 0, 9, 0, 1, 2, 1420, 1, 7.246205454900595, D-LinkSwitch
0, 0, 0, 1, 0, 0, 1, 0, 75, 0, 1, 0, 0, 0, 0, 0, 0, 0, 9, 0, 1, 2, 1133, 1, 7.656374968722037, D-LinkSwitch
0, 0, 0, 1, 0, 0, 1, 0, 4288, 0, 1, 0, 0, 0, 0, 0, 0, 0, 9, 0, 2, 1, 52, 0, 0, D-LinkSwitch
0, 0, 0, 1, 0, 0, 1, 0, 5656, 0, 1, 0, 0, 0, 0, 0, 0, 0, 9, 0, 2, 1, 52, 0, 0, D-LinkSwitch
0, 0, 0, 1, 0, 0, 1, 0, 7024, 0, 1, 0, 0, 0, 0, 0, 0, 0, 9, 0, 2, 1, 52, 0, 0, D-LinkSwitch
0, 0, 0, 1, 0, 0, 0, 1, 0, 0, 0, 0, 0, 0, 0, 1, 0, 0, 9, 0, 2, 2, 364, 0, 0, D-LinkSwitch
0, 0, 0, 1, 0, 0, 1, 0, 7024, 0, 1, 0, 0, 0, 0, 0, 0, 0, 9, 0, 2, 1, 186, 1, 6.353210179746354, D-LinkSwitch
0, 0, 0, 1, 0, 0, 1, 0, 79, 0, 1, 0, 0, 0, 0, 0, 0, 0, 9, 0, 1, 2, 286, 1, 6.898402367303195, D-LinkSwitch
0, 0, 0, 1, 0, 0, 1, 0, 7024, 0, 1, 0, 0, 0, 0, 0, 0, 0, 9, 0, 2, 1, 52, 0, 0, D-LinkSwitch
0, 0, 0, 1, 0, 0, 1, 0, 7024, 0, 1, 0, 0, 0, 0, 0, 0, 0, 9, 0, 2, 1, 1420, 1, 7.866431291070607, D-LinkSwitch
0, 0, 0, 1, 0, 0, 1, 0, 7024, 0, 1, 0, 0, 0, 0, 0, 0, 0, 9, 0, 2, 1, 294, 1, 7.120525983087081, D-LinkSwitch
0, 0, 0, 1, 0, 0, 1, 0, 100, 0, 1, 0, 0, 0, 0, 0, 0, 0, 9, 0, 1, 2, 52, 0, 0, D-LinkSwitch
0, 0, 0, 1, 0, 0, 0, 1, 0, 0, 0, 0, 0, 0, 0, 1, 0, 0, 9, 0, 2, 2, 250, 0, 0, D-LinkSwitch
0, 0, 0, 1, 0, 0, 0, 1, 0, 0, 0, 0, 0, 0, 1, 0, 0, 0, 9, 0, 2, 1, 66, 0, 0, D-LinkSwitch
0, 0, 0, 1, 0, 0, 1, 0, 83, 0, 1, 0, 0, 0, 0, 0, 0, 0, 9, 0, 1, 2, 457, 1, 7.455681147283311, D-LinkSwitch
0, 0, 0, 1, 0, 0, 1, 0, 83, 0, 1, 0, 0, 0, 0, 0, 0, 0, 9, 0, 1, 2, 89, 1, 5.155399311574899, D-LinkSwitch
0, 0, 0, 1, 0, 0, 1, 0, 7024, 0, 1, 0, 0, 0, 0, 0, 0, 0, 9, 0, 2, 1, 52, 0, 0, D-LinkSwitch
0, 0, 0, 1, 0, 0, 1, 0, 7024, 0, 1, 0, 0, 0, 0, 0, 0, 0, 9, 0, 2, 1, 52, 0, 0, D-LinkSwitch
0, 0, 0, 1, 0, 0, 0, 1, 0, 0, 0, 0, 0, 0, 1, 0, 0, 0, 9, 0, 1, 2, 354, 0, 0, D-LinkSwitch
0, 0, 0, 1, 0, 0, 1, 0, 100, 0, 1, 0, 0, 0, 0, 0, 0, 0, 9, 0, 1, 2, 649, 1, 7.662324488697677, D-LinkSwitch
0, 0, 0, 1, 0, 0, 1, 0, 7024, 0, 1, 0, 0, 0, 0, 0, 0, 0, 9, 0, 2, 1, 52, 0, 0, D-LinkSwitch
0, 0, 0, 1, 0, 0, 1, 0, 5840, 1, 0, 0, 0, 0, 0, 0, 0, 0, 10, 0, 3, 1, 60, 0, 0, D-LinkSwitch
0, 0, 0, 1, 0, 0, 1, 0, 7024, 0, 1, 0, 0, 0, 0, 0, 0, 0, 10, 0, 2, 1, 52, 0, 0, D-LinkSwitch
0, 0, 0, 1, 0, 0, 0, 1, 0, 0, 0, 0, 0, 0, 1, 0, 0, 0, 10, 0, 2, 1, 65, 0, 0, D-LinkSwitch
0, 0, 0, 1, 0, 0, 1, 0, 100, 0, 1, 0, 0, 0, 0, 0, 0, 0, 10, 0, 1, 2, 89, 1, 5.047291203466791, D-LinkSwitch
0, 0, 0, 1, 0, 0, 1, 0, 100, 0, 1, 0, 0, 0, 0, 0, 0, 0, 10, 0, 1, 2, 52, 0, 0, D-LinkSwitch
0, 0, 0, 1, 0, 0, 1, 0, 0, 0, 1, 0, 0, 0, 0, 0, 0, 0, 10, 0, 2, 1, 40, 0, 0, D-LinkSwitch
0, 0, 0, 1, 0, 0, 1, 0, 0, 0, 1, 0, 0, 0, 0, 0, 0, 0, 10, 0, 2, 1, 40, 0, 0, D-LinkSwitch
0, 0, 0, 1, 0, 0, 0, 1, 0, 0, 0, 0, 0, 0, 1, 0, 0, 0, 10, 0, 1, 2, 282, 0, 0, D-LinkSwitch
0, 0, 0, 1, 0, 0, 1, 0, 5840, 0, 1, 0, 0, 0, 0, 0, 0, 0, 11, 0, 2, 1, 60, 0, 0, D-LinkSwitch
0, 0, 0, 1, 0, 0, 1, 0, 2048, 0, 1, 0, 0, 0, 0, 0, 0, 0, 11, 0, 1, 2, 52, 0, 0, D-LinkSwitch
0, 0, 0, 1, 0, 0, 1, 0, 2920, 0, 1, 0, 0, 0, 0, 0, 0, 0, 11, 0, 2, 1, 40, 0, 0, D-LinkSwitch
0, 0, 0, 1, 0, 0, 1, 0, 2920, 0, 1, 0, 0, 0, 0, 0, 0, 0, 11, 0, 2, 1, 247, 1, 4.761216941488148, D-LinkSwitch
0, 0, 0, 1, 0, 0, 1, 0, 390, 0, 1, 0, 0, 0, 0, 0, 0, 0, 11, 0, 1, 2, 40, 0, 0, D-LinkSwitch
0, 0, 0, 1, 0, 0, 1, 0, 390, 0, 1, 0, 0, 0, 0, 0, 0, 0, 11, 0, 1, 2, 98, 1, 4.960502584696361, D-LinkSwitch
0, 0, 0, 1, 0, 0, 1, 0, 390, 0, 1, 0, 0, 0, 0, 0, 0, 0, 11, 0, 1, 2, 1420, 1, 7.214506932345419, D-LinkSwitch
0, 0, 0, 1, 0, 0, 1, 0, 390, 0, 1, 0, 0, 0, 0, 0, 0, 0, 11, 0, 1, 2, 1420, 1, 7.1070261665549275, D-LinkSwitch
0, 0, 0, 1, 0, 0, 1, 0, 390, 0, 1, 0, 0, 0, 0, 0, 0, 0, 11, 0, 1, 2, 686, 1, 7.530092497800246, D-LinkSwitch
0, 0, 0, 1, 0, 0, 1, 0, 2920, 0, 1, 0, 0, 0, 0, 0, 0, 0, 11, 0, 2, 1, 40, 0, 0, D-LinkSwitch
0, 0, 0, 1, 0, 0, 1, 0, 4300, 0, 1, 0, 0, 0, 0, 0, 0, 0, 11, 0, 2, 1, 40, 0, 0, D-LinkSwitch
0, 0, 0, 1, 0, 0, 1, 0, 5680, 0, 1, 0, 0, 0, 0, 0, 0, 0, 11, 0, 2, 1, 40, 0, 0, D-LinkSwitch
0, 0, 0, 1, 0, 0, 1, 0, 5680, 0, 1, 0, 0, 0, 0, 0, 0, 0, 11, 0, 2, 1, 40, 0, 0, D-LinkSwitch
0, 0, 0, 1, 0, 0, 1, 0, 390, 0, 1, 0, 0, 0, 0, 0, 0, 0, 11, 0, 1, 2, 376, 1, 7.315882340919978, D-LinkSwitch
0, 0, 0, 1, 0, 0, 1, 0, 390, 0, 1, 0, 0, 0, 0, 0, 0, 0, 11, 0, 1, 2, 49, 1, 2.2810361125534233, D-LinkSwitch
0, 0, 0, 1, 0, 0, 1, 0, 5680, 0, 1, 0, 0, 0, 0, 0, 0, 0, 11, 0, 2, 1, 40, 0, 0, D-LinkSwitch
0, 0, 0, 1, 0, 0, 1, 0, 5680, 0, 1, 0, 0, 0, 0, 0, 0, 0, 11, 0, 2, 1, 40, 0, 0, D-LinkSwitch
0, 0, 0, 1, 0, 0, 1, 0, 17898, 1, 0, 0, 0, 0, 0, 0, 0, 0, 11, 0, 1, 3, 60, 0, 0, D-LinkSwitch
0, 0, 0, 1, 0, 0, 1, 0, 2920, 1, 0, 0, 0, 0, 0, 0, 0, 0, 11, 0, 3, 1, 52, 0, 0, D-LinkSwitch
0, 0, 0, 1, 0, 0, 1, 0, 2920, 1, 0, 0, 0, 0, 0, 0, 0, 0, 11, 0, 3, 1, 251, 1, 5.485140416213523, D-LinkSwitch
0, 0, 0, 1, 0, 0, 1, 0, 5680, 0, 1, 0, 0, 0, 0, 0, 0, 0, 11, 0, 2, 1, 174, 1, 6.405615358636746, D-LinkSwitch
0, 0, 0, 1, 0, 0, 1, 0, 390, 0, 1, 0, 0, 0, 0, 0, 0, 0, 11, 0, 1, 2, 159, 1, 6.333852322113292, D-LinkSwitch
0, 0, 0, 1, 0, 0, 1, 0, 390, 0, 1, 0, 0, 0, 0, 0, 0, 0, 11, 0, 1, 2, 46, 1, 1.7924812503605778, D-LinkSwitch
0, 0, 0, 1, 0, 0, 1, 0, 390, 0, 1, 0, 0, 0, 0, 0, 0, 0, 11, 0, 1, 2, 93, 1, 5.374054652635583, D-LinkSwitch
0, 0, 0, 1, 0, 0, 1, 0, 390, 0, 1, 0, 0, 0, 0, 0, 0, 0, 11, 0, 1, 2, 93, 1, 5.374054652635583, D-LinkSwitch
0, 0, 0, 1, 0, 0, 1, 0, 5680, 0, 1, 0, 0, 0, 0, 0, 0, 0, 11, 0, 2, 1, 52, 0, 0, D-LinkSwitch
0, 0, 0, 1, 0, 0, 0, 1, 0, 0, 0, 0, 0, 0, 0, 1, 0, 0, 11, 0, 2, 2, 364, 0, 0, D-LinkSwitch
0, 0, 0, 1, 0, 0, 1, 0, 7024, 0, 1, 0, 0, 0, 0, 0, 0, 0, 11, 0, 2, 1, 52, 0, 0, D-LinkSwitch
0, 0, 0, 1, 0, 0, 1, 0, 5680, 0, 1, 0, 0, 0, 0, 0, 0, 0, 11, 0, 2, 1, 242, 1, 7.025471197959075, D-LinkSwitch
0, 0, 0, 1, 0, 0, 1, 0, 75, 1, 0, 0, 0, 0, 0, 0, 0, 0, 11, 0, 1, 3, 52, 0, 0, D-LinkSwitch
0, 0, 0, 1, 0, 0, 1, 0, 75, 1, 0, 0, 0, 0, 0, 0, 0, 0, 11, 0, 1, 3, 258, 1, 5.196501977161168, D-LinkSwitch
0, 0, 0, 1, 0, 0, 1, 0, 390, 0, 1, 0, 0, 0, 0, 0, 0, 0, 11, 0, 1, 2, 40, 0, 0, D-LinkSwitch
0, 0, 0, 1, 0, 0, 1, 0, 2920, 1, 0, 0, 0, 0, 0, 0, 0, 0, 11, 0, 3, 1, 52, 0, 0, D-LinkSwitch
0, 0, 0, 1, 0, 0, 1, 0, 2920, 1, 0, 0, 0, 0, 0, 0, 0, 0, 11, 0, 3, 1, 52, 0, 0, D-LinkSwitch
0, 0, 0, 1, 0, 0, 1, 0, 75, 1, 0, 0, 0, 0, 0, 0, 0, 0, 11, 0, 1, 3, 52, 0, 0, D-LinkSwitch
0, 0, 0, 1, 0, 0, 1, 0, 2920, 1, 0, 0, 0, 0, 0, 0, 0, 0, 11, 0, 3, 1, 52, 0, 0, D-LinkSwitch
0, 0, 0, 1, 0, 0, 0, 1, 0, 0, 0, 0, 0, 0, 0, 1, 0, 0, 11, 0, 2, 2, 364, 0, 0, D-LinkSwitch
0, 0, 0, 1, 0, 0, 0, 1, 0, 0, 0, 0, 0, 0, 0, 1, 0, 0, 11, 0, 2, 2, 294, 0, 0, D-LinkSwitch
0, 0, 0, 1, 0, 0, 0, 0, 0, 0, 0, 0, 0, 0, 0, 0, 0, 0, 11, 0, 0, 0, 40, 1, 2.216917186688699, D-LinkSwitch
0, 0, 0, 1, 0, 0, 0, 1, 0, 0, 0, 0, 0, 0, 1, 0, 0, 0, 11, 0, 2, 1, 63, 0, 0, D-LinkSwitch
0, 0, 0, 1, 0, 0, 0, 1, 0, 0, 0, 0, 0, 0, 1, 0, 0, 0, 11, 0, 1, 2, 161, 0, 0, D-LinkSwitch
0, 0, 0, 1, 0, 0, 1, 0, 5840, 1, 0, 0, 0, 0, 0, 0, 0, 0, 11, 0, 2, 1, 60, 0, 0, D-LinkSwitch
0, 0, 0, 1, 0, 0, 1, 0, 17898, 1, 0, 0, 0, 0, 0, 0, 0, 0, 11, 0, 1, 2, 60, 0, 0, D-LinkSwitch
0, 0, 0, 1, 0, 0, 1, 0, 2920, 1, 0, 0, 0, 0, 0, 0, 0, 0, 11, 0, 2, 1, 52, 0, 0, D-LinkSwitch
0, 0, 0, 1, 0, 0, 1, 0, 2920, 1, 0, 0, 0, 0, 0, 0, 0, 0, 11, 0, 2, 1, 360, 1, 5.909187949092695, D-LinkSwitch
0, 0, 0, 1, 0, 0, 1, 0, 75, 1, 0, 0, 0, 0, 0, 0, 0, 0, 11, 0, 1, 2, 52, 0, 0, D-LinkSwitch
0, 0, 0, 1, 0, 0, 1, 0, 75, 1, 0, 0, 0, 0, 0, 0, 0, 0, 11, 0, 1, 2, 545, 1, 5.939813130059891, D-LinkSwitch
0, 0, 0, 1, 0, 0, 1, 0, 3456, 1, 0, 0, 0, 0, 0, 0, 0, 0, 11, 0, 2, 1, 52, 0, 0, D-LinkSwitch
0, 0, 0, 1, 0, 0, 1, 0, 3456, 1, 0, 0, 0, 0, 0, 0, 0, 0, 11, 0, 2, 1, 52, 0, 0, D-LinkSwitch
0, 0, 0, 1, 0, 0, 1, 0, 75, 1, 0, 0, 0, 0, 0, 0, 0, 0, 11, 0, 1, 2, 52, 0, 0, D-LinkSwitch
0, 0, 0, 1, 0, 0, 1, 0, 3456, 1, 0, 0, 0, 0, 0, 0, 0, 0, 11, 0, 2, 1, 52, 0, 0, D-LinkSwitch
0, 0, 0, 1, 0, 0, 0, 0, 0, 0, 0, 0, 0, 0, 0, 0, 0, 0, 11, 0, 0, 0, 40, 1, 2.216917186688699, D-LinkSwitch
0, 0, 0, 1, 0, 0, 0, 1, 0, 0, 0, 0, 0, 0, 0, 1, 0, 0, 11, 0, 2, 2, 318, 0, 0, D-LinkSwitch
0, 0, 0, 1, 0, 0, 0, 1, 0, 0, 0, 0, 0, 0, 0, 1, 0, 0, 11, 0, 2, 2, 318, 0, 0, D-LinkSwitch
0, 0, 0, 1, 0, 0, 0, 1, 0, 0, 0, 0, 0, 0, 1, 0, 0, 0, 11, 0, 3, 1, 72, 0, 0, D-LinkSwitch
0, 0, 0, 1, 0, 0, 0, 1, 0, 0, 0, 0, 0, 0, 0, 1, 0, 0, 11, 0, 2, 2, 318, 0, 0, D-LinkSwitch
0, 0, 0, 1, 0, 0, 0, 1, 0, 0, 0, 0, 0, 0, 1, 0, 0, 0, 11, 0, 1, 3, 289, 0, 0, D-LinkSwitch
0, 0, 0, 1, 0, 0, 1, 0, 5840, 1, 0, 0, 0, 0, 0, 0, 0, 0, 12, 0, 2, 1, 60, 0, 0, D-LinkSwitch
0, 0, 0, 1, 0, 0, 1, 0, 5840, 1, 0, 0, 0, 0, 0, 0, 0, 0, 12, 0, 1, 2, 52, 0, 0, D-LinkSwitch
0, 0, 0, 1, 0, 0, 1, 0, 2920, 1, 0, 0, 0, 0, 0, 0, 0, 0, 12, 0, 2, 1, 40, 0, 0, D-LinkSwitch
0, 0, 0, 1, 0, 0, 1, 0, 2920, 1, 0, 0, 0, 0, 0, 0, 0, 0, 12, 0, 2, 1, 244, 1, 5.271468693129131, D-LinkSwitch
0, 0, 0, 1, 0, 0, 0, 1, 0, 0, 0, 0, 0, 0, 0, 1, 0, 0, 12, 0, 2, 2, 264, 0, 0, D-LinkSwitch
0, 0, 0, 1, 0, 0, 0, 1, 0, 0, 0, 0, 0, 0, 0, 1, 0, 0, 12, 0, 2, 2, 108, 0, 0, D-LinkSwitch
0, 0, 0, 1, 0, 0, 1, 0, 62, 1, 0, 0, 0, 0, 0, 0, 0, 0, 12, 0, 1, 2, 40, 0, 0, D-LinkSwitch
0, 0, 0, 1, 0, 0, 1, 0, 62, 1, 0, 0, 0, 0, 0, 0, 0, 0, 12, 0, 1, 2, 409, 1, 5.638916445917264, D-LinkSwitch
0, 0, 0, 1, 0, 0, 1, 0, 62, 1, 0, 0, 0, 0, 0, 0, 0, 0, 12, 0, 1, 2, 1420, 1, 2.6772305124009037, D-LinkSwitch
0, 0, 0, 1, 0, 0, 1, 0, 62, 1, 0, 0, 0, 0, 0, 0, 0, 0, 12, 0, 1, 2, 1420, 1, 1.9790154305653236, D-LinkSwitch
0, 0, 0, 1, 0, 0, 1, 0, 62, 1, 0, 0, 0, 0, 0, 0, 0, 0, 12, 0, 1, 2, 1420, 1, 1.8044792693736391, D-LinkSwitch
0, 0, 0, 1, 0, 0, 1, 0, 2920, 1, 0, 0, 0, 0, 0, 0, 0, 0, 12, 0, 2, 1, 40, 0, 0, D-LinkSwitch
0, 0, 0, 1, 0, 0, 1, 0, 4300, 1, 0, 0, 0, 0, 0, 0, 0, 0, 12, 0, 2, 1, 40, 0, 0, D-LinkSwitch
0, 0, 0, 1, 0, 0, 1, 0, 5680, 1, 0, 0, 0, 0, 0, 0, 0, 0, 12, 0, 2, 1, 40, 0, 0, D-LinkSwitch
0, 0, 0, 1, 0, 0, 1, 0, 7060, 1, 0, 0, 0, 0, 0, 0, 0, 0, 12, 0, 2, 1, 40, 0, 0, D-LinkSwitch
0, 0, 0, 1, 0, 0, 1, 0, 62, 1, 0, 0, 0, 0, 0, 0, 0, 0, 12, 0, 1, 2, 1420, 1, 2.50410580459814, D-LinkSwitch
0, 0, 0, 1, 0, 0, 1, 0, 62, 1, 0, 0, 0, 0, 0, 0, 0, 0, 12, 0, 1, 2, 1420, 1, 3.6797876229106943, D-LinkSwitch
0, 0, 0, 1, 0, 0, 1, 0, 62, 1, 0, 0, 0, 0, 0, 0, 0, 0, 12, 0, 1, 2, 1420, 1, 3.5315888625396203, D-LinkSwitch
0, 0, 0, 1, 0, 0, 1, 0, 62, 1, 0, 0, 0, 0, 0, 0, 0, 0, 12, 0, 1, 2, 1420, 1, 3.667177924357524, D-LinkSwitch
0, 0, 0, 1, 0, 0, 1, 0, 62, 1, 0, 0, 0, 0, 0, 0, 0, 0, 12, 0, 1, 2, 1420, 1, 3.6668692896792794, D-LinkSwitch
0, 0, 0, 1, 0, 0, 1, 0, 62, 1, 0, 0, 0, 0, 0, 0, 0, 0, 12, 0, 1, 2, 1420, 1, 3.54815825343769, D-LinkSwitch
0, 0, 0, 1, 0, 0, 1, 0, 62, 1, 0, 0, 0, 0, 0, 0, 0, 0, 12, 0, 1, 2, 1420, 1, 4.765717080545475, D-LinkSwitch
0, 0, 0, 1, 0, 0, 1, 0, 62, 1, 0, 0, 0, 0, 0, 0, 0, 0, 12, 0, 1, 2, 1420, 1, 4.802638418199363, D-LinkSwitch
0, 0, 0, 1, 0, 0, 1, 0, 62, 1, 0, 0, 0, 0, 0, 0, 0, 0, 12, 0, 1, 2, 1420, 1, 4.948178673594774, D-LinkSwitch
0, 0, 0, 1, 0, 0, 1, 0, 62, 1, 0, 0, 0, 0, 0, 0, 0, 0, 12, 0, 1, 2, 1420, 1, 4.858205658784978, D-LinkSwitch
0, 0, 0, 1, 0, 0, 1, 0, 8440, 1, 0, 0, 0, 0, 0, 0, 0, 0, 12, 0, 2, 1, 40, 0, 0, D-LinkSwitch
0, 0, 0, 1, 0, 0, 1, 0, 8440, 1, 0, 0, 0, 0, 0, 0, 0, 0, 12, 0, 2, 1, 40, 0, 0, D-LinkSwitch
0, 0, 0, 1, 0, 0, 1, 0, 8440, 1, 0, 0, 0, 0, 0, 0, 0, 0, 12, 0, 2, 1, 40, 0, 0, D-LinkSwitch
0, 0, 0, 1, 0, 0, 1, 0, 8440, 1, 0, 0, 0, 0, 0, 0, 0, 0, 12, 0, 2, 1, 40, 0, 0, D-LinkSwitch
0, 0, 0, 1, 0, 0, 1, 0, 8440, 1, 0, 0, 0, 0, 0, 0, 0, 0, 12, 0, 2, 1, 40, 0, 0, D-LinkSwitch
0, 0, 0, 1, 0, 0, 1, 0, 8440, 1, 0, 0, 0, 0, 0, 0, 0, 0, 12, 0, 2, 1, 40, 0, 0, D-LinkSwitch
0, 0, 0, 1, 0, 0, 1, 0, 8440, 1, 0, 0, 0, 0, 0, 0, 0, 0, 12, 0, 2, 1, 40, 0, 0, D-LinkSwitch
0, 0, 0, 1, 0, 0, 1, 0, 8440, 1, 0, 0, 0, 0, 0, 0, 0, 0, 12, 0, 2, 1, 40, 0, 0, D-LinkSwitch
0, 0, 0, 1, 0, 0, 1, 0, 62, 1, 0, 0, 0, 0, 0, 0, 0, 0, 12, 0, 1, 2, 1420, 1, 4.895885009773968, D-LinkSwitch
0, 0, 0, 1, 0, 0, 1, 0, 62, 1, 0, 0, 0, 0, 0, 0, 0, 0, 12, 0, 1, 2, 1420, 1, 4.987879808656736, D-LinkSwitch
0, 0, 0, 1, 0, 0, 1, 0, 62, 1, 0, 0, 0, 0, 0, 0, 0, 0, 12, 0, 1, 2, 1420, 1, 2.2804521522940884, D-LinkSwitch
0, 0, 0, 1, 0, 0, 1, 0, 62, 1, 0, 0, 0, 0, 0, 0, 0, 0, 12, 0, 1, 2, 1420, 1, 4.959433610616253, D-LinkSwitch
0, 0, 0, 1, 0, 0, 1, 0, 62, 1, 0, 0, 0, 0, 0, 0, 0, 0, 12, 0, 1, 2, 1420, 1, 5.030567920549125, D-LinkSwitch
0, 0, 0, 1, 0, 0, 1, 0, 62, 1, 0, 0, 0, 0, 0, 0, 0, 0, 12, 0, 1, 2, 1420, 1, 5.486962106766959, D-LinkSwitch
0, 0, 0, 1, 0, 0, 1, 0, 62, 1, 0, 0, 0, 0, 0, 0, 0, 0, 12, 0, 1, 2, 1420, 1, 5.275499960575386, D-LinkSwitch
0, 0, 0, 1, 0, 0, 1, 0, 62, 1, 0, 0, 0, 0, 0, 0, 0, 0, 12, 0, 1, 2, 1420, 1, 5.368642128994286, D-LinkSwitch
0, 0, 0, 1, 0, 0, 1, 0, 62, 1, 0, 0, 0, 0, 0, 0, 0, 0, 12, 0, 1, 2, 1420, 1, 5.096465867957699, D-LinkSwitch
0, 0, 0, 1, 0, 0, 1, 0, 62, 1, 0, 0, 0, 0, 0, 0, 0, 0, 12, 0, 1, 2, 1420, 1, 5.360235701706566, D-LinkSwitch
0, 0, 0, 1, 0, 0, 1, 0, 62, 1, 0, 0, 0, 0, 0, 0, 0, 0, 12, 0, 1, 2, 1420, 1, 5.624554228198227, D-LinkSwitch
0, 0, 0, 1, 0, 0, 1, 0, 2840, 1, 0, 0, 0, 0, 0, 0, 0, 0, 12, 0, 2, 1, 40, 0, 0, D-LinkSwitch
0, 0, 0, 1, 0, 0, 1, 0, 4220, 1, 0, 0, 0, 0, 0, 0, 0, 0, 12, 0, 2, 1, 40, 0, 0, D-LinkSwitch
0, 0, 0, 1, 0, 0, 1, 0, 5600, 1, 0, 0, 0, 0, 0, 0, 0, 0, 12, 0, 2, 1, 40, 0, 0, D-LinkSwitch
0, 0, 0, 1, 0, 0, 1, 0, 62, 1, 0, 0, 0, 0, 0, 0, 0, 0, 12, 0, 1, 2, 1420, 1, 5.367202016209617, D-LinkSwitch
0, 0, 0, 1, 0, 0, 1, 0, 6980, 1, 0, 0, 0, 0, 0, 0, 0, 0, 12, 0, 2, 1, 40, 0, 0, D-LinkSwitch
0, 0, 0, 1, 0, 0, 1, 0, 62, 1, 0, 0, 0, 0, 0, 0, 0, 0, 12, 0, 1, 2, 1420, 1, 4.895779459485625, D-LinkSwitch
0, 0, 0, 1, 0, 0, 1, 0, 62, 1, 0, 0, 0, 0, 0, 0, 0, 0, 12, 0, 1, 2, 1420, 1, 5.329849773468612, D-LinkSwitch
0, 0, 0, 1, 0, 0, 1, 0, 62, 1, 0, 0, 0, 0, 0, 0, 0, 0, 12, 0, 1, 2, 1420, 1, 5.310945217185746, D-LinkSwitch
0, 0, 0, 1, 0, 0, 1, 0, 62, 1, 0, 0, 0, 0, 0, 0, 0, 0, 12, 0, 1, 2, 1420, 1, 5.508045040083824, D-LinkSwitch
0, 0, 0, 1, 0, 0, 1, 0, 62, 1, 0, 0, 0, 0, 0, 0, 0, 0, 12, 0, 1, 2, 1420, 1, 5.275771348377532, D-LinkSwitch
0, 0, 0, 1, 0, 0, 1, 0, 62, 1, 0, 0, 0, 0, 0, 0, 0, 0, 12, 0, 1, 2, 1420, 1, 5.399569470428713, D-LinkSwitch
0, 0, 0, 1, 0, 0, 1, 0, 62, 1, 0, 0, 0, 0, 0, 0, 0, 0, 12, 0, 1, 2, 1420, 1, 5.373607622047951, D-LinkSwitch
0, 0, 0, 1, 0, 0, 1, 0, 8360, 1, 0, 0, 0, 0, 0, 0, 0, 0, 12, 0, 2, 1, 40, 0, 0, D-LinkSwitch
0, 0, 0, 1, 0, 0, 1, 0, 8360, 1, 0, 0, 0, 0, 0, 0, 0, 0, 12, 0, 2, 1, 40, 0, 0, D-LinkSwitch
0, 0, 0, 1, 0, 0, 1, 0, 8360, 1, 0, 0, 0, 0, 0, 0, 0, 0, 12, 0, 2, 1, 40, 0, 0, D-LinkSwitch
0, 0, 0, 1, 0, 0, 1, 0, 8360, 1, 0, 0, 0, 0, 0, 0, 0, 0, 12, 0, 2, 1, 40, 0, 0, D-LinkSwitch
0, 0, 0, 1, 0, 0, 0, 1, 0, 0, 0, 0, 0, 0, 0, 1, 0, 0, 12, 0, 2, 2, 277, 0, 0, D-LinkSwitch
0, 0, 0, 1, 0, 0, 1, 0, 62, 1, 0, 0, 0, 0, 0, 0, 0, 0, 12, 0, 1, 2, 1420, 1, 5.481304236573408, D-LinkSwitch
0, 0, 0, 1, 0, 0, 1, 0, 62, 1, 0, 0, 0, 0, 0, 0, 0, 0, 12, 0, 1, 2, 1420, 1, 5.271981550463617, D-LinkSwitch
0, 0, 0, 1, 0, 0, 1, 0, 62, 1, 0, 0, 0, 0, 0, 0, 0, 0, 12, 0, 1, 2, 1420, 1, 5.696613991268025, D-LinkSwitch
0, 0, 0, 1, 0, 0, 1, 0, 8360, 1, 0, 0, 0, 0, 0, 0, 0, 0, 12, 0, 2, 1, 40, 0, 0, D-LinkSwitch
0, 0, 0, 1, 0, 0, 1, 0, 8360, 1, 0, 0, 0, 0, 0, 0, 0, 0, 12, 0, 2, 1, 40, 0, 0, D-LinkSwitch
0, 0, 0, 1, 0, 0, 1, 0, 62, 1, 0, 0, 0, 0, 0, 0, 0, 0, 12, 0, 1, 2, 1420, 1, 5.446413711055755, D-LinkSwitch
0, 0, 0, 1, 0, 0, 1, 0, 62, 1, 0, 0, 0, 0, 0, 0, 0, 0, 12, 0, 1, 2, 1420, 1, 5.449339248791913, D-LinkSwitch
0, 0, 0, 1, 0, 0, 1, 0, 62, 1, 0, 0, 0, 0, 0, 0, 0, 0, 12, 0, 1, 2, 1420, 1, 5.350927725343782, D-LinkSwitch
0, 0, 0, 1, 0, 0, 1, 0, 62, 1, 0, 0, 0, 0, 0, 0, 0, 0, 12, 0, 1, 2, 1420, 1, 5.6235107725097055, D-LinkSwitch
0, 0, 0, 1, 0, 0, 1, 0, 62, 1, 0, 0, 0, 0, 0, 0, 0, 0, 12, 0, 1, 2, 1420, 1, 5.139261775098225, D-LinkSwitch
0, 0, 0, 1, 0, 0, 1, 0, 62, 1, 0, 0, 0, 0, 0, 0, 0, 0, 12, 0, 1, 2, 1420, 1, 5.387367760795596, D-LinkSwitch
0, 0, 0, 1, 0, 0, 1, 0, 62, 1, 0, 0, 0, 0, 0, 0, 0, 0, 12, 0, 1, 2, 1420, 1, 5.186427686076622, D-LinkSwitch
0, 0, 0, 1, 0, 0, 1, 0, 62, 1, 0, 0, 0, 0, 0, 0, 0, 0, 12, 0, 1, 2, 1420, 1, 5.484921043449279, D-LinkSwitch
0, 0, 0, 1, 0, 0, 1, 0, 62, 1, 0, 0, 0, 0, 0, 0, 0, 0, 12, 0, 1, 2, 1420, 1, 5.270732043297935, D-LinkSwitch
0, 0, 0, 1, 0, 0, 1, 0, 8360, 1, 0, 0, 0, 0, 0, 0, 0, 0, 12, 0, 2, 1, 40, 0, 0, D-LinkSwitch
0, 0, 0, 1, 0, 0, 1, 0, 8360, 1, 0, 0, 0, 0, 0, 0, 0, 0, 12, 0, 2, 1, 40, 0, 0, D-LinkSwitch
0, 0, 0, 1, 0, 0, 1, 0, 8360, 1, 0, 0, 0, 0, 0, 0, 0, 0, 12, 0, 2, 1, 40, 0, 0, D-LinkSwitch
0, 0, 0, 1, 0, 0, 1, 0, 8360, 1, 0, 0, 0, 0, 0, 0, 0, 0, 12, 0, 2, 1, 40, 0, 0, D-LinkSwitch
0, 0, 0, 1, 0, 0, 1, 0, 62, 1, 0, 0, 0, 0, 0, 0, 0, 0, 12, 0, 1, 2, 1420, 1, 5.224875988603999, D-LinkSwitch
0, 0, 0, 1, 0, 0, 1, 0, 62, 1, 0, 0, 0, 0, 0, 0, 0, 0, 12, 0, 1, 2, 1420, 1, 5.279065556547534, D-LinkSwitch
0, 0, 0, 1, 0, 0, 1, 0, 8360, 1, 0, 0, 0, 0, 0, 0, 0, 0, 12, 0, 2, 1, 40, 0, 0, D-LinkSwitch
0, 0, 0, 1, 0, 0, 1, 0, 62, 1, 0, 0, 0, 0, 0, 0, 0, 0, 12, 0, 1, 2, 1420, 1, 5.214675382822577, D-LinkSwitch
0, 0, 0, 1, 0, 0, 1, 0, 8360, 1, 0, 0, 0, 0, 0, 0, 0, 0, 12, 0, 2, 1, 40, 0, 0, D-LinkSwitch
0, 0, 0, 1, 0, 0, 1, 0, 390, 0, 1, 0, 0, 0, 0, 0, 0, 0, 12, 0, 1, 2, 40, 0, 0, D-LinkSwitch
0, 0, 0, 1, 0, 0, 1, 0, 5680, 0, 1, 0, 0, 0, 0, 0, 0, 0, 12, 0, 2, 1, 40, 0, 0, D-LinkSwitch
0, 0, 0, 1, 0, 0, 1, 0, 62, 1, 0, 0, 0, 0, 0, 0, 0, 0, 12, 0, 1, 2, 1420, 1, 5.221806260525911, D-LinkSwitch
0, 0, 0, 1, 0, 0, 1, 0, 62, 1, 0, 0, 0, 0, 0, 0, 0, 0, 12, 0, 1, 2, 1420, 1, 5.0591859926201375, D-LinkSwitch
0, 0, 0, 1, 0, 0, 1, 0, 8360, 1, 0, 0, 0, 0, 0, 0, 0, 0, 12, 0, 2, 1, 40, 0, 0, D-LinkSwitch
0, 0, 0, 1, 0, 0, 1, 0, 62, 1, 0, 0, 0, 0, 0, 0, 0, 0, 12, 0, 1, 2, 1420, 1, 5.378093373179843, D-LinkSwitch
0, 0, 0, 1, 0, 0, 1, 0, 62, 1, 0, 0, 0, 0, 0, 0, 0, 0, 12, 0, 1, 2, 1420, 1, 5.125458483899728, D-LinkSwitch
0, 0, 0, 1, 0, 0, 1, 0, 62, 1, 0, 0, 0, 0, 0, 0, 0, 0, 12, 0, 1, 2, 1420, 1, 5.290686747776377, D-LinkSwitch
0, 0, 0, 1, 0, 0, 1, 0, 62, 1, 0, 0, 0, 0, 0, 0, 0, 0, 12, 0, 1, 2, 1420, 1, 5.241273243268617, D-LinkSwitch
0, 0, 0, 1, 0, 0, 1, 0, 62, 1, 0, 0, 0, 0, 0, 0, 0, 0, 12, 0, 1, 2, 1420, 1, 5.425545829867716, D-LinkSwitch
0, 0, 0, 1, 0, 0, 1, 0, 62, 1, 0, 0, 0, 0, 0, 0, 0, 0, 12, 0, 1, 2, 1420, 1, 5.32839492338226, D-LinkSwitch
0, 0, 0, 1, 0, 0, 1, 0, 8360, 1, 0, 0, 0, 0, 0, 0, 0, 0, 12, 0, 2, 1, 40, 0, 0, D-LinkSwitch
0, 0, 0, 1, 0, 0, 1, 0, 8360, 1, 0, 0, 0, 0, 0, 0, 0, 0, 12, 0, 2, 1, 40, 0, 0, D-LinkSwitch
0, 0, 0, 1, 0, 0, 1, 0, 8360, 1, 0, 0, 0, 0, 0, 0, 0, 0, 12, 0, 2, 1, 40, 0, 0, D-LinkSwitch
0, 0, 0, 1, 0, 0, 1, 0, 62, 1, 0, 0, 0, 0, 0, 0, 0, 0, 12, 0, 1, 2, 1420, 1, 5.400909891206579, D-LinkSwitch
0, 0, 0, 1, 0, 0, 1, 0, 62, 1, 0, 0, 0, 0, 0, 0, 0, 0, 12, 0, 1, 2, 1420, 1, 4.7401294930169255, D-LinkSwitch
0, 0, 0, 1, 0, 0, 1, 0, 8360, 1, 0, 0, 0, 0, 0, 0, 0, 0, 12, 0, 2, 1, 40, 0, 0, D-LinkSwitch
0, 0, 0, 1, 0, 0, 1, 0, 62, 1, 0, 0, 0, 0, 0, 0, 0, 0, 12, 0, 1, 2, 1420, 1, 5.048169367086987, D-LinkSwitch
0, 0, 0, 1, 0, 0, 1, 0, 62, 1, 0, 0, 0, 0, 0, 0, 0, 0, 12, 0, 1, 2, 1420, 1, 5.004241698043753, D-LinkSwitch
0, 0, 0, 1, 0, 0, 1, 0, 8360, 1, 0, 0, 0, 0, 0, 0, 0, 0, 12, 0, 2, 1, 40, 0, 0, D-LinkSwitch
0, 0, 0, 1, 0, 0, 0, 1, 0, 0, 0, 0, 0, 0, 0, 1, 0, 0, 12, 0, 2, 2, 277, 0, 0, D-LinkSwitch
0, 0, 0, 1, 0, 0, 0, 1, 0, 0, 0, 0, 0, 0, 0, 1, 0, 0, 12, 0, 2, 2, 278, 0, 0, D-LinkSwitch
0, 0, 0, 1, 0, 0, 0, 1, 0, 0, 0, 0, 0, 0, 0, 1, 0, 0, 12, 0, 2, 2, 69, 0, 0, D-LinkSwitch
0, 0, 0, 1, 0, 0, 1, 0, 62, 1, 0, 0, 0, 0, 0, 0, 0, 0, 12, 0, 1, 2, 1420, 1, 5.1125424714846055, D-LinkSwitch
0, 0, 0, 1, 0, 0, 1, 0, 62, 1, 0, 0, 0, 0, 0, 0, 0, 0, 12, 0, 1, 2, 1420, 1, 5.0051213076850845, D-LinkSwitch
0, 0, 0, 1, 0, 0, 1, 0, 8360, 1, 0, 0, 0, 0, 0, 0, 0, 0, 12, 0, 2, 1, 40, 0, 0, D-LinkSwitch
0, 0, 0, 1, 0, 0, 1, 0, 62, 1, 0, 0, 0, 0, 0, 0, 0, 0, 12, 0, 1, 2, 1420, 1, 5.018811121361574, D-LinkSwitch
0, 0, 0, 1, 0, 0, 1, 0, 62, 1, 0, 0, 0, 0, 0, 0, 0, 0, 12, 0, 1, 2, 1420, 1, 5.222569053819502, D-LinkSwitch
0, 0, 0, 1, 0, 0, 1, 0, 62, 1, 0, 0, 0, 0, 0, 0, 0, 0, 12, 0, 1, 2, 1420, 1, 5.470580880737453, D-LinkSwitch
0, 0, 0, 1, 0, 0, 1, 0, 62, 1, 0, 0, 0, 0, 0, 0, 0, 0, 12, 0, 1, 2, 1420, 1, 5.181814271732824, D-LinkSwitch
0, 0, 0, 1, 0, 0, 1, 0, 62, 1, 0, 0, 0, 0, 0, 0, 0, 0, 12, 0, 1, 2, 1420, 1, 5.295779826115919, D-LinkSwitch
0, 0, 0, 1, 0, 0, 1, 0, 62, 1, 0, 0, 0, 0, 0, 0, 0, 0, 12, 0, 1, 2, 1420, 1, 5.399786498197485, D-LinkSwitch
0, 0, 0, 1, 0, 0, 1, 0, 8360, 1, 0, 0, 0, 0, 0, 0, 0, 0, 12, 0, 2, 1, 40, 0, 0, D-LinkSwitch
0, 0, 0, 1, 0, 0, 1, 0, 8360, 1, 0, 0, 0, 0, 0, 0, 0, 0, 12, 0, 2, 1, 40, 0, 0, D-LinkSwitch
0, 0, 0, 1, 0, 0, 1, 0, 8360, 1, 0, 0, 0, 0, 0, 0, 0, 0, 12, 0, 2, 1, 40, 0, 0, D-LinkSwitch
0, 0, 0, 1, 0, 0, 1, 0, 62, 1, 0, 0, 0, 0, 0, 0, 0, 0, 12, 0, 1, 2, 1420, 1, 5.356965427071776, D-LinkSwitch
0, 0, 0, 1, 0, 0, 1, 0, 62, 1, 0, 0, 0, 0, 0, 0, 0, 0, 12, 0, 1, 2, 1420, 1, 5.42858371529183, D-LinkSwitch
0, 0, 0, 1, 0, 0, 1, 0, 8360, 1, 0, 0, 0, 0, 0, 0, 0, 0, 12, 0, 2, 1, 40, 0, 0, D-LinkSwitch
0, 0, 0, 1, 0, 0, 1, 0, 62, 1, 0, 0, 0, 0, 0, 0, 0, 0, 12, 0, 1, 2, 1420, 1, 5.146212643982459, D-LinkSwitch
0, 0, 0, 1, 0, 0, 1, 0, 62, 1, 0, 0, 0, 0, 0, 0, 0, 0, 12, 0, 1, 2, 1420, 1, 5.293509779575485, D-LinkSwitch
0, 0, 0, 1, 0, 0, 1, 0, 8360, 1, 0, 0, 0, 0, 0, 0, 0, 0, 12, 0, 2, 1, 40, 0, 0, D-LinkSwitch
0, 0, 0, 1, 0, 0, 0, 1, 0, 0, 0, 0, 0, 0, 0, 1, 0, 0, 12, 0, 2, 2, 322, 0, 0, D-LinkSwitch
0, 0, 0, 1, 0, 0, 1, 0, 62, 1, 0, 0, 0, 0, 0, 0, 0, 0, 12, 0, 1, 2, 1420, 1, 5.157459327844779, D-LinkSwitch
0, 0, 0, 1, 0, 0, 1, 0, 62, 1, 0, 0, 0, 0, 0, 0, 0, 0, 12, 0, 1, 2, 1420, 1, 5.344532013493736, D-LinkSwitch
0, 0, 0, 1, 0, 0, 1, 0, 8360, 1, 0, 0, 0, 0, 0, 0, 0, 0, 12, 0, 2, 1, 40, 0, 0, D-LinkSwitch
0, 0, 0, 1, 0, 0, 1, 0, 62, 1, 0, 0, 0, 0, 0, 0, 0, 0, 12, 0, 1, 2, 1420, 1, 5.317279711540171, D-LinkSwitch
0, 0, 0, 1, 0, 0, 1, 0, 62, 1, 0, 0, 0, 0, 0, 0, 0, 0, 12, 0, 1, 2, 1420, 1, 5.345139675454742, D-LinkSwitch
0, 0, 0, 1, 0, 0, 1, 0, 8360, 1, 0, 0, 0, 0, 0, 0, 0, 0, 12, 0, 2, 1, 40, 0, 0, D-LinkSwitch
0, 0, 0, 1, 0, 0, 1, 0, 62, 1, 0, 0, 0, 0, 0, 0, 0, 0, 12, 0, 1, 2, 1420, 1, 5.449347312493198, D-LinkSwitch
0, 0, 0, 1, 0, 0, 1, 0, 62, 1, 0, 0, 0, 0, 0, 0, 0, 0, 12, 0, 1, 2, 1420, 1, 5.307081231611591, D-LinkSwitch
0, 0, 0, 1, 0, 0, 1, 0, 62, 1, 0, 0, 0, 0, 0, 0, 0, 0, 12, 0, 1, 2, 1420, 1, 5.063371958706965, D-LinkSwitch
0, 0, 0, 1, 0, 0, 1, 0, 62, 1, 0, 0, 0, 0, 0, 0, 0, 0, 12, 0, 1, 2, 1420, 1, 5.3151476449820905, D-LinkSwitch
0, 0, 0, 1, 0, 0, 1, 0, 8360, 1, 0, 0, 0, 0, 0, 0, 0, 0, 12, 0, 2, 1, 40, 0, 0, D-LinkSwitch
0, 0, 0, 1, 0, 0, 1, 0, 8360, 1, 0, 0, 0, 0, 0, 0, 0, 0, 12, 0, 2, 1, 40, 0, 0, D-LinkSwitch
0, 0, 0, 1, 0, 0, 1, 0, 62, 1, 0, 0, 0, 0, 0, 0, 0, 0, 12, 0, 1, 2, 1420, 1, 5.422914194398913, D-LinkSwitch
0, 0, 0, 1, 0, 0, 1, 0, 62, 1, 0, 0, 0, 0, 0, 0, 0, 0, 12, 0, 1, 2, 1420, 1, 5.565683602585836, D-LinkSwitch
0, 0, 0, 1, 0, 0, 1, 0, 8360, 1, 0, 0, 0, 0, 0, 0, 0, 0, 12, 0, 2, 1, 40, 0, 0, D-LinkSwitch
0, 0, 0, 1, 0, 0, 1, 0, 62, 1, 0, 0, 0, 0, 0, 0, 0, 0, 12, 0, 1, 2, 1420, 1, 5.316668845642885, D-LinkSwitch
0, 0, 0, 1, 0, 0, 1, 0, 62, 1, 0, 0, 0, 0, 0, 0, 0, 0, 12, 0, 1, 2, 1420, 1, 5.267896294017325, D-LinkSwitch
0, 0, 0, 1, 0, 0, 1, 0, 8360, 1, 0, 0, 0, 0, 0, 0, 0, 0, 12, 0, 2, 1, 40, 0, 0, D-LinkSwitch
0, 0, 0, 1, 0, 0, 1, 0, 62, 1, 0, 0, 0, 0, 0, 0, 0, 0, 12, 0, 1, 2, 1420, 1, 5.3732362767916495, D-LinkSwitch
0, 0, 0, 1, 0, 0, 1, 0, 62, 1, 0, 0, 0, 0, 0, 0, 0, 0, 12, 0, 1, 2, 1420, 1, 4.8147769322387814, D-LinkSwitch
0, 0, 0, 1, 0, 0, 1, 0, 8360, 1, 0, 0, 0, 0, 0, 0, 0, 0, 12, 0, 2, 1, 40, 0, 0, D-LinkSwitch
0, 0, 0, 1, 0, 0, 1, 0, 62, 1, 0, 0, 0, 0, 0, 0, 0, 0, 12, 0, 1, 2, 1420, 1, 4.800224271140776, D-LinkSwitch
0, 0, 0, 1, 0, 0, 1, 0, 62, 1, 0, 0, 0, 0, 0, 0, 0, 0, 12, 0, 1, 2, 1420, 1, 5.150051085535787, D-LinkSwitch
0, 0, 0, 1, 0, 0, 1, 0, 8360, 1, 0, 0, 0, 0, 0, 0, 0, 0, 12, 0, 2, 1, 40, 0, 0, D-LinkSwitch
0, 0, 0, 1, 0, 0, 1, 0, 62, 1, 0, 0, 0, 0, 0, 0, 0, 0, 12, 0, 1, 2, 1420, 1, 5.268357387798758, D-LinkSwitch
0, 0, 0, 1, 0, 0, 1, 0, 62, 1, 0, 0, 0, 0, 0, 0, 0, 0, 12, 0, 1, 2, 1420, 1, 5.353821223503421, D-LinkSwitch
0, 0, 0, 1, 0, 0, 1, 0, 62, 1, 0, 0, 0, 0, 0, 0, 0, 0, 12, 0, 1, 2, 1420, 1, 5.137699232983645, D-LinkSwitch
0, 0, 0, 1, 0, 0, 1, 0, 62, 1, 0, 0, 0, 0, 0, 0, 0, 0, 12, 0, 1, 2, 1420, 1, 5.411133762905172, D-LinkSwitch
0, 0, 0, 1, 0, 0, 1, 0, 8360, 1, 0, 0, 0, 0, 0, 0, 0, 0, 12, 0, 2, 1, 40, 0, 0, D-LinkSwitch
0, 0, 0, 1, 0, 0, 1, 0, 8360, 1, 0, 0, 0, 0, 0, 0, 0, 0, 12, 0, 2, 1, 40, 0, 0, D-LinkSwitch
0, 0, 0, 1, 0, 0, 1, 0, 62, 1, 0, 0, 0, 0, 0, 0, 0, 0, 12, 0, 1, 2, 1420, 1, 5.095265894577033, D-LinkSwitch
0, 0, 0, 1, 0, 0, 1, 0, 62, 1, 0, 0, 0, 0, 0, 0, 0, 0, 12, 0, 1, 2, 1420, 1, 5.225650059872157, D-LinkSwitch
0, 0, 0, 1, 0, 0, 1, 0, 8360, 1, 0, 0, 0, 0, 0, 0, 0, 0, 12, 0, 2, 1, 40, 0, 0, D-LinkSwitch
0, 0, 0, 1, 0, 0, 1, 0, 62, 1, 0, 0, 0, 0, 0, 0, 0, 0, 12, 0, 1, 2, 1420, 1, 5.044625704661504, D-LinkSwitch
0, 0, 0, 1, 0, 0, 1, 0, 62, 1, 0, 0, 0, 0, 0, 0, 0, 0, 12, 0, 1, 2, 1420, 1, 5.037678036856854, D-LinkSwitch
0, 0, 0, 1, 0, 0, 1, 0, 8360, 1, 0, 0, 0, 0, 0, 0, 0, 0, 12, 0, 2, 1, 40, 0, 0, D-LinkSwitch
0, 0, 0, 1, 0, 0, 1, 0, 62, 1, 0, 0, 0, 0, 0, 0, 0, 0, 12, 0, 1, 2, 1420, 1, 5.481678337584601, D-LinkSwitch
0, 0, 0, 1, 0, 0, 1, 0, 62, 1, 0, 0, 0, 0, 0, 0, 0, 0, 12, 0, 1, 2, 1420, 1, 5.395577327762981, D-LinkSwitch
0, 0, 0, 1, 0, 0, 1, 0, 8360, 1, 0, 0, 0, 0, 0, 0, 0, 0, 12, 0, 2, 1, 40, 0, 0, D-LinkSwitch
0, 0, 0, 1, 0, 0, 1, 0, 62, 1, 0, 0, 0, 0, 0, 0, 0, 0, 12, 0, 1, 2, 1420, 1, 5.530398689641437, D-LinkSwitch
0, 0, 0, 1, 0, 0, 1, 0, 62, 1, 0, 0, 0, 0, 0, 0, 0, 0, 12, 0, 1, 2, 1420, 1, 5.540981051943266, D-LinkSwitch
0, 0, 0, 1, 0, 0, 1, 0, 8360, 1, 0, 0, 0, 0, 0, 0, 0, 0, 12, 0, 2, 1, 40, 0, 0, D-LinkSwitch
0, 0, 0, 1, 0, 0, 1, 0, 62, 1, 0, 0, 0, 0, 0, 0, 0, 0, 12, 0, 1, 2, 1420, 1, 5.488158540466965, D-LinkSwitch
0, 0, 0, 1, 0, 0, 1, 0, 62, 1, 0, 0, 0, 0, 0, 0, 0, 0, 12, 0, 1, 2, 1420, 1, 5.343489156405615, D-LinkSwitch
0, 0, 0, 1, 0, 0, 1, 0, 62, 1, 0, 0, 0, 0, 0, 0, 0, 0, 12, 0, 1, 2, 1420, 1, 5.443786533454581, D-LinkSwitch
0, 0, 0, 1, 0, 0, 1, 0, 62, 1, 0, 0, 0, 0, 0, 0, 0, 0, 12, 0, 1, 2, 1420, 1, 5.5370409762333415, D-LinkSwitch
0, 0, 0, 1, 0, 0, 1, 0, 8360, 1, 0, 0, 0, 0, 0, 0, 0, 0, 12, 0, 2, 1, 40, 0, 0, D-LinkSwitch
0, 0, 0, 1, 0, 0, 1, 0, 8360, 1, 0, 0, 0, 0, 0, 0, 0, 0, 12, 0, 2, 1, 40, 0, 0, D-LinkSwitch
0, 0, 0, 1, 0, 0, 1, 0, 62, 1, 0, 0, 0, 0, 0, 0, 0, 0, 12, 0, 1, 2, 1420, 1, 5.156273417434089, D-LinkSwitch
0, 0, 0, 1, 0, 0, 1, 0, 62, 1, 0, 0, 0, 0, 0, 0, 0, 0, 12, 0, 1, 2, 1420, 1, 5.25458972826155, D-LinkSwitch
0, 0, 0, 1, 0, 0, 1, 0, 8360, 1, 0, 0, 0, 0, 0, 0, 0, 0, 12, 0, 2, 1, 40, 0, 0, D-LinkSwitch
0, 0, 0, 1, 0, 0, 1, 0, 62, 1, 0, 0, 0, 0, 0, 0, 0, 0, 12, 0, 1, 2, 1420, 1, 5.023122598985199, D-LinkSwitch
0, 0, 0, 1, 0, 0, 1, 0, 62, 1, 0, 0, 0, 0, 0, 0, 0, 0, 12, 0, 1, 2, 1420, 1, 5.389105175470897, D-LinkSwitch
0, 0, 0, 1, 0, 0, 1, 0, 8360, 1, 0, 0, 0, 0, 0, 0, 0, 0, 12, 0, 2, 1, 40, 0, 0, D-LinkSwitch
0, 0, 0, 1, 0, 0, 1, 0, 62, 1, 0, 0, 0, 0, 0, 0, 0, 0, 12, 0, 1, 2, 1420, 1, 4.902110267571863, D-LinkSwitch
0, 0, 0, 1, 0, 0, 1, 0, 62, 1, 0, 0, 0, 0, 0, 0, 0, 0, 12, 0, 1, 2, 1420, 1, 5.0085041684975105, D-LinkSwitch
0, 0, 0, 1, 0, 0, 1, 0, 8360, 1, 0, 0, 0, 0, 0, 0, 0, 0, 12, 0, 2, 1, 40, 0, 0, D-LinkSwitch
0, 0, 0, 1, 0, 0, 1, 0, 62, 1, 0, 0, 0, 0, 0, 0, 0, 0, 12, 0, 1, 2, 1420, 1, 5.05964725617712, D-LinkSwitch
0, 0, 0, 1, 0, 0, 1, 0, 62, 1, 0, 0, 0, 0, 0, 0, 0, 0, 12, 0, 1, 2, 1420, 1, 5.040552621542489, D-LinkSwitch
0, 0, 0, 1, 0, 0, 1, 0, 8360, 1, 0, 0, 0, 0, 0, 0, 0, 0, 12, 0, 2, 1, 40, 0, 0, D-LinkSwitch
0, 0, 0, 1, 0, 0, 1, 0, 62, 1, 0, 0, 0, 0, 0, 0, 0, 0, 12, 0, 1, 2, 1420, 1, 5.054920741803622, D-LinkSwitch
0, 0, 0, 1, 0, 0, 1, 0, 62, 1, 0, 0, 0, 0, 0, 0, 0, 0, 12, 0, 1, 2, 1420, 1, 5.342216179380484, D-LinkSwitch
0, 0, 0, 1, 0, 0, 1, 0, 62, 1, 0, 0, 0, 0, 0, 0, 0, 0, 12, 0, 1, 2, 1420, 1, 5.313261729387169, D-LinkSwitch
0, 0, 0, 1, 0, 0, 1, 0, 62, 1, 0, 0, 0, 0, 0, 0, 0, 0, 12, 0, 1, 2, 1420, 1, 5.5874629671496345, D-LinkSwitch
0, 0, 0, 1, 0, 0, 1, 0, 8360, 1, 0, 0, 0, 0, 0, 0, 0, 0, 12, 0, 2, 1, 40, 0, 0, D-LinkSwitch
0, 0, 0, 1, 0, 0, 1, 0, 8360, 1, 0, 0, 0, 0, 0, 0, 0, 0, 12, 0, 2, 1, 40, 0, 0, D-LinkSwitch
0, 0, 0, 1, 0, 0, 1, 0, 62, 1, 0, 0, 0, 0, 0, 0, 0, 0, 12, 0, 1, 2, 1420, 1, 5.499671809539303, D-LinkSwitch
0, 0, 0, 1, 0, 0, 1, 0, 62, 1, 0, 0, 0, 0, 0, 0, 0, 0, 12, 0, 1, 2, 1420, 1, 5.264924887019079, D-LinkSwitch
0, 0, 0, 1, 0, 0, 1, 0, 8360, 1, 0, 0, 0, 0, 0, 0, 0, 0, 12, 0, 2, 1, 40, 0, 0, D-LinkSwitch
0, 0, 0, 1, 0, 0, 1, 0, 62, 1, 0, 0, 0, 0, 0, 0, 0, 0, 12, 0, 1, 2, 1420, 1, 5.192946250931084, D-LinkSwitch
0, 0, 0, 1, 0, 0, 1, 0, 62, 1, 0, 0, 0, 0, 0, 0, 0, 0, 12, 0, 1, 2, 1420, 1, 4.628054934709008, D-LinkSwitch
0, 0, 0, 1, 0, 0, 1, 0, 8360, 1, 0, 0, 0, 0, 0, 0, 0, 0, 12, 0, 2, 1, 40, 0, 0, D-LinkSwitch
0, 0, 0, 1, 0, 0, 1, 0, 62, 1, 0, 0, 0, 0, 0, 0, 0, 0, 12, 0, 1, 2, 1420, 1, 4.325501431649577, D-LinkSwitch
0, 0, 0, 1, 0, 0, 1, 0, 62, 1, 0, 0, 0, 0, 0, 0, 0, 0, 12, 0, 1, 2, 1420, 1, 4.519421609539875, D-LinkSwitch
0, 0, 0, 1, 0, 0, 1, 0, 8360, 1, 0, 0, 0, 0, 0, 0, 0, 0, 12, 0, 2, 1, 40, 0, 0, D-LinkSwitch
0, 0, 0, 1, 0, 0, 1, 0, 62, 1, 0, 0, 0, 0, 0, 0, 0, 0, 12, 0, 1, 2, 1420, 1, 4.846688897567277, D-LinkSwitch
0, 0, 0, 1, 0, 0, 1, 0, 62, 1, 0, 0, 0, 0, 0, 0, 0, 0, 12, 0, 1, 2, 1420, 1, 5.4212115749637455, D-LinkSwitch
0, 0, 0, 1, 0, 0, 1, 0, 8360, 1, 0, 0, 0, 0, 0, 0, 0, 0, 12, 0, 2, 1, 40, 0, 0, D-LinkSwitch
0, 0, 0, 1, 0, 0, 1, 0, 62, 1, 0, 0, 0, 0, 0, 0, 0, 0, 12, 0, 1, 2, 1420, 1, 4.965914485766262, D-LinkSwitch
0, 0, 0, 1, 0, 0, 1, 0, 62, 1, 0, 0, 0, 0, 0, 0, 0, 0, 12, 0, 1, 2, 1420, 1, 5.445289518924504, D-LinkSwitch
0, 0, 0, 1, 0, 0, 1, 0, 8360, 1, 0, 0, 0, 0, 0, 0, 0, 0, 12, 0, 2, 1, 40, 0, 0, D-LinkSwitch
0, 0, 0, 1, 0, 0, 1, 0, 62, 1, 0, 0, 0, 0, 0, 0, 0, 0, 12, 0, 1, 2, 1420, 1, 5.529468421235047, D-LinkSwitch
0, 0, 0, 1, 0, 0, 1, 0, 62, 1, 0, 0, 0, 0, 0, 0, 0, 0, 12, 0, 1, 2, 1420, 1, 5.30874825676471, D-LinkSwitch
0, 0, 0, 1, 0, 0, 1, 0, 8360, 1, 0, 0, 0, 0, 0, 0, 0, 0, 12, 0, 2, 1, 40, 0, 0, D-LinkSwitch
0, 0, 0, 1, 0, 0, 1, 0, 62, 1, 0, 0, 0, 0, 0, 0, 0, 0, 12, 0, 1, 2, 1420, 1, 4.994473711735383, D-LinkSwitch
0, 0, 0, 1, 0, 0, 1, 0, 62, 1, 0, 0, 0, 0, 0, 0, 0, 0, 12, 0, 1, 2, 1420, 1, 5.330027874510621, D-LinkSwitch
0, 0, 0, 1, 0, 0, 1, 0, 8360, 1, 0, 0, 0, 0, 0, 0, 0, 0, 12, 0, 2, 1, 40, 0, 0, D-LinkSwitch
0, 0, 0, 1, 0, 0, 1, 0, 62, 1, 0, 0, 0, 0, 0, 0, 0, 0, 12, 0, 1, 2, 1420, 1, 5.221844704394758, D-LinkSwitch
0, 0, 0, 1, 0, 0, 1, 0, 62, 1, 0, 0, 0, 0, 0, 0, 0, 0, 12, 0, 1, 2, 1420, 1, 4.948783270906128, D-LinkSwitch
0, 0, 0, 1, 0, 0, 1, 0, 8360, 1, 0, 0, 0, 0, 0, 0, 0, 0, 12, 0, 2, 1, 40, 0, 0, D-LinkSwitch
0, 0, 0, 1, 0, 0, 1, 0, 62, 1, 0, 0, 0, 0, 0, 0, 0, 0, 12, 0, 1, 2, 1420, 1, 4.906122906434917, D-LinkSwitch
0, 0, 0, 1, 0, 0, 1, 0, 62, 1, 0, 0, 0, 0, 0, 0, 0, 0, 12, 0, 1, 2, 1420, 1, 4.9917185905826, D-LinkSwitch
0, 0, 0, 1, 0, 0, 1, 0, 8360, 1, 0, 0, 0, 0, 0, 0, 0, 0, 12, 0, 2, 1, 40, 0, 0, D-LinkSwitch
0, 0, 0, 1, 0, 0, 1, 0, 62, 1, 0, 0, 0, 0, 0, 0, 0, 0, 12, 0, 1, 2, 1420, 1, 3.6494308302688743, D-LinkSwitch
0, 0, 0, 1, 0, 0, 1, 0, 62, 1, 0, 0, 0, 0, 0, 0, 0, 0, 12, 0, 1, 2, 1420, 1, 2.853953099685199, D-LinkSwitch
0, 0, 0, 1, 0, 0, 1, 0, 8360, 1, 0, 0, 0, 0, 0, 0, 0, 0, 12, 0, 2, 1, 40, 0, 0, D-LinkSwitch
0, 0, 0, 1, 0, 0, 1, 0, 62, 1, 0, 0, 0, 0, 0, 0, 0, 0, 12, 0, 1, 2, 1420, 1, 1.7810262974535027, D-LinkSwitch
0, 0, 0, 1, 0, 0, 1, 0, 62, 1, 0, 0, 0, 0, 0, 0, 0, 0, 12, 0, 1, 2, 1420, 1, 5.216322462816865, D-LinkSwitch
0, 0, 0, 1, 0, 0, 1, 0, 8360, 1, 0, 0, 0, 0, 0, 0, 0, 0, 12, 0, 2, 1, 40, 0, 0, D-LinkSwitch
0, 0, 0, 1, 0, 0, 1, 0, 62, 1, 0, 0, 0, 0, 0, 0, 0, 0, 12, 0, 1, 2, 1420, 1, 5.944738228945674, D-LinkSwitch
0, 0, 0, 1, 0, 0, 1, 0, 62, 1, 0, 0, 0, 0, 0, 0, 0, 0, 12, 0, 1, 2, 1420, 1, 4.0905448332033085, D-LinkSwitch
0, 0, 0, 1, 0, 0, 1, 0, 8360, 1, 0, 0, 0, 0, 0, 0, 0, 0, 12, 0, 2, 1, 40, 0, 0, D-LinkSwitch
0, 0, 0, 1, 0, 0, 1, 0, 62, 1, 0, 0, 0, 0, 0, 0, 0, 0, 12, 0, 1, 2, 1420, 1, 5.007427450854121, D-LinkSwitch
0, 0, 0, 1, 0, 0, 1, 0, 62, 1, 0, 0, 0, 0, 0, 0, 0, 0, 12, 0, 1, 2, 1420, 1, 4.668546939723383, D-LinkSwitch
0, 0, 0, 1, 0, 0, 1, 0, 8360, 1, 0, 0, 0, 0, 0, 0, 0, 0, 12, 0, 2, 1, 40, 0, 0, D-LinkSwitch
0, 0, 0, 1, 0, 0, 1, 0, 62, 1, 0, 0, 0, 0, 0, 0, 0, 0, 12, 0, 1, 2, 1420, 1, 3.647618224653381, D-LinkSwitch
0, 0, 0, 1, 0, 0, 1, 0, 62, 1, 0, 0, 0, 0, 0, 0, 0, 0, 12, 0, 1, 2, 140, 1, 1.098213149896198, D-LinkSwitch
0, 0, 0, 1, 0, 0, 1, 0, 8360, 1, 0, 0, 0, 0, 0, 0, 0, 0, 12, 0, 2, 1, 40, 0, 0, D-LinkSwitch
0, 0, 0, 1, 0, 0, 1, 0, 8360, 1, 0, 0, 0, 0, 0, 0, 0, 0, 12, 0, 2, 1, 40, 0, 0, D-LinkSwitch
0, 0, 0, 1, 0, 0, 1, 0, 62, 1, 0, 0, 0, 0, 0, 0, 0, 0, 12, 0, 1, 2, 40, 0, 0, D-LinkSwitch
0, 0, 0, 1, 0, 0, 1, 0, 8360, 1, 0, 0, 0, 0, 0, 0, 0, 0, 12, 0, 2, 1, 40, 0, 0, D-LinkSwitch
0, 0, 0, 1, 0, 0, 0, 1, 0, 0, 0, 0, 0, 0, 0, 1, 0, 0, 12, 0, 2, 2, 366, 0, 0, D-LinkSwitch
0, 0, 0, 1, 0, 0, 1, 0, 5680, 0, 1, 0, 0, 0, 0, 0, 0, 0, 12, 0, 2, 1, 40, 0, 0, D-LinkSwitch
0, 0, 0, 1, 0, 0, 1, 0, 390, 0, 1, 0, 0, 0, 0, 0, 0, 0, 12, 0, 1, 2, 77, 1, 5.047291203466791, D-LinkSwitch
0, 0, 0, 1, 0, 0, 1, 0, 390, 0, 1, 0, 0, 0, 0, 0, 0, 0, 12, 0, 1, 2, 40, 0, 0, D-LinkSwitch
0, 0, 0, 1, 0, 0, 1, 0, 0, 0, 1, 0, 0, 0, 0, 0, 0, 0, 12, 0, 2, 1, 40, 0, 0, D-LinkSwitch
0, 0, 0, 1, 0, 0, 1, 0, 0, 0, 1, 0, 0, 0, 0, 0, 0, 0, 12, 0, 2, 1, 40, 0, 0, D-LinkSwitch
0, 0, 0, 1, 0, 0, 0, 1, 0, 0, 0, 0, 0, 0, 0, 1, 0, 0, 12, 0, 2, 2, 294, 0, 0, D-LinkSwitch
0, 0, 0, 1, 0, 0, 0, 1, 0, 0, 0, 0, 0, 0, 1, 0, 0, 0, 12, 0, 2, 1, 63, 0, 0, D-LinkSwitch
0, 0, 0, 1, 0, 0, 0, 1, 0, 0, 0, 0, 0, 0, 1, 0, 0, 0, 12, 0, 1, 2, 161, 0, 0, D-LinkSwitch
0, 0, 0, 1, 0, 0, 1, 0, 5840, 0, 1, 0, 0, 0, 0, 0, 0, 0, 13, 0, 2, 1, 60, 0, 0, D-LinkSwitch
0, 0, 0, 1, 0, 0, 1, 0, 17898, 0, 1, 0, 0, 0, 0, 0, 0, 0, 13, 0, 1, 2, 60, 0, 0, D-LinkSwitch
0, 0, 0, 1, 0, 0, 1, 0, 2920, 0, 1, 0, 0, 0, 0, 0, 0, 0, 13, 0, 2, 1, 52, 0, 0, D-LinkSwitch
0, 0, 0, 1, 0, 0, 0, 1, 0, 0, 0, 0, 0, 0, 0, 1, 0, 0, 13, 0, 2, 2, 366, 0, 0, D-LinkSwitch
0, 0, 0, 1, 0, 0, 1, 0, 2920, 0, 1, 0, 0, 0, 0, 0, 0, 0, 13, 0, 2, 1, 351, 1, 4.9755117924674, D-LinkSwitch
0, 0, 0, 1, 0, 0, 1, 0, 75, 0, 1, 0, 0, 0, 0, 0, 0, 0, 13, 0, 1, 2, 52, 0, 0, D-LinkSwitch
0, 0, 0, 1, 0, 0, 1, 0, 75, 0, 1, 0, 0, 0, 0, 0, 0, 0, 13, 0, 1, 2, 1420, 1, 7.157258240356731, D-LinkSwitch
0, 0, 0, 1, 0, 0, 1, 0, 75, 0, 1, 0, 0, 0, 0, 0, 0, 0, 13, 0, 1, 2, 1420, 1, 7.246205454900595, D-LinkSwitch
0, 0, 0, 1, 0, 0, 1, 0, 75, 0, 1, 0, 0, 0, 0, 0, 0, 0, 13, 0, 1, 2, 1135, 1, 7.659952271798824, D-LinkSwitch
0, 0, 0, 1, 0, 0, 1, 0, 4288, 0, 1, 0, 0, 0, 0, 0, 0, 0, 13, 0, 2, 1, 52, 0, 0, D-LinkSwitch
0, 0, 0, 1, 0, 0, 1, 0, 5656, 0, 1, 0, 0, 0, 0, 0, 0, 0, 13, 0, 2, 1, 52, 0, 0, D-LinkSwitch
0, 0, 0, 1, 0, 0, 1, 0, 7024, 0, 1, 0, 0, 0, 0, 0, 0, 0, 13, 0, 2, 1, 52, 0, 0, D-LinkSwitch
0, 0, 0, 1, 0, 0, 1, 0, 7024, 0, 1, 0, 0, 0, 0, 0, 0, 0, 13, 0, 2, 1, 178, 1, 6.496095872046823, D-LinkSwitch
0, 0, 0, 1, 0, 0, 1, 0, 75, 0, 1, 0, 0, 0, 0, 0, 0, 0, 13, 0, 1, 2, 278, 1, 6.960798831951971, D-LinkSwitch
0, 0, 0, 1, 0, 0, 1, 0, 7024, 0, 1, 0, 0, 0, 0, 0, 0, 0, 13, 0, 2, 1, 52, 0, 0, D-LinkSwitch
0, 0, 0, 1, 0, 0, 1, 0, 7024, 0, 1, 0, 0, 0, 0, 0, 0, 0, 13, 0, 2, 1, 516, 1, 7.493759896073946, D-LinkSwitch
0, 0, 0, 1, 0, 0, 1, 0, 79, 0, 1, 0, 0, 0, 0, 0, 0, 0, 13, 0, 1, 2, 52, 0, 0, D-LinkSwitch
0, 0, 0, 1, 0, 0, 1, 0, 79, 0, 1, 0, 0, 0, 0, 0, 0, 0, 13, 0, 1, 2, 321, 1, 7.164204487145261, D-LinkSwitch
0, 0, 0, 1, 0, 0, 1, 0, 79, 0, 1, 0, 0, 0, 0, 0, 0, 0, 13, 0, 1, 2, 83, 1, 4.760647923290102, D-LinkSwitch
0, 0, 0, 1, 0, 0, 1, 0, 7024, 0, 1, 0, 0, 0, 0, 0, 0, 0, 13, 0, 2, 1, 52, 0, 0, D-LinkSwitch
0, 0, 0, 1, 0, 0, 1, 0, 5840, 0, 1, 0, 0, 0, 0, 0, 0, 0, 13, 0, 2, 1, 60, 0, 0, D-LinkSwitch
0, 0, 0, 1, 0, 0, 1, 0, 17898, 0, 1, 0, 0, 0, 0, 0, 0, 0, 13, 0, 1, 2, 60, 0, 0, D-LinkSwitch
0, 0, 0, 1, 0, 0, 1, 0, 2920, 0, 1, 0, 0, 0, 0, 0, 0, 0, 13, 0, 2, 1, 52, 0, 0, D-LinkSwitch
0, 0, 0, 1, 0, 0, 1, 0, 2920, 0, 1, 0, 0, 0, 0, 0, 0, 0, 13, 0, 2, 1, 543, 1, 6.479165136721351, D-LinkSwitch
0, 0, 0, 1, 0, 0, 1, 0, 75, 0, 1, 0, 0, 0, 0, 0, 0, 0, 13, 0, 1, 2, 52, 0, 0, D-LinkSwitch
0, 0, 0, 1, 0, 0, 1, 0, 75, 0, 1, 0, 0, 0, 0, 0, 0, 0, 13, 0, 1, 2, 189, 1, 6.216512696314471, D-LinkSwitch
0, 0, 0, 1, 0, 0, 1, 0, 2920, 0, 1, 0, 0, 0, 0, 0, 0, 0, 13, 0, 2, 1, 52, 0, 0, D-LinkSwitch
0, 0, 0, 1, 0, 0, 1, 0, 2920, 0, 1, 0, 0, 0, 0, 0, 0, 0, 13, 0, 2, 1, 103, 1, 5.187035390948687, D-LinkSwitch
0, 0, 0, 1, 0, 0, 1, 0, 75, 0, 1, 0, 0, 0, 0, 0, 0, 0, 13, 0, 1, 2, 52, 0, 0, D-LinkSwitch
0, 0, 0, 1, 0, 0, 1, 0, 2920, 0, 1, 0, 0, 0, 0, 0, 0, 0, 13, 0, 2, 1, 406, 1, 7.343298003469439, D-LinkSwitch
0, 0, 0, 1, 0, 0, 1, 0, 79, 0, 1, 0, 0, 0, 0, 0, 0, 0, 13, 0, 1, 2, 52, 0, 0, D-LinkSwitch
0, 0, 0, 1, 0, 0, 1, 0, 79, 0, 1, 0, 0, 0, 0, 0, 0, 0, 13, 0, 1, 2, 448, 1, 7.457685448577375, D-LinkSwitch
0, 0, 0, 1, 0, 0, 1, 0, 79, 0, 1, 0, 0, 0, 0, 0, 0, 0, 13, 0, 1, 2, 83, 1, 4.696131794257844, D-LinkSwitch
0, 0, 0, 1, 0, 0, 0, 1, 0, 0, 0, 0, 0, 0, 1, 0, 0, 0, 13, 0, 3, 1, 65, 0, 0, D-LinkSwitch
0, 0, 0, 1, 0, 0, 0, 1, 0, 0, 0, 0, 0, 0, 1, 0, 0, 0, 13, 0, 1, 3, 81, 0, 0, D-LinkSwitch
0, 0, 0, 1, 0, 0, 1, 0, 5840, 0, 1, 0, 0, 0, 0, 0, 0, 0, 13, 0, 2, 1, 60, 0, 0, D-LinkSwitch
0, 0, 0, 1, 0, 0, 1, 0, 3456, 0, 1, 0, 0, 0, 0, 0, 0, 0, 13, 0, 2, 1, 52, 0, 0, D-LinkSwitch
0, 0, 0, 1, 0, 0, 1, 0, 2048, 0, 1, 0, 0, 0, 0, 0, 0, 0, 13, 0, 1, 2, 52, 0, 0, D-LinkSwitch
0, 0, 0, 1, 0, 0, 1, 0, 2920, 0, 1, 0, 0, 0, 0, 0, 0, 0, 13, 0, 2, 1, 40, 0, 0, D-LinkSwitch
0, 0, 0, 1, 0, 0, 1, 0, 2920, 0, 1, 0, 0, 0, 0, 0, 0, 0, 13, 0, 2, 1, 339, 1, 4.989223717116596, D-LinkSwitch
0, 0, 0, 1, 0, 0, 1, 0, 390, 0, 1, 0, 0, 0, 0, 0, 0, 0, 13, 0, 1, 2, 40, 0, 0, D-LinkSwitch
0, 0, 0, 1, 0, 0, 1, 0, 390, 0, 1, 0, 0, 0, 0, 0, 0, 0, 13, 0, 1, 2, 98, 1, 4.796540946690724, D-LinkSwitch
0, 0, 0, 1, 0, 0, 1, 0, 390, 0, 1, 0, 0, 0, 0, 0, 0, 0, 13, 0, 1, 2, 1420, 1, 7.214848183228593, D-LinkSwitch
0, 0, 0, 1, 0, 0, 1, 0, 390, 0, 1, 0, 0, 0, 0, 0, 0, 0, 13, 0, 1, 2, 1420, 1, 7.1070261665549275, D-LinkSwitch
0, 0, 0, 1, 0, 0, 1, 0, 390, 0, 1, 0, 0, 0, 0, 0, 0, 0, 13, 0, 1, 2, 686, 1, 7.530092497800246, D-LinkSwitch
0, 0, 0, 1, 0, 0, 1, 0, 2920, 0, 1, 0, 0, 0, 0, 0, 0, 0, 13, 0, 2, 1, 40, 0, 0, D-LinkSwitch
0, 0, 0, 1, 0, 0, 1, 0, 4300, 0, 1, 0, 0, 0, 0, 0, 0, 0, 13, 0, 2, 1, 40, 0, 0, D-LinkSwitch
0, 0, 0, 1, 0, 0, 1, 0, 5680, 0, 1, 0, 0, 0, 0, 0, 0, 0, 13, 0, 2, 1, 40, 0, 0, D-LinkSwitch
0, 0, 0, 1, 0, 0, 1, 0, 5680, 0, 1, 0, 0, 0, 0, 0, 0, 0, 13, 0, 2, 1, 40, 0, 0, D-LinkSwitch
0, 0, 0, 1, 0, 0, 1, 0, 390, 0, 1, 0, 0, 0, 0, 0, 0, 0, 13, 0, 1, 2, 378, 1, 7.280995033779707, D-LinkSwitch
0, 0, 0, 1, 0, 0, 1, 0, 390, 0, 1, 0, 0, 0, 0, 0, 0, 0, 13, 0, 1, 2, 49, 1, 2.058813890331201, D-LinkSwitch
0, 0, 0, 1, 0, 0, 1, 0, 5680, 0, 1, 0, 0, 0, 0, 0, 0, 0, 13, 0, 2, 1, 40, 0, 0, D-LinkSwitch
0, 0, 0, 1, 0, 0, 1, 0, 5680, 0, 1, 0, 0, 0, 0, 0, 0, 0, 13, 0, 2, 1, 40, 0, 0, D-LinkSwitch
0, 0, 0, 1, 0, 0, 1, 0, 5680, 0, 1, 0, 0, 0, 0, 0, 0, 0, 13, 0, 2, 1, 166, 1, 6.330249864489365, D-LinkSwitch
0, 0, 0, 1, 0, 0, 1, 0, 390, 0, 1, 0, 0, 0, 0, 0, 0, 0, 13, 0, 1, 2, 159, 1, 6.4074228053247495, D-LinkSwitch
0, 0, 0, 1, 0, 0, 1, 0, 390, 0, 1, 0, 0, 0, 0, 0, 0, 0, 13, 0, 1, 2, 46, 1, 1.9182958340544896, D-LinkSwitch
0, 0, 0, 1, 0, 0, 1, 0, 390, 0, 1, 0, 0, 0, 0, 0, 0, 0, 13, 0, 1, 2, 85, 1, 4.724534762707879, D-LinkSwitch
0, 0, 0, 1, 0, 0, 1, 0, 5680, 0, 1, 0, 0, 0, 0, 0, 0, 0, 13, 0, 2, 1, 40, 0, 0, D-LinkSwitch
0, 0, 0, 1, 0, 0, 1, 0, 5680, 0, 1, 0, 0, 0, 0, 0, 0, 0, 13, 0, 2, 1, 202, 1, 6.725350774356003, D-LinkSwitch
0, 0, 0, 1, 0, 0, 1, 0, 390, 0, 1, 0, 0, 0, 0, 0, 0, 0, 13, 0, 1, 2, 40, 0, 0, D-LinkSwitch
0, 0, 0, 1, 0, 0, 0, 0, 0, 0, 0, 0, 0, 0, 0, 0, 0, 0, 13, 0, 0, 0, 40, 1, 2.216917186688699, D-LinkSwitch
1, 0, 0, 0, 0, 0, 0, 0, 0, 0, 0, 0, 0, 0, 0, 0, 0, 0, 13, 0, 0, 0, 0, 0, 0, D-LinkSwitch
1, 0, 0, 0, 0, 0, 0, 0, 0, 0, 0, 0, 0, 0, 0, 0, 0, 0, 13, 0, 0, 0, 0, 0, 0, D-LinkSwitch
0, 0, 0, 1, 0, 0, 1, 0, 390, 0, 1, 0, 0, 0, 0, 0, 0, 0, 13, 0, 1, 2, 40, 0, 0, D-LinkSwitch
0, 0, 0, 1, 0, 0, 1, 0, 5680, 0, 1, 0, 0, 0, 0, 0, 0, 0, 13, 0, 2, 1, 40, 0, 0, D-LinkSwitch
0, 0, 0, 1, 0, 0, 1, 0, 390, 0, 1, 0, 0, 0, 0, 0, 0, 0, 13, 0, 1, 2, 40, 0, 0, D-LinkSwitch
0, 0, 0, 1, 0, 0, 1, 0, 5680, 0, 1, 0, 0, 0, 0, 0, 0, 0, 13, 0, 2, 1, 40, 0, 0, D-LinkSwitch
0, 0, 0, 1, 0, 0, 1, 0, 390, 0, 1, 0, 0, 0, 0, 0, 0, 0, 13, 0, 1, 2, 1093, 1, 7.79716966142959, D-LinkSwitch
0, 0, 0, 1, 0, 0, 1, 0, 390, 0, 1, 0, 0, 0, 0, 0, 0, 0, 13, 0, 1, 2, 82, 1, 4.564820101298679, D-LinkSwitch
0, 0, 0, 1, 0, 0, 1, 0, 390, 0, 1, 0, 0, 0, 0, 0, 0, 0, 13, 0, 1, 2, 82, 1, 4.564820101298679, D-LinkSwitch
0, 0, 0, 1, 0, 0, 1, 0, 5840, 0, 1, 0, 0, 0, 0, 0, 0, 0, 13, 0, 2, 1, 60, 0, 0, D-LinkSwitch
0, 0, 0, 1, 0, 0, 1, 0, 2048, 0, 1, 0, 0, 0, 0, 0, 0, 0, 13, 0, 1, 2, 52, 0, 0, D-LinkSwitch
0, 0, 0, 1, 0, 0, 1, 0, 7060, 0, 1, 0, 0, 0, 0, 0, 0, 0, 13, 0, 2, 1, 52, 0, 0, D-LinkSwitch
0, 0, 0, 1, 0, 0, 1, 0, 2920, 0, 1, 0, 0, 0, 0, 0, 0, 0, 13, 0, 2, 1, 40, 0, 0, D-LinkSwitch
0, 0, 0, 1, 0, 0, 1, 0, 2920, 0, 1, 0, 0, 0, 0, 0, 0, 0, 13, 0, 2, 1, 475, 1, 6.153338891166036, D-LinkSwitch
0, 0, 0, 1, 0, 0, 1, 0, 390, 0, 1, 0, 0, 0, 0, 0, 0, 0, 13, 0, 1, 2, 40, 0, 0, D-LinkSwitch
0, 0, 0, 1, 0, 0, 1, 0, 390, 0, 1, 0, 0, 0, 0, 0, 0, 0, 13, 0, 1, 2, 126, 1, 5.886655778462951, D-LinkSwitch
0, 0, 0, 1, 0, 0, 1, 0, 390, 0, 1, 0, 0, 0, 0, 0, 0, 0, 13, 0, 1, 2, 46, 1, 1.9182958340544896, D-LinkSwitch
0, 0, 0, 1, 0, 0, 1, 0, 390, 0, 1, 0, 0, 0, 0, 0, 0, 0, 13, 0, 1, 2, 85, 1, 4.663315040437579, D-LinkSwitch
0, 0, 0, 1, 0, 0, 1, 0, 2920, 0, 1, 0, 0, 0, 0, 0, 0, 0, 13, 0, 2, 1, 40, 0, 0, D-LinkSwitch
0, 0, 0, 1, 0, 0, 1, 0, 2920, 0, 1, 0, 0, 0, 0, 0, 0, 0, 13, 0, 2, 1, 40, 0, 0, D-LinkSwitch
0, 0, 0, 1, 0, 0, 1, 0, 2920, 0, 1, 0, 0, 0, 0, 0, 0, 0, 13, 0, 2, 1, 40, 0, 0, D-LinkSwitch
0, 0, 0, 1, 0, 0, 1, 0, 2920, 0, 1, 0, 0, 0, 0, 0, 0, 0, 13, 0, 2, 1, 91, 1, 5.250665047769011, D-LinkSwitch
0, 0, 0, 1, 0, 0, 1, 0, 7060, 0, 1, 0, 0, 0, 0, 0, 0, 0, 13, 0, 2, 1, 1420, 1, 7.872262586982738, D-LinkSwitch
0, 0, 0, 1, 0, 0, 1, 0, 7060, 0, 1, 0, 0, 0, 0, 0, 0, 0, 13, 0, 2, 1, 427, 1, 7.437971580458663, D-LinkSwitch
0, 0, 0, 1, 0, 0, 1, 0, 735, 0, 1, 0, 0, 0, 0, 0, 0, 0, 13, 0, 1, 2, 40, 0, 0, D-LinkSwitch
0, 0, 0, 1, 0, 0, 1, 0, 735, 0, 1, 0, 0, 0, 0, 0, 0, 0, 13, 0, 1, 2, 40, 0, 0, D-LinkSwitch
0, 0, 0, 1, 0, 0, 1, 0, 390, 0, 1, 0, 0, 0, 0, 0, 0, 0, 13, 0, 1, 2, 40, 0, 0, D-LinkSwitch
0, 0, 0, 1, 0, 0, 1, 0, 2920, 0, 1, 0, 0, 0, 0, 0, 0, 0, 13, 0, 2, 1, 202, 1, 6.856734802227263, D-LinkSwitch
0, 0, 0, 1, 0, 0, 1, 0, 390, 0, 1, 0, 0, 0, 0, 0, 0, 0, 13, 0, 1, 2, 40, 0, 0, D-LinkSwitch
0, 0, 0, 1, 0, 0, 1, 0, 735, 0, 1, 0, 0, 0, 0, 0, 0, 0, 13, 0, 1, 2, 1064, 1, 7.783742988493355, D-LinkSwitch
0, 0, 0, 1, 0, 0, 1, 0, 8440, 0, 1, 0, 0, 0, 0, 0, 0, 0, 13, 0, 2, 1, 40, 0, 0, D-LinkSwitch
0, 0, 0, 1, 0, 0, 1, 0, 8440, 0, 1, 0, 0, 0, 0, 0, 0, 0, 13, 0, 2, 1, 839, 1, 7.756151222888513, D-LinkSwitch
0, 0, 0, 1, 0, 0, 1, 0, 1080, 0, 1, 0, 0, 0, 0, 0, 0, 0, 13, 0, 1, 2, 40, 0, 0, D-LinkSwitch
0, 0, 0, 1, 0, 0, 1, 0, 390, 0, 1, 0, 0, 0, 0, 0, 0, 0, 13, 0, 1, 2, 40, 0, 0, D-LinkSwitch
0, 0, 0, 1, 0, 0, 1, 0, 2920, 0, 1, 0, 0, 0, 0, 0, 0, 0, 13, 0, 2, 1, 40, 0, 0, D-LinkSwitch
0, 0, 0, 1, 0, 0, 1, 0, 1080, 0, 1, 0, 0, 0, 0, 0, 0, 0, 13, 0, 1, 2, 40, 0, 0, D-LinkSwitch
0, 0, 0, 1, 0, 0, 1, 0, 8440, 0, 1, 0, 0, 0, 0, 0, 0, 0, 13, 0, 2, 1, 40, 0, 0, D-LinkSwitch
0, 0, 0, 1, 0, 0, 1, 0, 390, 0, 1, 0, 0, 0, 0, 0, 0, 0, 13, 0, 1, 2, 40, 0, 0, D-LinkSwitch
0, 0, 0, 1, 0, 0, 1, 0, 2920, 0, 1, 0, 0, 0, 0, 0, 0, 0, 13, 0, 2, 1, 40, 0, 0, D-LinkSwitch
0, 0, 0, 1, 0, 0, 1, 0, 1080, 0, 1, 0, 0, 0, 0, 0, 0, 0, 13, 0, 1, 2, 40, 0, 0, D-LinkSwitch
0, 0, 0, 1, 0, 0, 1, 0, 8440, 0, 1, 0, 0, 0, 0, 0, 0, 0, 13, 0, 2, 1, 40, 0, 0, D-LinkSwitch
0, 0, 0, 1, 0, 0, 1, 0, 390, 0, 1, 0, 0, 0, 0, 0, 0, 0, 13, 0, 1, 2, 40, 0, 0, D-LinkSwitch
0, 0, 0, 1, 0, 0, 1, 0, 2920, 0, 1, 0, 0, 0, 0, 0, 0, 0, 13, 0, 2, 1, 40, 0, 0, D-LinkSwitch
0, 0, 0, 1, 0, 0, 1, 0, 1080, 0, 1, 0, 0, 0, 0, 0, 0, 0, 13, 0, 1, 2, 40, 0, 0, D-LinkSwitch
0, 0, 0, 1, 0, 0, 1, 0, 8440, 0, 1, 0, 0, 0, 0, 0, 0, 0, 13, 0, 2, 1, 40, 0, 0, D-LinkSwitch
0, 0, 0, 1, 0, 0, 1, 0, 390, 0, 1, 0, 0, 0, 0, 0, 0, 0, 13, 0, 1, 2, 40, 0, 0, D-LinkSwitch
1, 0, 0, 0, 0, 0, 0, 0, 0, 0, 0, 0, 0, 0, 0, 0, 0, 0, 13, 0, 0, 0, 0, 0, 0, D-LinkSwitch
0, 0, 0, 1, 0, 0, 1, 0, 2920, 0, 1, 0, 0, 0, 0, 0, 0, 0, 13, 0, 2, 1, 40, 0, 0, D-LinkSwitch
1, 0, 0, 0, 0, 0, 0, 0, 0, 0, 0, 0, 0, 0, 0, 0, 0, 0, 13, 0, 0, 0, 0, 0, 0, D-LinkSwitch
0, 0, 0, 1, 0, 0, 1, 0, 1080, 0, 1, 0, 0, 0, 0, 0, 0, 0, 13, 0, 1, 2, 40, 0, 0, D-LinkSwitch
0, 0, 0, 1, 0, 0, 1, 0, 8440, 0, 1, 0, 0, 0, 0, 0, 0, 0, 13, 0, 2, 1, 40, 0, 0, D-LinkSwitch
0, 0, 0, 1, 0, 0, 1, 0, 390, 0, 1, 0, 0, 0, 0, 0, 0, 0, 13, 0, 1, 2, 40, 0, 0, D-LinkSwitch
0, 0, 0, 1, 0, 0, 1, 0, 2920, 0, 1, 0, 0, 0, 0, 0, 0, 0, 13, 0, 2, 1, 40, 0, 0, D-LinkSwitch
1, 0, 0, 0, 0, 0, 0, 0, 0, 0, 0, 0, 0, 0, 0, 0, 0, 0, 13, 0, 0, 0, 0, 0, 0, D-LinkSwitch
1, 0, 0, 0, 0, 0, 0, 0, 0, 0, 0, 0, 0, 0, 0, 0, 0, 0, 13, 0, 0, 0, 0, 0, 0, D-LinkSwitch
0, 0, 0, 1, 0, 0, 1, 0, 1080, 0, 1, 0, 0, 0, 0, 0, 0, 0, 13, 0, 1, 2, 40, 0, 0, D-LinkSwitch
0, 0, 0, 1, 0, 0, 1, 0, 8440, 0, 1, 0, 0, 0, 0, 0, 0, 0, 13, 0, 2, 1, 40, 0, 0, D-LinkSwitch
0, 0, 0, 1, 0, 0, 1, 0, 390, 0, 1, 0, 0, 0, 0, 0, 0, 0, 13, 0, 1, 2, 40, 0, 0, D-LinkSwitch
0, 0, 0, 1, 0, 0, 1, 0, 2920, 0, 1, 0, 0, 0, 0, 0, 0, 0, 13, 0, 2, 1, 40, 0, 0, D-LinkSwitch
0, 0, 0, 1, 0, 0, 1, 0, 1080, 0, 1, 0, 0, 0, 0, 0, 0, 0, 13, 0, 1, 2, 40, 0, 0, D-LinkSwitch
0, 0, 0, 1, 0, 0, 1, 0, 8440, 0, 1, 0, 0, 0, 0, 0, 0, 0, 13, 0, 2, 1, 40, 0, 0, D-LinkSwitch
