0, 0, 1, 0, 0, 0, 0, 0, 0, 0, 0, 0, 0, 0, 0, 0, 0, 0, 0, 0, 0, 0, 117, 1, 4.12410638652785, D-LinkSensor
0, 0, 1, 0, 0, 0, 0, 0, 0, 0, 0, 0, 0, 0, 0, 0, 0, 0, 0, 0, 0, 0, 95, 1, 1.581263089495637, D-LinkSensor
0, 0, 0, 0, 0, 0, 0, 0, 0, 0, 0, 0, 0, 0, 0, 0, 0, 0, 0, 0, 0, 0, 0, 0, 0, D-LinkSensor
0, 0, 0, 0, 0, 0, 0, 0, 0, 0, 0, 0, 0, 0, 0, 0, 0, 0, 0, 0, 0, 0, 1, 0, 0, D-LinkSensor
0, 0, 0, 1, 0, 0, 0, 1, 0, 0, 0, 1, 1, 0, 0, 0, 0, 0, 1, 0, 1, 1, 333, 0, 0, D-LinkSensor
0, 0, 0, 1, 0, 0, 0, 1, 0, 0, 0, 1, 1, 0, 0, 0, 0, 0, 2, 0, 1, 1, 328, 0, 0, D-LinkSensor
0, 0, 0, 1, 0, 0, 0, 1, 0, 0, 0, 1, 1, 0, 0, 0, 0, 0, 2, 0, 1, 1, 345, 0, 0, D-LinkSensor
0, 0, 0, 1, 0, 0, 0, 1, 0, 0, 0, 1, 1, 0, 0, 0, 0, 0, 2, 0, 1, 1, 334, 0, 0, D-LinkSensor
0, 0, 0, 1, 0, 0, 0, 0, 0, 0, 0, 0, 0, 0, 0, 0, 0, 0, 3, 0, 0, 0, 40, 1, 2.216917186688699, D-LinkSensor
0, 0, 0, 1, 0, 0, 0, 1, 0, 0, 0, 0, 0, 0, 0, 1, 0, 0, 4, 0, 2, 2, 626, 0, 0, D-LinkSensor
0, 0, 0, 1, 0, 0, 0, 1, 0, 0, 0, 0, 0, 0, 0, 1, 0, 0, 4, 0, 2, 2, 200, 0, 0, D-LinkSensor
0, 0, 0, 1, 0, 0, 0, 1, 0, 0, 0, 0, 0, 0, 0, 1, 0, 0, 4, 0, 2, 2, 626, 0, 0, D-LinkSensor
0, 0, 0, 1, 0, 0, 0, 1, 0, 0, 0, 0, 0, 0, 0, 1, 0, 0, 4, 0, 2, 2, 626, 0, 0, D-LinkSensor
0, 0, 0, 1, 0, 0, 0, 1, 0, 0, 0, 0, 0, 0, 0, 1, 0, 0, 4, 0, 2, 2, 590, 0, 0, D-LinkSensor
0, 0, 0, 1, 0, 0, 0, 0, 0, 0, 0, 0, 0, 0, 0, 0, 0, 0, 4, 0, 0, 0, 40, 1, 2.216917186688699, D-LinkSensor
1, 0, 0, 0, 0, 0, 0, 0, 0, 0, 0, 0, 0, 0, 0, 0, 0, 0, 4, 0, 0, 0, 0, 0, 0, D-LinkSensor
1, 0, 0, 0, 0, 0, 0, 0, 0, 0, 0, 0, 0, 0, 0, 0, 0, 0, 4, 0, 0, 0, 0, 0, 0, D-LinkSensor
0, 0, 0, 1, 0, 0, 0, 1, 0, 0, 0, 0, 0, 0, 1, 0, 0, 0, 5, 0, 3, 1, 60, 0, 0, D-LinkSensor
0, 0, 0, 1, 0, 0, 0, 1, 0, 0, 0, 0, 0, 0, 0, 1, 0, 0, 5, 0, 2, 2, 200, 0, 0, D-LinkSensor
0, 0, 0, 1, 0, 0, 0, 1, 0, 0, 0, 0, 0, 0, 1, 0, 0, 0, 5, 0, 1, 3, 381, 0, 0, D-LinkSensor
0, 0, 0, 1, 0, 0, 0, 1, 0, 0, 0, 0, 0, 0, 1, 0, 0, 0, 5, 0, 3, 1, 99, 0, 0, D-LinkSensor
0, 0, 0, 1, 0, 0, 0, 1, 0, 0, 0, 0, 0, 0, 1, 0, 0, 0, 5, 0, 1, 3, 356, 0, 0, D-LinkSensor
0, 0, 0, 1, 0, 0, 0, 1, 0, 0, 0, 0, 0, 0, 1, 0, 0, 0, 5, 0, 3, 1, 60, 0, 0, D-LinkSensor
0, 0, 0, 1, 0, 0, 0, 1, 0, 0, 0, 0, 0, 0, 1, 0, 0, 0, 5, 0, 1, 3, 357, 0, 0, D-LinkSensor
0, 0, 0, 1, 0, 0, 1, 0, 5840, 1, 0, 0, 0, 0, 0, 0, 0, 0, 6, 0, 2, 1, 60, 0, 0, D-LinkSensor
0, 0, 0, 1, 0, 0, 1, 0, 14480, 1, 0, 0, 0, 0, 0, 0, 0, 0, 6, 0, 1, 2, 60, 0, 0, D-LinkSensor
0, 0, 0, 1, 0, 0, 1, 0, 2920, 1, 0, 0, 0, 0, 0, 0, 0, 0, 6, 0, 2, 1, 52, 0, 0, D-LinkSensor
0, 0, 0, 1, 0, 0, 1, 0, 2920, 1, 0, 0, 0, 0, 0, 0, 0, 0, 6, 0, 2, 1, 189, 1, 5.431484411485027, D-LinkSensor
0, 0, 0, 1, 0, 0, 1, 0, 61, 1, 0, 0, 0, 0, 0, 0, 0, 0, 6, 0, 1, 2, 52, 0, 0, D-LinkSensor
0, 0, 0, 1, 0, 0, 1, 0, 61, 1, 0, 0, 0, 0, 0, 0, 0, 0, 6, 0, 1, 2, 711, 1, 5.536204702524687, D-LinkSensor
0, 0, 0, 1, 0, 0, 1, 0, 3579, 1, 0, 0, 0, 0, 0, 0, 0, 0, 6, 0, 2, 1, 52, 0, 0, D-LinkSensor
0, 0, 0, 1, 0, 0, 0, 1, 0, 0, 0, 0, 0, 0, 0, 1, 0, 0, 6, 0, 2, 2, 590, 0, 0, D-LinkSensor
0, 0, 0, 1, 0, 0, 0, 1, 0, 0, 0, 0, 0, 0, 1, 0, 0, 0, 6, 0, 3, 1, 60, 0, 0, D-LinkSensor
0, 0, 0, 1, 0, 0, 0, 1, 0, 0, 0, 0, 0, 0, 1, 0, 0, 0, 6, 0, 1, 3, 298, 0, 0, D-LinkSensor
0, 0, 0, 1, 0, 0, 0, 1, 0, 0, 0, 0, 0, 0, 0, 0, 1, 0, 7, 0, 3, 1, 76, 0, 0, D-LinkSensor
0, 0, 0, 1, 0, 0, 0, 1, 0, 0, 0, 0, 0, 0, 0, 0, 1, 0, 7, 0, 1, 3, 76, 0, 0, D-LinkSensor
0, 0, 0, 0, 0, 0, 0, 0, 0, 0, 0, 0, 0, 0, 0, 0, 0, 0, 7, 0, 0, 0, 1, 0, 0, D-LinkSensor
0, 0, 0, 1, 0, 0, 0, 1, 0, 0, 0, 0, 0, 0, 0, 1, 0, 0, 7, 0, 2, 2, 669, 0, 0, D-LinkSensor
0, 0, 0, 1, 0, 0, 1, 0, 3579, 1, 0, 0, 0, 0, 0, 0, 0, 0, 7, 0, 2, 1, 52, 0, 0, D-LinkSensor
0, 0, 0, 1, 0, 0, 1, 0, 61, 1, 0, 0, 0, 0, 0, 0, 0, 0, 7, 0, 1, 2, 52, 0, 0, D-LinkSensor
0, 0, 0, 1, 0, 0, 1, 0, 3579, 1, 0, 0, 0, 0, 0, 0, 0, 0, 7, 0, 2, 1, 52, 0, 0, D-LinkSensor
0, 0, 0, 1, 0, 0, 0, 1, 0, 0, 0, 0, 0, 0, 0, 1, 0, 0, 7, 0, 2, 2, 364, 0, 0, D-LinkSensor
0, 0, 0, 1, 0, 0, 0, 1, 0, 0, 0, 0, 0, 0, 0, 1, 0, 0, 7, 0, 2, 2, 182, 0, 0, D-LinkSensor
0, 0, 0, 1, 0, 0, 0, 1, 0, 0, 0, 0, 0, 0, 0, 1, 0, 0, 7, 0, 2, 2, 293, 0, 0, D-LinkSensor
0, 0, 0, 1, 0, 0, 0, 0, 0, 0, 0, 0, 0, 0, 0, 0, 0, 0, 7, 0, 0, 0, 40, 1, 2.216917186688699, D-LinkSensor
0, 0, 0, 1, 0, 0, 0, 1, 0, 0, 0, 0, 0, 0, 0, 1, 0, 0, 7, 0, 2, 2, 63, 0, 0, D-LinkSensor
0, 0, 0, 1, 0, 0, 0, 0, 0, 0, 0, 0, 0, 0, 0, 0, 0, 0, 7, 0, 0, 0, 40, 1, 2.216917186688699, D-LinkSensor
0, 0, 0, 1, 0, 0, 0, 1, 0, 0, 0, 0, 0, 0, 0, 1, 0, 0, 7, 0, 2, 2, 317, 0, 0, D-LinkSensor
0, 0, 0, 1, 0, 0, 0, 1, 0, 0, 0, 0, 0, 0, 0, 1, 0, 0, 7, 0, 2, 2, 317, 0, 0, D-LinkSensor
0, 0, 0, 1, 0, 0, 0, 1, 0, 0, 0, 0, 0, 0, 0, 1, 0, 0, 7, 0, 2, 2, 317, 0, 0, D-LinkSensor
0, 0, 0, 1, 0, 0, 0, 1, 0, 0, 0, 0, 0, 0, 0, 1, 0, 0, 7, 0, 2, 2, 163, 0, 0, D-LinkSensor
0, 0, 0, 1, 0, 0, 0, 1, 0, 0, 0, 0, 0, 0, 0, 1, 0, 0, 7, 0, 2, 2, 251, 0, 0, D-LinkSensor
0, 0, 0, 1, 0, 0, 0, 1, 0, 0, 0, 0, 0, 0, 0, 1, 0, 0, 7, 0, 2, 2, 359, 0, 0, D-LinkSensor
0, 0, 0, 1, 0, 0, 0, 1, 0, 0, 0, 0, 0, 0, 0, 1, 0, 0, 7, 0, 2, 2, 359, 0, 0, D-LinkSensor
1, 0, 0, 0, 0, 0, 0, 0, 0, 0, 0, 0, 0, 0, 0, 0, 0, 0, 7, 0, 0, 0, 0, 0, 0, D-LinkSensor
1, 0, 0, 0, 0, 0, 0, 0, 0, 0, 0, 0, 0, 0, 0, 0, 0, 0, 7, 0, 0, 0, 0, 0, 0, D-LinkSensor
0, 0, 0, 1, 0, 0, 0, 1, 0, 0, 0, 0, 0, 0, 0, 1, 0, 0, 7, 0, 2, 2, 359, 0, 0, D-LinkSensor
0, 0, 0, 1, 0, 0, 0, 1, 0, 0, 0, 0, 0, 0, 0, 1, 0, 0, 7, 0, 2, 2, 470, 0, 0, D-LinkSensor
0, 0, 0, 1, 0, 0, 0, 1, 0, 0, 0, 0, 0, 0, 0, 1, 0, 0, 7, 0, 2, 2, 83, 0, 0, D-LinkSensor
0, 0, 0, 1, 0, 0, 0, 1, 0, 0, 0, 0, 0, 0, 0, 1, 0, 0, 7, 0, 2, 2, 157, 0, 0, D-LinkSensor
0, 0, 0, 1, 0, 0, 0, 1, 0, 0, 0, 0, 0, 0, 0, 1, 0, 0, 7, 0, 2, 2, 137, 0, 0, D-LinkSensor
0, 0, 0, 1, 0, 0, 0, 1, 0, 0, 0, 0, 0, 0, 0, 1, 0, 0, 7, 0, 2, 2, 69, 0, 0, D-LinkSensor
0, 0, 0, 1, 0, 0, 0, 1, 0, 0, 0, 0, 0, 0, 0, 1, 0, 0, 7, 0, 2, 2, 470, 0, 0, D-LinkSensor
0, 0, 0, 1, 0, 0, 0, 1, 0, 0, 0, 0, 0, 0, 0, 1, 0, 0, 7, 0, 2, 2, 83, 0, 0, D-LinkSensor
0, 0, 0, 1, 0, 0, 0, 1, 0, 0, 0, 0, 0, 0, 0, 1, 0, 0, 7, 0, 2, 2, 185, 0, 0, D-LinkSensor
0, 0, 0, 1, 0, 0, 0, 1, 0, 0, 0, 0, 0, 0, 0, 1, 0, 0, 7, 0, 2, 2, 169, 0, 0, D-LinkSensor
0, 0, 0, 1, 0, 0, 0, 1, 0, 0, 0, 0, 0, 0, 0, 1, 0, 0, 7, 0, 2, 2, 470, 0, 0, D-LinkSensor
0, 0, 0, 1, 0, 0, 0, 1, 0, 0, 0, 0, 0, 0, 0, 1, 0, 0, 7, 0, 2, 2, 83, 0, 0, D-LinkSensor
0, 0, 0, 1, 0, 0, 0, 0, 0, 0, 0, 0, 0, 0, 0, 0, 0, 0, 7, 0, 0, 0, 40, 1, 2.216917186688699, D-LinkSensor
0, 0, 0, 1, 0, 0, 0, 1, 0, 0, 0, 0, 0, 0, 0, 1, 0, 0, 7, 0, 2, 2, 328, 0, 0, D-LinkSensor
0, 0, 0, 1, 0, 0, 0, 1, 0, 0, 0, 0, 0, 0, 0, 1, 0, 0, 7, 0, 2, 2, 83, 0, 0, D-LinkSensor
0, 0, 0, 1, 0, 0, 0, 1, 0, 0, 0, 0, 0, 0, 0, 1, 0, 0, 7, 0, 2, 2, 328, 0, 0, D-LinkSensor
0, 0, 0, 1, 0, 0, 0, 1, 0, 0, 0, 0, 0, 0, 0, 1, 0, 0, 7, 0, 2, 2, 83, 0, 0, D-LinkSensor
0, 0, 0, 1, 0, 0, 0, 1, 0, 0, 0, 0, 0, 0, 0, 1, 0, 0, 7, 0, 2, 2, 470, 0, 0, D-LinkSensor
0, 0, 0, 1, 0, 0, 0, 1, 0, 0, 0, 0, 0, 0, 0, 1, 0, 0, 7, 0, 2, 2, 83, 0, 0, D-LinkSensor
0, 0, 0, 1, 0, 0, 0, 1, 0, 0, 0, 0, 0, 0, 0, 1, 0, 0, 7, 0, 2, 2, 293, 0, 0, D-LinkSensor
0, 0, 0, 1, 0, 0, 0, 1, 0, 0, 0, 0, 0, 0, 1, 0, 0, 0, 7, 0, 2, 1, 63, 0, 0, D-LinkSensor
0, 0, 0, 1, 0, 0, 0, 1, 0, 0, 0, 0, 0, 0, 1, 0, 0, 0, 7, 0, 1, 2, 391, 0, 0, D-LinkSensor
0, 0, 0, 1, 0, 0, 1, 0, 5840, 0, 1, 0, 0, 0, 0, 0, 0, 0, 8, 0, 2, 1, 60, 0, 0, D-LinkSensor
0, 0, 0, 1, 0, 0, 1, 0, 17898, 0, 1, 0, 0, 0, 0, 0, 0, 0, 8, 0, 1, 2, 60, 0, 0, D-LinkSensor
0, 0, 0, 1, 0, 0, 1, 0, 2920, 0, 1, 0, 0, 0, 0, 0, 0, 0, 8, 0, 2, 1, 52, 0, 0, D-LinkSensor
0, 0, 0, 1, 0, 0, 1, 0, 2920, 0, 1, 0, 0, 0, 0, 0, 0, 0, 8, 0, 2, 1, 259, 1, 4.776893813458373, D-LinkSensor
0, 0, 0, 1, 0, 0, 1, 0, 75, 0, 1, 0, 0, 0, 0, 0, 0, 0, 8, 0, 1, 2, 52, 0, 0, D-LinkSensor
0, 0, 0, 1, 0, 0, 1, 0, 75, 0, 1, 0, 0, 0, 0, 0, 0, 0, 8, 0, 1, 2, 1420, 1, 7.143060355689811, D-LinkSensor
0, 0, 0, 1, 0, 0, 1, 0, 75, 0, 1, 0, 0, 0, 0, 0, 0, 0, 8, 0, 1, 2, 1420, 1, 7.246205454900595, D-LinkSensor
0, 0, 0, 1, 0, 0, 1, 0, 75, 0, 1, 0, 0, 0, 0, 0, 0, 0, 8, 0, 1, 2, 1133, 1, 7.661258611720248, D-LinkSensor
0, 0, 0, 1, 0, 0, 1, 0, 4288, 0, 1, 0, 0, 0, 0, 0, 0, 0, 8, 0, 2, 1, 52, 0, 0, D-LinkSensor
0, 0, 0, 1, 0, 0, 1, 0, 5656, 0, 1, 0, 0, 0, 0, 0, 0, 0, 8, 0, 2, 1, 52, 0, 0, D-LinkSensor
0, 0, 0, 1, 0, 0, 1, 0, 7024, 0, 1, 0, 0, 0, 0, 0, 0, 0, 8, 0, 2, 1, 52, 0, 0, D-LinkSensor
0, 0, 0, 1, 0, 0, 0, 1, 0, 0, 0, 0, 0, 0, 0, 1, 0, 0, 8, 0, 2, 2, 317, 0, 0, D-LinkSensor
0, 0, 0, 1, 0, 0, 1, 0, 7024, 0, 1, 0, 0, 0, 0, 0, 0, 0, 8, 0, 2, 1, 186, 1, 6.414907242948961, D-LinkSensor
0, 0, 0, 1, 0, 0, 1, 0, 79, 0, 1, 0, 0, 0, 0, 0, 0, 0, 8, 0, 1, 2, 286, 1, 6.969368618998866, D-LinkSensor
0, 0, 0, 1, 0, 0, 1, 0, 7024, 0, 1, 0, 0, 0, 0, 0, 0, 0, 8, 0, 2, 1, 52, 0, 0, D-LinkSensor
0, 0, 0, 1, 0, 0, 1, 0, 7024, 0, 1, 0, 0, 0, 0, 0, 0, 0, 8, 0, 2, 1, 574, 1, 7.592906542852993, D-LinkSensor
0, 0, 0, 1, 0, 0, 1, 0, 83, 0, 1, 0, 0, 0, 0, 0, 0, 0, 8, 0, 1, 2, 52, 0, 0, D-LinkSensor
0, 0, 0, 1, 0, 0, 0, 1, 0, 0, 0, 0, 0, 0, 0, 1, 0, 0, 8, 0, 2, 2, 317, 0, 0, D-LinkSensor
0, 0, 0, 1, 0, 0, 1, 0, 83, 0, 1, 0, 0, 0, 0, 0, 0, 0, 8, 0, 1, 2, 601, 1, 7.631658261038044, D-LinkSensor
0, 0, 0, 1, 0, 0, 1, 0, 83, 0, 1, 0, 0, 0, 0, 0, 0, 0, 8, 0, 1, 2, 89, 1, 5.155399311574899, D-LinkSensor
0, 0, 0, 1, 0, 0, 1, 0, 7024, 0, 1, 0, 0, 0, 0, 0, 0, 0, 8, 0, 2, 1, 52, 0, 0, D-LinkSensor
0, 0, 0, 1, 0, 0, 1, 0, 7024, 0, 1, 0, 0, 0, 0, 0, 0, 0, 8, 0, 2, 1, 52, 0, 0, D-LinkSensor
0, 0, 0, 1, 0, 0, 1, 0, 7024, 0, 1, 0, 0, 0, 0, 0, 0, 0, 8, 0, 2, 1, 52, 0, 0, D-LinkSensor
0, 0, 0, 1, 0, 0, 1, 0, 5840, 0, 1, 0, 0, 0, 0, 0, 0, 0, 8, 0, 2, 1, 60, 0, 0, D-LinkSensor
0, 0, 0, 1, 0, 0, 1, 0, 17898, 0, 1, 0, 0, 0, 0, 0, 0, 0, 8, 0, 1, 2, 60, 0, 0, D-LinkSensor
0, 0, 0, 1, 0, 0, 1, 0, 2920, 0, 1, 0, 0, 0, 0, 0, 0, 0, 8, 0, 2, 1, 52, 0, 0, D-LinkSensor
0, 0, 0, 1, 0, 0, 0, 1, 0, 0, 0, 0, 0, 0, 0, 1, 0, 0, 8, 0, 2, 2, 317, 0, 0, D-LinkSensor
0, 0, 0, 1, 0, 0, 1, 0, 2920, 0, 1, 0, 0, 0, 0, 0, 0, 0, 8, 0, 2, 1, 259, 1, 4.739336144323989, D-LinkSensor
0, 0, 0, 1, 0, 0, 1, 0, 75, 0, 1, 0, 0, 0, 0, 0, 0, 0, 8, 0, 1, 2, 52, 0, 0, D-LinkSensor
0, 0, 0, 1, 0, 0, 1, 0, 75, 0, 1, 0, 0, 0, 0, 0, 0, 0, 8, 0, 1, 2, 1420, 1, 7.148681302840242, D-LinkSensor
0, 0, 0, 1, 0, 0, 1, 0, 75, 0, 1, 0, 0, 0, 0, 0, 0, 0, 8, 0, 1, 2, 1420, 1, 7.246205454900595, D-LinkSensor
0, 0, 0, 1, 0, 0, 1, 0, 75, 0, 1, 0, 0, 0, 0, 0, 0, 0, 8, 0, 1, 2, 1133, 1, 7.646880159187378, D-LinkSensor
0, 0, 0, 1, 0, 0, 1, 0, 4288, 0, 1, 0, 0, 0, 0, 0, 0, 0, 8, 0, 2, 1, 52, 0, 0, D-LinkSensor
0, 0, 0, 1, 0, 0, 1, 0, 5656, 0, 1, 0, 0, 0, 0, 0, 0, 0, 8, 0, 2, 1, 52, 0, 0, D-LinkSensor
0, 0, 0, 1, 0, 0, 1, 0, 7024, 0, 1, 0, 0, 0, 0, 0, 0, 0, 8, 0, 2, 1, 52, 0, 0, D-LinkSensor
0, 0, 0, 1, 0, 0, 0, 1, 0, 0, 0, 0, 0, 0, 0, 1, 0, 0, 8, 0, 2, 2, 213, 0, 0, D-LinkSensor
0, 0, 0, 1, 0, 0, 0, 1, 0, 0, 0, 0, 0, 0, 0, 1, 0, 0, 8, 0, 2, 2, 141, 0, 0, D-LinkSensor
0, 0, 0, 1, 0, 0, 1, 0, 7024, 0, 1, 0, 0, 0, 0, 0, 0, 0, 8, 0, 2, 1, 186, 1, 6.397068739026846, D-LinkSensor
0, 0, 0, 1, 0, 0, 1, 0, 79, 0, 1, 0, 0, 0, 0, 0, 0, 0, 8, 0, 1, 2, 286, 1, 7.0895521790690115, D-LinkSensor
0, 0, 0, 1, 0, 0, 1, 0, 7024, 0, 1, 0, 0, 0, 0, 0, 0, 0, 8, 0, 2, 1, 52, 0, 0, D-LinkSensor
0, 0, 0, 1, 0, 0, 1, 0, 7024, 0, 1, 0, 0, 0, 0, 0, 0, 0, 8, 0, 2, 1, 574, 1, 7.577901832123183, D-LinkSensor
0, 0, 0, 1, 0, 0, 1, 0, 83, 0, 1, 0, 0, 0, 0, 0, 0, 0, 8, 0, 1, 2, 52, 0, 0, D-LinkSensor
0, 0, 0, 1, 0, 0, 1, 0, 7024, 0, 1, 0, 0, 0, 0, 0, 0, 0, 8, 0, 2, 1, 782, 1, 7.718744492428483, D-LinkSensor
0, 0, 0, 1, 0, 0, 1, 0, 89, 0, 1, 0, 0, 0, 0, 0, 0, 0, 8, 0, 1, 2, 52, 0, 0, D-LinkSensor
0, 0, 0, 1, 0, 0, 0, 1, 0, 0, 0, 0, 0, 0, 0, 1, 0, 0, 8, 0, 2, 2, 359, 0, 0, D-LinkSensor
0, 0, 0, 1, 0, 0, 0, 1, 0, 0, 0, 0, 0, 0, 1, 0, 0, 0, 8, 0, 2, 1, 60, 0, 0, D-LinkSensor
0, 0, 0, 1, 0, 0, 0, 1, 0, 0, 0, 0, 0, 0, 1, 0, 0, 0, 8, 0, 1, 2, 92, 0, 0, D-LinkSensor
0, 0, 0, 1, 0, 0, 0, 1, 0, 0, 0, 0, 0, 0, 0, 0, 1, 0, 9, 0, 2, 1, 76, 0, 0, D-LinkSensor
0, 0, 0, 1, 0, 0, 0, 1, 0, 0, 0, 0, 0, 0, 0, 1, 0, 0, 9, 0, 2, 2, 359, 0, 0, D-LinkSensor
0, 0, 0, 1, 0, 0, 0, 1, 0, 0, 0, 0, 0, 0, 0, 0, 1, 0, 9, 0, 1, 2, 76, 0, 0, D-LinkSensor
0, 0, 0, 1, 0, 0, 1, 0, 89, 0, 1, 0, 0, 0, 0, 0, 0, 0, 9, 0, 1, 2, 649, 1, 7.686724828529297, D-LinkSensor
0, 0, 0, 1, 0, 0, 1, 0, 7024, 0, 1, 0, 0, 0, 0, 0, 0, 0, 9, 0, 2, 1, 52, 0, 0, D-LinkSensor
0, 0, 0, 1, 0, 0, 1, 0, 7024, 0, 1, 0, 0, 0, 0, 0, 0, 0, 9, 0, 2, 1, 52, 0, 0, D-LinkSensor
0, 0, 0, 1, 0, 0, 1, 0, 89, 0, 1, 0, 0, 0, 0, 0, 0, 0, 9, 0, 1, 2, 89, 1, 5.047291203466791, D-LinkSensor
0, 0, 0, 1, 0, 0, 1, 0, 89, 0, 1, 0, 0, 0, 0, 0, 0, 0, 9, 0, 1, 2, 52, 0, 0, D-LinkSensor
0, 0, 0, 1, 0, 0, 1, 0, 0, 0, 1, 0, 0, 0, 0, 0, 0, 0, 9, 0, 2, 1, 40, 0, 0, D-LinkSensor
0, 0, 0, 1, 0, 0, 1, 0, 0, 0, 1, 0, 0, 0, 0, 0, 0, 0, 9, 0, 2, 1, 40, 0, 0, D-LinkSensor
0, 0, 0, 1, 0, 0, 1, 0, 5840, 0, 1, 0, 0, 0, 0, 0, 0, 0, 9, 0, 2, 1, 60, 0, 0, D-LinkSensor
0, 0, 0, 1, 0, 0, 1, 0, 17898, 0, 1, 0, 0, 0, 0, 0, 0, 0, 9, 0, 1, 2, 60, 0, 0, D-LinkSensor
0, 0, 0, 1, 0, 0, 1, 0, 2920, 0, 1, 0, 0, 0, 0, 0, 0, 0, 9, 0, 2, 1, 52, 0, 0, D-LinkSensor
0, 0, 0, 1, 0, 0, 1, 0, 2920, 0, 1, 0, 0, 0, 0, 0, 0, 0, 9, 0, 2, 1, 259, 1, 4.753923342433429, D-LinkSensor
0, 0, 0, 1, 0, 0, 1, 0, 75, 0, 1, 0, 0, 0, 0, 0, 0, 0, 9, 0, 1, 2, 52, 0, 0, D-LinkSensor
0, 0, 0, 1, 0, 0, 1, 0, 75, 0, 1, 0, 0, 0, 0, 0, 0, 0, 9, 0, 1, 2, 1420, 1, 7.149008939950997, D-LinkSensor
0, 0, 0, 1, 0, 0, 1, 0, 75, 0, 1, 0, 0, 0, 0, 0, 0, 0, 9, 0, 1, 2, 1420, 1, 7.246205454900595, D-LinkSensor
0, 0, 0, 1, 0, 0, 1, 0, 75, 0, 1, 0, 0, 0, 0, 0, 0, 0, 9, 0, 1, 2, 1133, 1, 7.644211930107472, D-LinkSensor
0, 0, 0, 1, 0, 0, 1, 0, 4288, 0, 1, 0, 0, 0, 0, 0, 0, 0, 9, 0, 2, 1, 52, 0, 0, D-LinkSensor
0, 0, 0, 1, 0, 0, 1, 0, 5656, 0, 1, 0, 0, 0, 0, 0, 0, 0, 9, 0, 2, 1, 52, 0, 0, D-LinkSensor
0, 0, 0, 1, 0, 0, 1, 0, 7024, 0, 1, 0, 0, 0, 0, 0, 0, 0, 9, 0, 2, 1, 52, 0, 0, D-LinkSensor
0, 0, 0, 1, 0, 0, 0, 1, 0, 0, 0, 0, 0, 0, 0, 1, 0, 0, 9, 0, 2, 2, 359, 0, 0, D-LinkSensor
0, 0, 0, 1, 0, 0, 1, 0, 7024, 0, 1, 0, 0, 0, 0, 0, 0, 0, 9, 0, 2, 1, 186, 1, 6.446733082549634, D-LinkSensor
0, 0, 0, 1, 0, 0, 1, 0, 79, 0, 1, 0, 0, 0, 0, 0, 0, 0, 9, 0, 1, 2, 286, 1, 6.995973586901359, D-LinkSensor
0, 0, 0, 1, 0, 0, 1, 0, 7024, 0, 1, 0, 0, 0, 0, 0, 0, 0, 9, 0, 2, 1, 52, 0, 0, D-LinkSensor
0, 0, 0, 1, 0, 0, 0, 1, 0, 0, 0, 0, 0, 0, 0, 1, 0, 0, 9, 0, 2, 2, 470, 0, 0, D-LinkSensor
0, 0, 0, 1, 0, 0, 0, 1, 0, 0, 0, 0, 0, 0, 0, 1, 0, 0, 9, 0, 2, 2, 83, 0, 0, D-LinkSensor
0, 0, 0, 1, 0, 0, 1, 0, 7024, 0, 1, 0, 0, 0, 0, 0, 0, 0, 9, 0, 2, 1, 446, 1, 7.501940098846789, D-LinkSensor
0, 0, 0, 1, 0, 0, 1, 0, 83, 0, 1, 0, 0, 0, 0, 0, 0, 0, 9, 0, 1, 2, 52, 0, 0, D-LinkSensor
0, 0, 0, 1, 0, 0, 0, 1, 0, 0, 0, 0, 0, 0, 0, 1, 0, 0, 9, 0, 2, 2, 233, 0, 0, D-LinkSensor
0, 0, 0, 1, 0, 0, 0, 1, 0, 0, 0, 0, 0, 0, 0, 1, 0, 0, 9, 0, 2, 2, 69, 0, 0, D-LinkSensor
0, 0, 0, 1, 0, 0, 0, 1, 0, 0, 0, 0, 0, 0, 1, 0, 0, 0, 9, 0, 2, 1, 66, 0, 0, D-LinkSensor
0, 0, 0, 1, 0, 0, 1, 0, 83, 0, 1, 0, 0, 0, 0, 0, 0, 0, 9, 0, 1, 2, 457, 1, 7.454334635075939, D-LinkSensor
0, 0, 0, 1, 0, 0, 1, 0, 83, 0, 1, 0, 0, 0, 0, 0, 0, 0, 9, 0, 1, 2, 89, 1, 5.101345257520846, D-LinkSensor
0, 0, 0, 1, 0, 0, 1, 0, 7024, 0, 1, 0, 0, 0, 0, 0, 0, 0, 9, 0, 2, 1, 52, 0, 0, D-LinkSensor
0, 0, 0, 1, 0, 0, 1, 0, 7024, 0, 1, 0, 0, 0, 0, 0, 0, 0, 9, 0, 2, 1, 52, 0, 0, D-LinkSensor
0, 0, 0, 1, 0, 0, 0, 1, 0, 0, 0, 0, 0, 0, 1, 0, 0, 0, 9, 0, 3, 1, 65, 0, 0, D-LinkSensor
0, 0, 0, 1, 0, 0, 0, 1, 0, 0, 0, 0, 0, 0, 1, 0, 0, 0, 9, 0, 1, 3, 81, 0, 0, D-LinkSensor
0, 0, 0, 1, 0, 0, 1, 0, 5840, 0, 1, 0, 0, 0, 0, 0, 0, 0, 10, 0, 3, 1, 60, 0, 0, D-LinkSensor
0, 0, 0, 1, 0, 0, 1, 0, 2048, 0, 1, 0, 0, 0, 0, 0, 0, 0, 10, 0, 1, 3, 52, 0, 0, D-LinkSensor
0, 0, 0, 1, 0, 0, 1, 0, 2920, 0, 1, 0, 0, 0, 0, 0, 0, 0, 10, 0, 3, 1, 40, 0, 0, D-LinkSensor
0, 0, 0, 1, 0, 0, 0, 1, 0, 0, 0, 0, 0, 0, 1, 0, 0, 0, 10, 0, 1, 2, 199, 0, 0, D-LinkSensor
0, 0, 0, 1, 0, 0, 0, 1, 0, 0, 0, 0, 0, 0, 1, 0, 0, 0, 10, 0, 3, 1, 90, 0, 0, D-LinkSensor
0, 0, 0, 1, 0, 0, 0, 1, 0, 0, 0, 0, 0, 0, 1, 0, 0, 0, 10, 0, 1, 3, 90, 0, 0, D-LinkSensor
0, 0, 0, 1, 0, 0, 0, 1, 0, 0, 0, 0, 0, 0, 1, 0, 0, 0, 10, 0, 2, 1, 66, 0, 0, D-LinkSensor
0, 0, 0, 1, 0, 0, 1, 0, 2920, 0, 1, 0, 0, 0, 0, 0, 0, 0, 10, 0, 3, 1, 247, 1, 4.708093934616896, D-LinkSensor
0, 0, 0, 1, 0, 0, 1, 0, 390, 0, 1, 0, 0, 0, 0, 0, 0, 0, 10, 0, 1, 3, 40, 0, 0, D-LinkSensor
0, 0, 0, 1, 0, 0, 1, 0, 390, 0, 1, 0, 0, 0, 0, 0, 0, 0, 10, 0, 1, 3, 98, 1, 4.8915370674549825, D-LinkSensor
0, 0, 0, 1, 0, 0, 1, 0, 390, 0, 1, 0, 0, 0, 0, 0, 0, 0, 10, 0, 1, 3, 1420, 1, 7.214506932345419, D-LinkSensor
0, 0, 0, 1, 0, 0, 1, 0, 390, 0, 1, 0, 0, 0, 0, 0, 0, 0, 10, 0, 1, 3, 1420, 1, 7.1070261665549275, D-LinkSensor
0, 0, 0, 1, 0, 0, 1, 0, 390, 0, 1, 0, 0, 0, 0, 0, 0, 0, 10, 0, 1, 3, 686, 1, 7.530092497800246, D-LinkSensor
0, 0, 0, 1, 0, 0, 1, 0, 2920, 0, 1, 0, 0, 0, 0, 0, 0, 0, 10, 0, 3, 1, 40, 0, 0, D-LinkSensor
0, 0, 0, 1, 0, 0, 1, 0, 4300, 0, 1, 0, 0, 0, 0, 0, 0, 0, 10, 0, 3, 1, 40, 0, 0, D-LinkSensor
0, 0, 0, 1, 0, 0, 1, 0, 5680, 0, 1, 0, 0, 0, 0, 0, 0, 0, 10, 0, 3, 1, 40, 0, 0, D-LinkSensor
0, 0, 0, 1, 0, 0, 1, 0, 5680, 0, 1, 0, 0, 0, 0, 0, 0, 0, 10, 0, 3, 1, 40, 0, 0, D-LinkSensor
0, 0, 0, 1, 0, 0, 1, 0, 390, 0, 1, 0, 0, 0, 0, 0, 0, 0, 10, 0, 1, 3, 376, 1, 7.34899640507144, D-LinkSensor
0, 0, 0, 1, 0, 0, 1, 0, 390, 0, 1, 0, 0, 0, 0, 0, 0, 0, 10, 0, 1, 3, 49, 1, 2.2810361125534233, D-LinkSensor
0, 0, 0, 1, 0, 0, 1, 0, 5680, 0, 1, 0, 0, 0, 0, 0, 0, 0, 10, 0, 3, 1, 40, 0, 0, D-LinkSensor
0, 0, 0, 1, 0, 0, 1, 0, 5680, 0, 1, 0, 0, 0, 0, 0, 0, 0, 10, 0, 3, 1, 40, 0, 0, D-LinkSensor
0, 0, 0, 1, 0, 0, 0, 1, 0, 0, 0, 0, 0, 0, 1, 0, 0, 0, 10, 0, 1, 2, 354, 0, 0, D-LinkSensor
0, 0, 0, 1, 0, 0, 1, 0, 5840, 1, 0, 0, 0, 0, 0, 0, 0, 0, 11, 0, 2, 1, 60, 0, 0, D-LinkSensor
0, 0, 0, 1, 0, 0, 1, 0, 5680, 0, 1, 0, 0, 0, 0, 0, 0, 0, 11, 0, 3, 1, 174, 1, 6.295311485120878, D-LinkSensor
0, 0, 0, 1, 0, 0, 1, 0, 390, 0, 1, 0, 0, 0, 0, 0, 0, 0, 11, 0, 1, 3, 159, 1, 6.247594653991524, D-LinkSensor
0, 0, 0, 1, 0, 0, 1, 0, 390, 0, 1, 0, 0, 0, 0, 0, 0, 0, 11, 0, 1, 3, 46, 1, 1.7924812503605778, D-LinkSensor
0, 0, 0, 1, 0, 0, 1, 0, 390, 0, 1, 0, 0, 0, 0, 0, 0, 0, 11, 0, 1, 3, 93, 1, 5.57697705833678, D-LinkSensor
0, 0, 0, 1, 0, 0, 1, 0, 390, 0, 1, 0, 0, 0, 0, 0, 0, 0, 11, 0, 1, 3, 93, 1, 5.57697705833678, D-LinkSensor
0, 0, 0, 1, 0, 0, 1, 0, 5680, 0, 1, 0, 0, 0, 0, 0, 0, 0, 11, 0, 3, 1, 52, 0, 0, D-LinkSensor
0, 0, 0, 1, 0, 0, 1, 0, 7024, 0, 1, 0, 0, 0, 0, 0, 0, 0, 11, 0, 2, 1, 52, 0, 0, D-LinkSensor
0, 0, 0, 1, 0, 0, 1, 0, 5680, 0, 1, 0, 0, 0, 0, 0, 0, 0, 11, 0, 3, 1, 242, 1, 6.969802324207412, D-LinkSensor
0, 0, 0, 1, 0, 0, 1, 0, 17898, 1, 0, 0, 0, 0, 0, 0, 0, 0, 11, 0, 1, 2, 60, 0, 0, D-LinkSensor
0, 0, 0, 1, 0, 0, 1, 0, 2920, 1, 0, 0, 0, 0, 0, 0, 0, 0, 11, 0, 2, 1, 52, 0, 0, D-LinkSensor
0, 0, 0, 1, 0, 0, 1, 0, 2920, 1, 0, 0, 0, 0, 0, 0, 0, 0, 11, 0, 2, 1, 213, 1, 5.273856398704572, D-LinkSensor
0, 0, 0, 1, 0, 0, 1, 0, 390, 0, 1, 0, 0, 0, 0, 0, 0, 0, 11, 0, 1, 3, 40, 0, 0, D-LinkSensor
0, 0, 0, 1, 0, 0, 0, 1, 0, 0, 0, 0, 0, 0, 0, 1, 0, 0, 11, 0, 2, 2, 470, 0, 0, D-LinkSensor
0, 0, 0, 1, 0, 0, 1, 0, 75, 1, 0, 0, 0, 0, 0, 0, 0, 0, 11, 0, 1, 2, 52, 0, 0, D-LinkSensor
0, 0, 0, 1, 0, 0, 0, 1, 0, 0, 0, 0, 0, 0, 0, 1, 0, 0, 11, 0, 2, 2, 83, 0, 0, D-LinkSensor
0, 0, 0, 1, 0, 0, 1, 0, 75, 1, 0, 0, 0, 0, 0, 0, 0, 0, 11, 0, 1, 2, 253, 1, 5.256296811508336, D-LinkSensor
0, 0, 0, 1, 0, 0, 1, 0, 75, 1, 0, 0, 0, 0, 0, 0, 0, 0, 11, 0, 1, 2, 52, 0, 0, D-LinkSensor
0, 0, 0, 1, 0, 0, 1, 0, 2920, 1, 0, 0, 0, 0, 0, 0, 0, 0, 11, 0, 2, 1, 52, 0, 0, D-LinkSensor
0, 0, 0, 1, 0, 0, 1, 0, 2920, 1, 0, 0, 0, 0, 0, 0, 0, 0, 11, 0, 2, 1, 52, 0, 0, D-LinkSensor
0, 0, 0, 1, 0, 0, 1, 0, 2920, 1, 0, 0, 0, 0, 0, 0, 0, 0, 11, 0, 2, 1, 52, 0, 0, D-LinkSensor
0, 0, 0, 1, 0, 0, 1, 0, 75, 1, 0, 0, 0, 0, 0, 0, 0, 0, 11, 0, 1, 2, 52, 0, 0, D-LinkSensor
0, 0, 0, 1, 0, 0, 0, 1, 0, 0, 0, 0, 0, 0, 0, 1, 0, 0, 11, 0, 2, 2, 321, 0, 0, D-LinkSensor
0, 0, 0, 1, 0, 0, 0, 1, 0, 0, 0, 0, 0, 0, 0, 1, 0, 0, 11, 0, 2, 2, 83, 0, 0, D-LinkSensor
0, 0, 0, 1, 0, 0, 0, 1, 0, 0, 0, 0, 0, 0, 0, 1, 0, 0, 11, 0, 2, 2, 182, 0, 0, D-LinkSensor
0, 0, 0, 1, 0, 0, 0, 1, 0, 0, 0, 0, 0, 0, 0, 1, 0, 0, 11, 0, 2, 2, 293, 0, 0, D-LinkSensor
0, 0, 0, 1, 0, 0, 1, 0, 390, 0, 1, 0, 0, 0, 0, 0, 0, 0, 11, 0, 1, 3, 77, 1, 5.1553993115749, D-LinkSensor
0, 0, 0, 1, 0, 0, 1, 0, 390, 0, 1, 0, 0, 0, 0, 0, 0, 0, 11, 0, 1, 3, 1101, 1, 7.820064047564216, D-LinkSensor
0, 0, 0, 1, 0, 0, 1, 0, 5680, 0, 1, 0, 0, 0, 0, 0, 0, 0, 11, 0, 3, 1, 40, 0, 0, D-LinkSensor
0, 0, 0, 1, 0, 0, 1, 0, 7060, 0, 1, 0, 0, 0, 0, 0, 0, 0, 11, 0, 3, 1, 40, 0, 0, D-LinkSensor
0, 0, 0, 1, 0, 0, 1, 0, 5840, 0, 1, 0, 0, 0, 0, 0, 0, 0, 11, 0, 3, 1, 60, 0, 0, D-LinkSensor
0, 0, 0, 1, 0, 0, 1, 0, 2048, 0, 1, 0, 0, 0, 0, 0, 0, 0, 11, 0, 1, 3, 52, 0, 0, D-LinkSensor
0, 0, 0, 1, 0, 0, 1, 0, 2920, 0, 1, 0, 0, 0, 0, 0, 0, 0, 11, 0, 3, 1, 40, 0, 0, D-LinkSensor
0, 0, 0, 1, 0, 0, 0, 1, 0, 0, 0, 0, 0, 0, 1, 0, 0, 0, 11, 0, 2, 1, 63, 0, 0, D-LinkSensor
0, 0, 0, 1, 0, 0, 1, 0, 2920, 0, 1, 0, 0, 0, 0, 0, 0, 0, 11, 0, 3, 1, 247, 1, 4.72208715660839, D-LinkSensor
0, 0, 0, 1, 0, 0, 1, 0, 390, 0, 1, 0, 0, 0, 0, 0, 0, 0, 11, 0, 1, 3, 40, 0, 0, D-LinkSensor
0, 0, 0, 1, 0, 0, 1, 0, 390, 0, 1, 0, 0, 0, 0, 0, 0, 0, 11, 0, 1, 3, 98, 1, 4.898267404102623, D-LinkSensor
0, 0, 0, 1, 0, 0, 1, 0, 390, 0, 1, 0, 0, 0, 0, 0, 0, 0, 11, 0, 1, 3, 1420, 1, 7.214506932345419, D-LinkSensor
0, 0, 0, 1, 0, 0, 1, 0, 390, 0, 1, 0, 0, 0, 0, 0, 0, 0, 11, 0, 1, 3, 1420, 1, 7.1070261665549275, D-LinkSensor
0, 0, 0, 1, 0, 0, 1, 0, 390, 0, 1, 0, 0, 0, 0, 0, 0, 0, 11, 0, 1, 3, 686, 1, 7.530092497800246, D-LinkSensor
0, 0, 0, 1, 0, 0, 1, 0, 2920, 0, 1, 0, 0, 0, 0, 0, 0, 0, 11, 0, 3, 1, 40, 0, 0, D-LinkSensor
0, 0, 0, 1, 0, 0, 1, 0, 4300, 0, 1, 0, 0, 0, 0, 0, 0, 0, 11, 0, 3, 1, 40, 0, 0, D-LinkSensor
0, 0, 0, 1, 0, 0, 1, 0, 5680, 0, 1, 0, 0, 0, 0, 0, 0, 0, 11, 0, 3, 1, 40, 0, 0, D-LinkSensor
0, 0, 0, 1, 0, 0, 1, 0, 5680, 0, 1, 0, 0, 0, 0, 0, 0, 0, 11, 0, 3, 1, 40, 0, 0, D-LinkSensor
0, 0, 0, 1, 0, 0, 1, 0, 390, 0, 1, 0, 0, 0, 0, 0, 0, 0, 11, 0, 1, 3, 376, 1, 7.301184108743255, D-LinkSensor
0, 0, 0, 1, 0, 0, 1, 0, 390, 0, 1, 0, 0, 0, 0, 0, 0, 0, 11, 0, 1, 3, 49, 1, 2.2810361125534233, D-LinkSensor
0, 0, 0, 1, 0, 0, 1, 0, 5680, 0, 1, 0, 0, 0, 0, 0, 0, 0, 11, 0, 3, 1, 40, 0, 0, D-LinkSensor
0, 0, 0, 1, 0, 0, 1, 0, 5680, 0, 1, 0, 0, 0, 0, 0, 0, 0, 11, 0, 3, 1, 40, 0, 0, D-LinkSensor
0, 0, 0, 1, 0, 0, 0, 1, 0, 0, 0, 0, 0, 0, 1, 0, 0, 0, 11, 0, 1, 2, 210, 0, 0, D-LinkSensor
0, 0, 0, 1, 0, 0, 0, 1, 0, 0, 0, 0, 0, 0, 1, 0, 0, 0, 11, 0, 2, 1, 98, 0, 0, D-LinkSensor
0, 0, 0, 1, 0, 0, 0, 1, 0, 0, 0, 0, 0, 0, 1, 0, 0, 0, 11, 0, 1, 2, 98, 0, 0, D-LinkSensor
0, 0, 0, 1, 0, 0, 0, 1, 0, 0, 0, 0, 0, 0, 1, 0, 0, 0, 11, 0, 3, 1, 63, 0, 0, D-LinkSensor
0, 0, 0, 1, 0, 0, 0, 1, 0, 0, 0, 0, 0, 0, 1, 0, 0, 0, 11, 0, 1, 3, 193, 0, 0, D-LinkSensor
0, 0, 0, 1, 0, 0, 1, 0, 5840, 1, 0, 0, 0, 0, 0, 0, 0, 0, 11, 0, 3, 1, 60, 0, 0, D-LinkSensor
0, 0, 0, 1, 0, 0, 1, 0, 17898, 1, 0, 0, 0, 0, 0, 0, 0, 0, 11, 0, 1, 3, 60, 0, 0, D-LinkSensor
0, 0, 0, 1, 0, 0, 1, 0, 2920, 1, 0, 0, 0, 0, 0, 0, 0, 0, 11, 0, 3, 1, 52, 0, 0, D-LinkSensor
0, 0, 0, 1, 0, 0, 1, 0, 2920, 1, 0, 0, 0, 0, 0, 0, 0, 0, 11, 0, 3, 1, 314, 1, 5.84811959626228, D-LinkSensor
0, 0, 0, 1, 0, 0, 1, 0, 75, 1, 0, 0, 0, 0, 0, 0, 0, 0, 11, 0, 1, 3, 52, 0, 0, D-LinkSensor
0, 0, 0, 1, 0, 0, 1, 0, 5680, 0, 1, 0, 0, 0, 0, 0, 0, 0, 11, 0, 3, 1, 174, 1, 6.458000060193864, D-LinkSensor
0, 0, 0, 1, 0, 0, 1, 0, 390, 0, 1, 0, 0, 0, 0, 0, 0, 0, 11, 0, 1, 3, 159, 1, 6.377928897725364, D-LinkSensor
0, 0, 0, 1, 0, 0, 1, 0, 390, 0, 1, 0, 0, 0, 0, 0, 0, 0, 11, 0, 1, 3, 46, 1, 1.7924812503605778, D-LinkSensor
0, 0, 0, 1, 0, 0, 1, 0, 390, 0, 1, 0, 0, 0, 0, 0, 0, 0, 11, 0, 1, 3, 93, 1, 5.524998048861998, D-LinkSensor
0, 0, 0, 1, 0, 0, 1, 0, 390, 0, 1, 0, 0, 0, 0, 0, 0, 0, 11, 0, 1, 3, 93, 1, 5.524998048861998, D-LinkSensor
0, 0, 0, 1, 0, 0, 1, 0, 5680, 0, 1, 0, 0, 0, 0, 0, 0, 0, 11, 0, 3, 1, 52, 0, 0, D-LinkSensor
0, 0, 0, 1, 0, 0, 1, 0, 5680, 0, 1, 0, 0, 0, 0, 0, 0, 0, 11, 0, 3, 1, 242, 1, 6.950000344009392, D-LinkSensor
0, 0, 0, 1, 0, 0, 1, 0, 390, 0, 1, 0, 0, 0, 0, 0, 0, 0, 11, 0, 1, 3, 40, 0, 0, D-LinkSensor
0, 0, 0, 1, 0, 0, 1, 0, 75, 1, 0, 0, 0, 0, 0, 0, 0, 0, 11, 0, 1, 3, 540, 1, 6.001504397017573, D-LinkSensor
0, 0, 0, 1, 0, 0, 1, 0, 75, 1, 0, 0, 0, 0, 0, 0, 0, 0, 11, 0, 1, 3, 52, 0, 0, D-LinkSensor
0, 0, 0, 1, 0, 0, 1, 0, 3456, 1, 0, 0, 0, 0, 0, 0, 0, 0, 11, 0, 3, 1, 52, 0, 0, D-LinkSensor
0, 0, 0, 1, 0, 0, 1, 0, 3456, 1, 0, 0, 0, 0, 0, 0, 0, 0, 11, 0, 3, 1, 52, 0, 0, D-LinkSensor
0, 0, 0, 1, 0, 0, 1, 0, 3456, 1, 0, 0, 0, 0, 0, 0, 0, 0, 11, 0, 3, 1, 52, 0, 0, D-LinkSensor
0, 0, 0, 1, 0, 0, 1, 0, 75, 1, 0, 0, 0, 0, 0, 0, 0, 0, 11, 0, 1, 3, 52, 0, 0, D-LinkSensor
0, 0, 0, 1, 0, 0, 1, 0, 7060, 0, 1, 0, 0, 0, 0, 0, 0, 0, 11, 0, 3, 1, 1106, 1, 7.776051082093393, D-LinkSensor
0, 0, 0, 1, 0, 0, 1, 0, 657, 0, 1, 0, 0, 0, 0, 0, 0, 0, 11, 0, 1, 3, 40, 0, 0, D-LinkSensor
0, 0, 0, 1, 0, 0, 0, 1, 0, 0, 0, 0, 0, 0, 0, 1, 0, 0, 11, 0, 2, 2, 317, 0, 0, D-LinkSensor
0, 0, 0, 1, 0, 0, 0, 1, 0, 0, 0, 0, 0, 0, 0, 1, 0, 0, 11, 0, 2, 2, 317, 0, 0, D-LinkSensor
0, 0, 0, 1, 0, 0, 0, 1, 0, 0, 0, 0, 0, 0, 0, 1, 0, 0, 11, 0, 2, 2, 317, 0, 0, D-LinkSensor
0, 0, 0, 1, 0, 0, 0, 1, 0, 0, 0, 0, 0, 0, 1, 0, 0, 0, 11, 0, 3, 1, 72, 0, 0, D-LinkSensor
0, 0, 0, 1, 0, 0, 0, 1, 0, 0, 0, 0, 0, 0, 1, 0, 0, 0, 11, 0, 1, 3, 72, 0, 0, D-LinkSensor
0, 0, 0, 1, 0, 0, 0, 1, 0, 0, 0, 0, 0, 0, 1, 0, 0, 0, 11, 0, 2, 1, 72, 0, 0, D-LinkSensor
0, 0, 0, 1, 0, 0, 0, 1, 0, 0, 0, 0, 0, 0, 0, 1, 0, 0, 11, 0, 2, 2, 293, 0, 0, D-LinkSensor
0, 0, 0, 1, 0, 0, 0, 1, 0, 0, 0, 0, 0, 0, 1, 0, 0, 0, 11, 0, 1, 2, 289, 0, 0, D-LinkSensor
0, 0, 0, 1, 0, 0, 1, 0, 5840, 1, 0, 0, 0, 0, 0, 0, 0, 0, 12, 0, 2, 1, 60, 0, 0, D-LinkSensor
0, 0, 0, 1, 0, 0, 0, 1, 0, 0, 0, 0, 0, 0, 0, 1, 0, 0, 12, 0, 2, 2, 361, 0, 0, D-LinkSensor
0, 0, 0, 1, 0, 0, 1, 0, 5840, 1, 0, 0, 0, 0, 0, 0, 0, 0, 12, 0, 1, 2, 52, 0, 0, D-LinkSensor
0, 0, 0, 1, 0, 0, 1, 0, 2920, 1, 0, 0, 0, 0, 0, 0, 0, 0, 12, 0, 2, 1, 40, 0, 0, D-LinkSensor
0, 0, 0, 1, 0, 0, 1, 0, 2920, 1, 0, 0, 0, 0, 0, 0, 0, 0, 12, 0, 2, 1, 206, 1, 5.10509542328547, D-LinkSensor
0, 0, 0, 1, 0, 0, 1, 0, 62, 1, 0, 0, 0, 0, 0, 0, 0, 0, 12, 0, 1, 2, 40, 0, 0, D-LinkSensor
0, 0, 0, 1, 0, 0, 0, 1, 0, 0, 0, 0, 0, 0, 0, 1, 0, 0, 12, 0, 2, 2, 361, 0, 0, D-LinkSensor
0, 0, 0, 1, 0, 0, 1, 0, 62, 1, 0, 0, 0, 0, 0, 0, 0, 0, 12, 0, 1, 2, 428, 1, 5.621981365981824, D-LinkSensor
0, 0, 0, 1, 0, 0, 1, 0, 62, 1, 0, 0, 0, 0, 0, 0, 0, 0, 12, 0, 1, 2, 1420, 1, 2.6772305124009037, D-LinkSensor
0, 0, 0, 1, 0, 0, 1, 0, 62, 1, 0, 0, 0, 0, 0, 0, 0, 0, 12, 0, 1, 2, 1420, 1, 1.9790154305653236, D-LinkSensor
0, 0, 0, 1, 0, 0, 1, 0, 62, 1, 0, 0, 0, 0, 0, 0, 0, 0, 12, 0, 1, 2, 1420, 1, 1.8044792693736391, D-LinkSensor
0, 0, 0, 1, 0, 0, 1, 0, 3456, 1, 0, 0, 0, 0, 0, 0, 0, 0, 12, 0, 2, 1, 40, 0, 0, D-LinkSensor
0, 0, 0, 1, 0, 0, 1, 0, 4836, 1, 0, 0, 0, 0, 0, 0, 0, 0, 12, 0, 2, 1, 40, 0, 0, D-LinkSensor
0, 0, 0, 1, 0, 0, 1, 0, 6216, 1, 0, 0, 0, 0, 0, 0, 0, 0, 12, 0, 2, 1, 40, 0, 0, D-LinkSensor
0, 0, 0, 1, 0, 0, 1, 0, 7596, 1, 0, 0, 0, 0, 0, 0, 0, 0, 12, 0, 2, 1, 40, 0, 0, D-LinkSensor
0, 0, 0, 1, 0, 0, 1, 0, 62, 1, 0, 0, 0, 0, 0, 0, 0, 0, 12, 0, 1, 2, 1420, 1, 2.50410580459814, D-LinkSensor
0, 0, 0, 1, 0, 0, 1, 0, 62, 1, 0, 0, 0, 0, 0, 0, 0, 0, 12, 0, 1, 2, 1420, 1, 3.6797876229106943, D-LinkSensor
0, 0, 0, 1, 0, 0, 1, 0, 62, 1, 0, 0, 0, 0, 0, 0, 0, 0, 12, 0, 1, 2, 1420, 1, 3.5315888625396203, D-LinkSensor
0, 0, 0, 1, 0, 0, 1, 0, 62, 1, 0, 0, 0, 0, 0, 0, 0, 0, 12, 0, 1, 2, 1420, 1, 3.667177924357524, D-LinkSensor
0, 0, 0, 1, 0, 0, 1, 0, 62, 1, 0, 0, 0, 0, 0, 0, 0, 0, 12, 0, 1, 2, 1420, 1, 3.6668692896792794, D-LinkSensor
0, 0, 0, 1, 0, 0, 1, 0, 62, 1, 0, 0, 0, 0, 0, 0, 0, 0, 12, 0, 1, 2, 1420, 1, 3.54815825343769, D-LinkSensor
0, 0, 0, 1, 0, 0, 1, 0, 62, 1, 0, 0, 0, 0, 0, 0, 0, 0, 12, 0, 1, 2, 1420, 1, 4.765717080545475, D-LinkSensor
0, 0, 0, 1, 0, 0, 1, 0, 62, 1, 0, 0, 0, 0, 0, 0, 0, 0, 12, 0, 1, 2, 1420, 1, 4.802638418199363, D-LinkSensor
0, 0, 0, 1, 0, 0, 1, 0, 62, 1, 0, 0, 0, 0, 0, 0, 0, 0, 12, 0, 1, 2, 1420, 1, 4.948178673594774, D-LinkSensor
0, 0, 0, 1, 0, 0, 1, 0, 62, 1, 0, 0, 0, 0, 0, 0, 0, 0, 12, 0, 1, 2, 1420, 1, 4.858205658784978, D-LinkSensor
0, 0, 0, 1, 0, 0, 1, 0, 62, 1, 0, 0, 0, 0, 0, 0, 0, 0, 12, 0, 1, 2, 1420, 1, 4.895885009773968, D-LinkSensor
0, 0, 0, 1, 0, 0, 1, 0, 8976, 1, 0, 0, 0, 0, 0, 0, 0, 0, 12, 0, 2, 1, 40, 0, 0, D-LinkSensor
0, 0, 0, 1, 0, 0, 1, 0, 8976, 1, 0, 0, 0, 0, 0, 0, 0, 0, 12, 0, 2, 1, 40, 0, 0, D-LinkSensor
0, 0, 0, 1, 0, 0, 1, 0, 8976, 1, 0, 0, 0, 0, 0, 0, 0, 0, 12, 0, 2, 1, 40, 0, 0, D-LinkSensor
0, 0, 0, 1, 0, 0, 1, 0, 8976, 1, 0, 0, 0, 0, 0, 0, 0, 0, 12, 0, 2, 1, 40, 0, 0, D-LinkSensor
0, 0, 0, 1, 0, 0, 1, 0, 8976, 1, 0, 0, 0, 0, 0, 0, 0, 0, 12, 0, 2, 1, 40, 0, 0, D-LinkSensor
0, 0, 0, 1, 0, 0, 1, 0, 8976, 1, 0, 0, 0, 0, 0, 0, 0, 0, 12, 0, 2, 1, 40, 0, 0, D-LinkSensor
0, 0, 0, 1, 0, 0, 1, 0, 8976, 1, 0, 0, 0, 0, 0, 0, 0, 0, 12, 0, 2, 1, 40, 0, 0, D-LinkSensor
0, 0, 0, 1, 0, 0, 1, 0, 8976, 1, 0, 0, 0, 0, 0, 0, 0, 0, 12, 0, 2, 1, 40, 0, 0, D-LinkSensor
0, 0, 0, 1, 0, 0, 0, 1, 0, 0, 0, 0, 0, 0, 0, 1, 0, 0, 12, 0, 2, 2, 361, 0, 0, D-LinkSensor
0, 0, 0, 1, 0, 0, 1, 0, 62, 1, 0, 0, 0, 0, 0, 0, 0, 0, 12, 0, 1, 2, 1420, 1, 4.987879808656736, D-LinkSensor
0, 0, 0, 1, 0, 0, 1, 0, 62, 1, 0, 0, 0, 0, 0, 0, 0, 0, 12, 0, 1, 2, 1420, 1, 2.2804521522940884, D-LinkSensor
0, 0, 0, 1, 0, 0, 1, 0, 62, 1, 0, 0, 0, 0, 0, 0, 0, 0, 12, 0, 1, 2, 1420, 1, 4.959433610616253, D-LinkSensor
0, 0, 0, 1, 0, 0, 1, 0, 62, 1, 0, 0, 0, 0, 0, 0, 0, 0, 12, 0, 1, 2, 1420, 1, 5.030567920549125, D-LinkSensor
0, 0, 0, 1, 0, 0, 1, 0, 62, 1, 0, 0, 0, 0, 0, 0, 0, 0, 12, 0, 1, 2, 1420, 1, 5.486962106766959, D-LinkSensor
0, 0, 0, 1, 0, 0, 1, 0, 62, 1, 0, 0, 0, 0, 0, 0, 0, 0, 12, 0, 1, 2, 1420, 1, 5.275499960575386, D-LinkSensor
0, 0, 0, 1, 0, 0, 1, 0, 62, 1, 0, 0, 0, 0, 0, 0, 0, 0, 12, 0, 1, 2, 1420, 1, 5.368642128994286, D-LinkSensor
0, 0, 0, 1, 0, 0, 1, 0, 8976, 1, 0, 0, 0, 0, 0, 0, 0, 0, 12, 0, 2, 1, 40, 0, 0, D-LinkSensor
0, 0, 0, 1, 0, 0, 1, 0, 8976, 1, 0, 0, 0, 0, 0, 0, 0, 0, 12, 0, 2, 1, 40, 0, 0, D-LinkSensor
0, 0, 0, 1, 0, 0, 1, 0, 62, 1, 0, 0, 0, 0, 0, 0, 0, 0, 12, 0, 1, 2, 1420, 1, 5.096465867957699, D-LinkSensor
0, 0, 0, 1, 0, 0, 1, 0, 62, 1, 0, 0, 0, 0, 0, 0, 0, 0, 12, 0, 1, 2, 1420, 1, 5.360235701706566, D-LinkSensor
0, 0, 0, 1, 0, 0, 1, 0, 62, 1, 0, 0, 0, 0, 0, 0, 0, 0, 12, 0, 1, 2, 1420, 1, 5.624554228198227, D-LinkSensor
0, 0, 0, 1, 0, 0, 1, 0, 62, 1, 0, 0, 0, 0, 0, 0, 0, 0, 12, 0, 1, 2, 1420, 1, 5.367202016209617, D-LinkSensor
0, 0, 0, 1, 0, 0, 1, 0, 62, 1, 0, 0, 0, 0, 0, 0, 0, 0, 12, 0, 1, 2, 1420, 1, 4.895779459485625, D-LinkSensor
0, 0, 0, 1, 0, 0, 1, 0, 62, 1, 0, 0, 0, 0, 0, 0, 0, 0, 12, 0, 1, 2, 1420, 1, 5.329849773468612, D-LinkSensor
0, 0, 0, 1, 0, 0, 1, 0, 8976, 1, 0, 0, 0, 0, 0, 0, 0, 0, 12, 0, 2, 1, 40, 0, 0, D-LinkSensor
0, 0, 0, 1, 0, 0, 1, 0, 8976, 1, 0, 0, 0, 0, 0, 0, 0, 0, 12, 0, 2, 1, 40, 0, 0, D-LinkSensor
0, 0, 0, 1, 0, 0, 1, 0, 8976, 1, 0, 0, 0, 0, 0, 0, 0, 0, 12, 0, 2, 1, 40, 0, 0, D-LinkSensor
0, 0, 0, 1, 0, 0, 1, 0, 8976, 1, 0, 0, 0, 0, 0, 0, 0, 0, 12, 0, 2, 1, 40, 0, 0, D-LinkSensor
0, 0, 0, 1, 0, 0, 0, 1, 0, 0, 0, 0, 0, 0, 0, 1, 0, 0, 12, 0, 2, 2, 472, 0, 0, D-LinkSensor
0, 0, 0, 1, 0, 0, 0, 1, 0, 0, 0, 0, 0, 0, 0, 1, 0, 0, 12, 0, 2, 2, 83, 0, 0, D-LinkSensor
0, 0, 0, 1, 0, 0, 1, 0, 8976, 1, 0, 0, 0, 0, 0, 0, 0, 0, 12, 0, 2, 1, 40, 0, 0, D-LinkSensor
0, 0, 0, 1, 0, 0, 1, 0, 62, 1, 0, 0, 0, 0, 0, 0, 0, 0, 12, 0, 1, 2, 1420, 1, 5.310945217185746, D-LinkSensor
0, 0, 0, 1, 0, 0, 1, 0, 62, 1, 0, 0, 0, 0, 0, 0, 0, 0, 12, 0, 1, 2, 1420, 1, 5.508045040083824, D-LinkSensor
0, 0, 0, 1, 0, 0, 1, 0, 62, 1, 0, 0, 0, 0, 0, 0, 0, 0, 12, 0, 1, 2, 1420, 1, 5.275771348377532, D-LinkSensor
0, 0, 0, 1, 0, 0, 1, 0, 62, 1, 0, 0, 0, 0, 0, 0, 0, 0, 12, 0, 1, 2, 1420, 1, 5.399569470428713, D-LinkSensor
0, 0, 0, 1, 0, 0, 1, 0, 62, 1, 0, 0, 0, 0, 0, 0, 0, 0, 12, 0, 1, 2, 1420, 1, 5.373607622047951, D-LinkSensor
0, 0, 0, 1, 0, 0, 1, 0, 62, 1, 0, 0, 0, 0, 0, 0, 0, 0, 12, 0, 1, 2, 1420, 1, 5.481304236573408, D-LinkSensor
0, 0, 0, 1, 0, 0, 1, 0, 8976, 1, 0, 0, 0, 0, 0, 0, 0, 0, 12, 0, 2, 1, 40, 0, 0, D-LinkSensor
0, 0, 0, 1, 0, 0, 1, 0, 62, 1, 0, 0, 0, 0, 0, 0, 0, 0, 12, 0, 1, 2, 1420, 1, 5.271981550463617, D-LinkSensor
0, 0, 0, 1, 0, 0, 1, 0, 62, 1, 0, 0, 0, 0, 0, 0, 0, 0, 12, 0, 1, 2, 1420, 1, 5.696613991268025, D-LinkSensor
0, 0, 0, 1, 0, 0, 1, 0, 8976, 1, 0, 0, 0, 0, 0, 0, 0, 0, 12, 0, 2, 1, 40, 0, 0, D-LinkSensor
0, 0, 0, 1, 0, 0, 1, 0, 8976, 1, 0, 0, 0, 0, 0, 0, 0, 0, 12, 0, 2, 1, 40, 0, 0, D-LinkSensor
0, 0, 0, 1, 0, 0, 1, 0, 62, 1, 0, 0, 0, 0, 0, 0, 0, 0, 12, 0, 1, 2, 1420, 1, 5.446413711055755, D-LinkSensor
0, 0, 0, 1, 0, 0, 1, 0, 62, 1, 0, 0, 0, 0, 0, 0, 0, 0, 12, 0, 1, 2, 1420, 1, 5.449339248791913, D-LinkSensor
0, 0, 0, 1, 0, 0, 1, 0, 8976, 1, 0, 0, 0, 0, 0, 0, 0, 0, 12, 0, 2, 1, 40, 0, 0, D-LinkSensor
0, 0, 0, 1, 0, 0, 1, 0, 62, 1, 0, 0, 0, 0, 0, 0, 0, 0, 12, 0, 1, 2, 1420, 1, 5.350927725343782, D-LinkSensor
0, 0, 0, 1, 0, 0, 1, 0, 62, 1, 0, 0, 0, 0, 0, 0, 0, 0, 12, 0, 1, 2, 1420, 1, 5.6235107725097055, D-LinkSensor
0, 0, 0, 1, 0, 0, 1, 0, 8976, 1, 0, 0, 0, 0, 0, 0, 0, 0, 12, 0, 2, 1, 40, 0, 0, D-LinkSensor
0, 0, 0, 1, 0, 0, 1, 0, 8976, 1, 0, 0, 0, 0, 0, 0, 0, 0, 12, 0, 2, 1, 40, 0, 0, D-LinkSensor
0, 0, 0, 1, 0, 0, 1, 0, 62, 1, 0, 0, 0, 0, 0, 0, 0, 0, 12, 0, 1, 2, 1420, 1, 5.139261775098225, D-LinkSensor
0, 0, 0, 1, 0, 0, 1, 0, 8976, 1, 0, 0, 0, 0, 0, 0, 0, 0, 12, 0, 2, 1, 40, 0, 0, D-LinkSensor
0, 0, 0, 1, 0, 0, 0, 1, 0, 0, 0, 0, 0, 0, 0, 1, 0, 0, 12, 0, 2, 2, 233, 0, 0, D-LinkSensor
0, 0, 0, 1, 0, 0, 0, 1, 0, 0, 0, 0, 0, 0, 0, 1, 0, 0, 12, 0, 2, 2, 69, 0, 0, D-LinkSensor
0, 0, 0, 1, 0, 0, 1, 0, 62, 1, 0, 0, 0, 0, 0, 0, 0, 0, 12, 0, 1, 2, 1420, 1, 5.387367760795596, D-LinkSensor
0, 0, 0, 1, 0, 0, 1, 0, 62, 1, 0, 0, 0, 0, 0, 0, 0, 0, 12, 0, 1, 2, 1420, 1, 5.186427686076622, D-LinkSensor
0, 0, 0, 1, 0, 0, 1, 0, 8976, 1, 0, 0, 0, 0, 0, 0, 0, 0, 12, 0, 2, 1, 40, 0, 0, D-LinkSensor
0, 0, 0, 1, 0, 0, 1, 0, 62, 1, 0, 0, 0, 0, 0, 0, 0, 0, 12, 0, 1, 2, 1420, 1, 5.484921043449279, D-LinkSensor
0, 0, 0, 1, 0, 0, 1, 0, 62, 1, 0, 0, 0, 0, 0, 0, 0, 0, 12, 0, 1, 2, 1420, 1, 5.270732043297935, D-LinkSensor
0, 0, 0, 1, 0, 0, 1, 0, 62, 1, 0, 0, 0, 0, 0, 0, 0, 0, 12, 0, 1, 2, 1420, 1, 5.224875988603999, D-LinkSensor
0, 0, 0, 1, 0, 0, 1, 0, 62, 1, 0, 0, 0, 0, 0, 0, 0, 0, 12, 0, 1, 2, 1420, 1, 5.279065556547534, D-LinkSensor
0, 0, 0, 1, 0, 0, 1, 0, 62, 1, 0, 0, 0, 0, 0, 0, 0, 0, 12, 0, 1, 2, 1420, 1, 5.214675382822577, D-LinkSensor
0, 0, 0, 1, 0, 0, 1, 0, 62, 1, 0, 0, 0, 0, 0, 0, 0, 0, 12, 0, 1, 2, 1420, 1, 5.221806260525911, D-LinkSensor
0, 0, 0, 1, 0, 0, 1, 0, 62, 1, 0, 0, 0, 0, 0, 0, 0, 0, 12, 0, 1, 2, 1420, 1, 5.0591859926201375, D-LinkSensor
0, 0, 0, 1, 0, 0, 1, 0, 62, 1, 0, 0, 0, 0, 0, 0, 0, 0, 12, 0, 1, 2, 1420, 1, 5.378093373179843, D-LinkSensor
0, 0, 0, 1, 0, 0, 1, 0, 62, 1, 0, 0, 0, 0, 0, 0, 0, 0, 12, 0, 1, 2, 1420, 1, 5.125458483899728, D-LinkSensor
0, 0, 0, 1, 0, 0, 1, 0, 62, 1, 0, 0, 0, 0, 0, 0, 0, 0, 12, 0, 1, 2, 1420, 1, 5.290686747776377, D-LinkSensor
0, 0, 0, 1, 0, 0, 1, 0, 8976, 1, 0, 0, 0, 0, 0, 0, 0, 0, 12, 0, 2, 1, 40, 0, 0, D-LinkSensor
0, 0, 0, 1, 0, 0, 1, 0, 8976, 1, 0, 0, 0, 0, 0, 0, 0, 0, 12, 0, 2, 1, 40, 0, 0, D-LinkSensor
0, 0, 0, 1, 0, 0, 1, 0, 8976, 1, 0, 0, 0, 0, 0, 0, 0, 0, 12, 0, 2, 1, 40, 0, 0, D-LinkSensor
0, 0, 0, 1, 0, 0, 1, 0, 8976, 1, 0, 0, 0, 0, 0, 0, 0, 0, 12, 0, 2, 1, 40, 0, 0, D-LinkSensor
0, 0, 0, 1, 0, 0, 1, 0, 8976, 1, 0, 0, 0, 0, 0, 0, 0, 0, 12, 0, 2, 1, 40, 0, 0, D-LinkSensor
0, 0, 0, 1, 0, 0, 1, 0, 62, 1, 0, 0, 0, 0, 0, 0, 0, 0, 12, 0, 1, 2, 1420, 1, 5.241273243268617, D-LinkSensor
0, 0, 0, 1, 0, 0, 1, 0, 8976, 1, 0, 0, 0, 0, 0, 0, 0, 0, 12, 0, 2, 1, 40, 0, 0, D-LinkSensor
0, 0, 0, 1, 0, 0, 1, 0, 62, 1, 0, 0, 0, 0, 0, 0, 0, 0, 12, 0, 1, 2, 1420, 1, 5.425545829867716, D-LinkSensor
0, 0, 0, 1, 0, 0, 1, 0, 62, 1, 0, 0, 0, 0, 0, 0, 0, 0, 12, 0, 1, 2, 1420, 1, 5.32839492338226, D-LinkSensor
0, 0, 0, 1, 0, 0, 1, 0, 8976, 1, 0, 0, 0, 0, 0, 0, 0, 0, 12, 0, 2, 1, 40, 0, 0, D-LinkSensor
0, 0, 0, 1, 0, 0, 1, 0, 62, 1, 0, 0, 0, 0, 0, 0, 0, 0, 12, 0, 1, 2, 1420, 1, 5.400909891206579, D-LinkSensor
0, 0, 0, 1, 0, 0, 1, 0, 62, 1, 0, 0, 0, 0, 0, 0, 0, 0, 12, 0, 1, 2, 1420, 1, 4.7401294930169255, D-LinkSensor
0, 0, 0, 1, 0, 0, 1, 0, 8976, 1, 0, 0, 0, 0, 0, 0, 0, 0, 12, 0, 2, 1, 40, 0, 0, D-LinkSensor
0, 0, 0, 1, 0, 0, 1, 0, 62, 1, 0, 0, 0, 0, 0, 0, 0, 0, 12, 0, 1, 2, 1420, 1, 5.048169367086987, D-LinkSensor
0, 0, 0, 1, 0, 0, 1, 0, 62, 1, 0, 0, 0, 0, 0, 0, 0, 0, 12, 0, 1, 2, 1420, 1, 5.004241698043753, D-LinkSensor
0, 0, 0, 1, 0, 0, 1, 0, 62, 1, 0, 0, 0, 0, 0, 0, 0, 0, 12, 0, 1, 2, 1420, 1, 5.1125424714846055, D-LinkSensor
0, 0, 0, 1, 0, 0, 1, 0, 62, 1, 0, 0, 0, 0, 0, 0, 0, 0, 12, 0, 1, 2, 1420, 1, 5.0051213076850845, D-LinkSensor
0, 0, 0, 1, 0, 0, 1, 0, 62, 1, 0, 0, 0, 0, 0, 0, 0, 0, 12, 0, 1, 2, 1420, 1, 5.018811121361574, D-LinkSensor
0, 0, 0, 1, 0, 0, 1, 0, 62, 1, 0, 0, 0, 0, 0, 0, 0, 0, 12, 0, 1, 2, 1420, 1, 5.222569053819502, D-LinkSensor
0, 0, 0, 1, 0, 0, 1, 0, 62, 1, 0, 0, 0, 0, 0, 0, 0, 0, 12, 0, 1, 2, 1420, 1, 5.470580880737453, D-LinkSensor
0, 0, 0, 1, 0, 0, 1, 0, 62, 1, 0, 0, 0, 0, 0, 0, 0, 0, 12, 0, 1, 2, 1420, 1, 5.181814271732824, D-LinkSensor
0, 0, 0, 1, 0, 0, 1, 0, 8976, 1, 0, 0, 0, 0, 0, 0, 0, 0, 12, 0, 2, 1, 40, 0, 0, D-LinkSensor
0, 0, 0, 1, 0, 0, 1, 0, 8976, 1, 0, 0, 0, 0, 0, 0, 0, 0, 12, 0, 2, 1, 40, 0, 0, D-LinkSensor
0, 0, 0, 1, 0, 0, 1, 0, 8976, 1, 0, 0, 0, 0, 0, 0, 0, 0, 12, 0, 2, 1, 40, 0, 0, D-LinkSensor
0, 0, 0, 1, 0, 0, 1, 0, 8976, 1, 0, 0, 0, 0, 0, 0, 0, 0, 12, 0, 2, 1, 40, 0, 0, D-LinkSensor
0, 0, 0, 1, 0, 0, 1, 0, 62, 1, 0, 0, 0, 0, 0, 0, 0, 0, 12, 0, 1, 2, 1420, 1, 5.295779826115919, D-LinkSensor
0, 0, 0, 1, 0, 0, 1, 0, 8976, 1, 0, 0, 0, 0, 0, 0, 0, 0, 12, 0, 2, 1, 40, 0, 0, D-LinkSensor
0, 0, 0, 1, 0, 0, 1, 0, 62, 1, 0, 0, 0, 0, 0, 0, 0, 0, 12, 0, 1, 2, 1420, 1, 5.399786498197485, D-LinkSensor
0, 0, 0, 1, 0, 0, 1, 0, 62, 1, 0, 0, 0, 0, 0, 0, 0, 0, 12, 0, 1, 2, 1420, 1, 5.356965427071776, D-LinkSensor
0, 0, 0, 1, 0, 0, 1, 0, 8976, 1, 0, 0, 0, 0, 0, 0, 0, 0, 12, 0, 2, 1, 40, 0, 0, D-LinkSensor
0, 0, 0, 1, 0, 0, 1, 0, 62, 1, 0, 0, 0, 0, 0, 0, 0, 0, 12, 0, 1, 2, 1420, 1, 5.42858371529183, D-LinkSensor
0, 0, 0, 1, 0, 0, 1, 0, 62, 1, 0, 0, 0, 0, 0, 0, 0, 0, 12, 0, 1, 2, 1420, 1, 5.146212643982459, D-LinkSensor
0, 0, 0, 1, 0, 0, 1, 0, 8976, 1, 0, 0, 0, 0, 0, 0, 0, 0, 12, 0, 2, 1, 40, 0, 0, D-LinkSensor
0, 0, 0, 1, 0, 0, 1, 0, 62, 1, 0, 0, 0, 0, 0, 0, 0, 0, 12, 0, 1, 2, 1420, 1, 5.293509779575485, D-LinkSensor
0, 0, 0, 1, 0, 0, 1, 0, 62, 1, 0, 0, 0, 0, 0, 0, 0, 0, 12, 0, 1, 2, 1420, 1, 5.157459327844779, D-LinkSensor
0, 0, 0, 1, 0, 0, 1, 0, 8976, 1, 0, 0, 0, 0, 0, 0, 0, 0, 12, 0, 2, 1, 40, 0, 0, D-LinkSensor
0, 0, 0, 1, 0, 0, 1, 0, 62, 1, 0, 0, 0, 0, 0, 0, 0, 0, 12, 0, 1, 2, 1420, 1, 5.344532013493736, D-LinkSensor
0, 0, 0, 1, 0, 0, 1, 0, 62, 1, 0, 0, 0, 0, 0, 0, 0, 0, 12, 0, 1, 2, 1420, 1, 5.317279711540171, D-LinkSensor
0, 0, 0, 1, 0, 0, 1, 0, 62, 1, 0, 0, 0, 0, 0, 0, 0, 0, 12, 0, 1, 2, 1420, 1, 5.345139675454742, D-LinkSensor
0, 0, 0, 1, 0, 0, 1, 0, 62, 1, 0, 0, 0, 0, 0, 0, 0, 0, 12, 0, 1, 2, 1420, 1, 5.449347312493198, D-LinkSensor
0, 0, 0, 1, 0, 0, 1, 0, 62, 1, 0, 0, 0, 0, 0, 0, 0, 0, 12, 0, 1, 2, 1420, 1, 5.307081231611591, D-LinkSensor
0, 0, 0, 1, 0, 0, 1, 0, 62, 1, 0, 0, 0, 0, 0, 0, 0, 0, 12, 0, 1, 2, 1420, 1, 5.063371958706965, D-LinkSensor
0, 0, 0, 1, 0, 0, 1, 0, 8976, 1, 0, 0, 0, 0, 0, 0, 0, 0, 12, 0, 2, 1, 40, 0, 0, D-LinkSensor
0, 0, 0, 1, 0, 0, 1, 0, 8976, 1, 0, 0, 0, 0, 0, 0, 0, 0, 12, 0, 2, 1, 40, 0, 0, D-LinkSensor
0, 0, 0, 1, 0, 0, 1, 0, 8976, 1, 0, 0, 0, 0, 0, 0, 0, 0, 12, 0, 2, 1, 40, 0, 0, D-LinkSensor
0, 0, 0, 1, 0, 0, 1, 0, 62, 1, 0, 0, 0, 0, 0, 0, 0, 0, 12, 0, 1, 2, 1420, 1, 5.3151476449820905, D-LinkSensor
0, 0, 0, 1, 0, 0, 1, 0, 62, 1, 0, 0, 0, 0, 0, 0, 0, 0, 12, 0, 1, 2, 1420, 1, 5.422914194398913, D-LinkSensor
0, 0, 0, 1, 0, 0, 1, 0, 62, 1, 0, 0, 0, 0, 0, 0, 0, 0, 12, 0, 1, 2, 1420, 1, 5.565683602585836, D-LinkSensor
0, 0, 0, 1, 0, 0, 1, 0, 8976, 1, 0, 0, 0, 0, 0, 0, 0, 0, 12, 0, 2, 1, 40, 0, 0, D-LinkSensor
0, 0, 0, 1, 0, 0, 1, 0, 62, 1, 0, 0, 0, 0, 0, 0, 0, 0, 12, 0, 1, 2, 1420, 1, 5.316668845642885, D-LinkSensor
0, 0, 0, 1, 0, 0, 1, 0, 62, 1, 0, 0, 0, 0, 0, 0, 0, 0, 12, 0, 1, 2, 1420, 1, 5.267896294017325, D-LinkSensor
0, 0, 0, 1, 0, 0, 1, 0, 8976, 1, 0, 0, 0, 0, 0, 0, 0, 0, 12, 0, 2, 1, 40, 0, 0, D-LinkSensor
0, 0, 0, 1, 0, 0, 1, 0, 62, 1, 0, 0, 0, 0, 0, 0, 0, 0, 12, 0, 1, 2, 1420, 1, 5.3732362767916495, D-LinkSensor
0, 0, 0, 1, 0, 0, 1, 0, 62, 1, 0, 0, 0, 0, 0, 0, 0, 0, 12, 0, 1, 2, 1420, 1, 4.8147769322387814, D-LinkSensor
0, 0, 0, 1, 0, 0, 1, 0, 8976, 1, 0, 0, 0, 0, 0, 0, 0, 0, 12, 0, 2, 1, 40, 0, 0, D-LinkSensor
0, 0, 0, 1, 0, 0, 1, 0, 62, 1, 0, 0, 0, 0, 0, 0, 0, 0, 12, 0, 1, 2, 1420, 1, 4.800224271140776, D-LinkSensor
0, 0, 0, 1, 0, 0, 1, 0, 62, 1, 0, 0, 0, 0, 0, 0, 0, 0, 12, 0, 1, 2, 1420, 1, 5.150051085535787, D-LinkSensor
0, 0, 0, 1, 0, 0, 1, 0, 62, 1, 0, 0, 0, 0, 0, 0, 0, 0, 12, 0, 1, 2, 1420, 1, 5.268357387798758, D-LinkSensor
0, 0, 0, 1, 0, 0, 1, 0, 8976, 1, 0, 0, 0, 0, 0, 0, 0, 0, 12, 0, 2, 1, 40, 0, 0, D-LinkSensor
0, 0, 0, 1, 0, 0, 1, 0, 62, 1, 0, 0, 0, 0, 0, 0, 0, 0, 12, 0, 1, 2, 1420, 1, 5.353821223503421, D-LinkSensor
0, 0, 0, 1, 0, 0, 1, 0, 62, 1, 0, 0, 0, 0, 0, 0, 0, 0, 12, 0, 1, 2, 1420, 1, 5.137699232983645, D-LinkSensor
0, 0, 0, 1, 0, 0, 1, 0, 62, 1, 0, 0, 0, 0, 0, 0, 0, 0, 12, 0, 1, 2, 1420, 1, 5.411133762905172, D-LinkSensor
0, 0, 0, 1, 0, 0, 1, 0, 8976, 1, 0, 0, 0, 0, 0, 0, 0, 0, 12, 0, 2, 1, 40, 0, 0, D-LinkSensor
0, 0, 0, 1, 0, 0, 1, 0, 8976, 1, 0, 0, 0, 0, 0, 0, 0, 0, 12, 0, 2, 1, 40, 0, 0, D-LinkSensor
0, 0, 0, 1, 0, 0, 1, 0, 8976, 1, 0, 0, 0, 0, 0, 0, 0, 0, 12, 0, 2, 1, 40, 0, 0, D-LinkSensor
0, 0, 0, 1, 0, 0, 1, 0, 62, 1, 0, 0, 0, 0, 0, 0, 0, 0, 12, 0, 1, 2, 1420, 1, 5.095265894577033, D-LinkSensor
0, 0, 0, 1, 0, 0, 1, 0, 62, 1, 0, 0, 0, 0, 0, 0, 0, 0, 12, 0, 1, 2, 1420, 1, 5.225650059872157, D-LinkSensor
0, 0, 0, 1, 0, 0, 1, 0, 8976, 1, 0, 0, 0, 0, 0, 0, 0, 0, 12, 0, 2, 1, 40, 0, 0, D-LinkSensor
0, 0, 0, 1, 0, 0, 1, 0, 62, 1, 0, 0, 0, 0, 0, 0, 0, 0, 12, 0, 1, 2, 1420, 1, 5.044625704661504, D-LinkSensor
0, 0, 0, 1, 0, 0, 1, 0, 62, 1, 0, 0, 0, 0, 0, 0, 0, 0, 12, 0, 1, 2, 1420, 1, 5.037678036856854, D-LinkSensor
0, 0, 0, 1, 0, 0, 1, 0, 8976, 1, 0, 0, 0, 0, 0, 0, 0, 0, 12, 0, 2, 1, 40, 0, 0, D-LinkSensor
0, 0, 0, 1, 0, 0, 1, 0, 62, 1, 0, 0, 0, 0, 0, 0, 0, 0, 12, 0, 1, 2, 1420, 1, 5.481678337584601, D-LinkSensor
0, 0, 0, 1, 0, 0, 1, 0, 62, 1, 0, 0, 0, 0, 0, 0, 0, 0, 12, 0, 1, 2, 1420, 1, 5.395577327762981, D-LinkSensor
0, 0, 0, 1, 0, 0, 1, 0, 8976, 1, 0, 0, 0, 0, 0, 0, 0, 0, 12, 0, 2, 1, 40, 0, 0, D-LinkSensor
0, 0, 0, 1, 0, 0, 1, 0, 62, 1, 0, 0, 0, 0, 0, 0, 0, 0, 12, 0, 1, 2, 1420, 1, 5.530398689641437, D-LinkSensor
0, 0, 0, 1, 0, 0, 1, 0, 62, 1, 0, 0, 0, 0, 0, 0, 0, 0, 12, 0, 1, 2, 1420, 1, 5.540981051943266, D-LinkSensor
0, 0, 0, 1, 0, 0, 1, 0, 8976, 1, 0, 0, 0, 0, 0, 0, 0, 0, 12, 0, 2, 1, 40, 0, 0, D-LinkSensor
0, 0, 0, 1, 0, 0, 1, 0, 62, 1, 0, 0, 0, 0, 0, 0, 0, 0, 12, 0, 1, 2, 1420, 1, 5.488158540466965, D-LinkSensor
0, 0, 0, 1, 0, 0, 1, 0, 62, 1, 0, 0, 0, 0, 0, 0, 0, 0, 12, 0, 1, 2, 1420, 1, 5.343489156405615, D-LinkSensor
0, 0, 0, 1, 0, 0, 1, 0, 62, 1, 0, 0, 0, 0, 0, 0, 0, 0, 12, 0, 1, 2, 1420, 1, 5.443786533454581, D-LinkSensor
0, 0, 0, 1, 0, 0, 1, 0, 62, 1, 0, 0, 0, 0, 0, 0, 0, 0, 12, 0, 1, 2, 1420, 1, 5.5370409762333415, D-LinkSensor
0, 0, 0, 1, 0, 0, 1, 0, 8976, 1, 0, 0, 0, 0, 0, 0, 0, 0, 12, 0, 2, 1, 40, 0, 0, D-LinkSensor
0, 0, 0, 1, 0, 0, 1, 0, 8976, 1, 0, 0, 0, 0, 0, 0, 0, 0, 12, 0, 2, 1, 40, 0, 0, D-LinkSensor
0, 0, 0, 1, 0, 0, 0, 1, 0, 0, 0, 0, 0, 0, 0, 1, 0, 0, 12, 0, 2, 2, 472, 0, 0, D-LinkSensor
0, 0, 0, 1, 0, 0, 0, 1, 0, 0, 0, 0, 0, 0, 0, 1, 0, 0, 12, 0, 2, 2, 83, 0, 0, D-LinkSensor
0, 0, 0, 1, 0, 0, 1, 0, 62, 1, 0, 0, 0, 0, 0, 0, 0, 0, 12, 0, 1, 2, 1420, 1, 5.156273417434089, D-LinkSensor
0, 0, 0, 1, 0, 0, 1, 0, 8976, 1, 0, 0, 0, 0, 0, 0, 0, 0, 12, 0, 2, 1, 40, 0, 0, D-LinkSensor
0, 0, 0, 1, 0, 0, 1, 0, 62, 1, 0, 0, 0, 0, 0, 0, 0, 0, 12, 0, 1, 2, 1420, 1, 5.25458972826155, D-LinkSensor
0, 0, 0, 1, 0, 0, 1, 0, 62, 1, 0, 0, 0, 0, 0, 0, 0, 0, 12, 0, 1, 2, 1420, 1, 5.023122598985199, D-LinkSensor
0, 0, 0, 1, 0, 0, 1, 0, 8976, 1, 0, 0, 0, 0, 0, 0, 0, 0, 12, 0, 2, 1, 40, 0, 0, D-LinkSensor
0, 0, 0, 1, 0, 0, 1, 0, 62, 1, 0, 0, 0, 0, 0, 0, 0, 0, 12, 0, 1, 2, 1420, 1, 5.389105175470897, D-LinkSensor
0, 0, 0, 1, 0, 0, 1, 0, 62, 1, 0, 0, 0, 0, 0, 0, 0, 0, 12, 0, 1, 2, 1420, 1, 4.902110267571863, D-LinkSensor
0, 0, 0, 1, 0, 0, 1, 0, 8976, 1, 0, 0, 0, 0, 0, 0, 0, 0, 12, 0, 2, 1, 40, 0, 0, D-LinkSensor
0, 0, 0, 1, 0, 0, 1, 0, 62, 1, 0, 0, 0, 0, 0, 0, 0, 0, 12, 0, 1, 2, 1420, 1, 5.0085041684975105, D-LinkSensor
0, 0, 0, 1, 0, 0, 1, 0, 62, 1, 0, 0, 0, 0, 0, 0, 0, 0, 12, 0, 1, 2, 1420, 1, 5.05964725617712, D-LinkSensor
0, 0, 0, 1, 0, 0, 1, 0, 8976, 1, 0, 0, 0, 0, 0, 0, 0, 0, 12, 0, 2, 1, 40, 0, 0, D-LinkSensor
0, 0, 0, 1, 0, 0, 1, 0, 62, 1, 0, 0, 0, 0, 0, 0, 0, 0, 12, 0, 1, 2, 1420, 1, 5.040552621542489, D-LinkSensor
0, 0, 0, 1, 0, 0, 1, 0, 62, 1, 0, 0, 0, 0, 0, 0, 0, 0, 12, 0, 1, 2, 1420, 1, 5.054920741803622, D-LinkSensor
0, 0, 0, 1, 0, 0, 1, 0, 8976, 1, 0, 0, 0, 0, 0, 0, 0, 0, 12, 0, 2, 1, 40, 0, 0, D-LinkSensor
0, 0, 0, 1, 0, 0, 1, 0, 62, 1, 0, 0, 0, 0, 0, 0, 0, 0, 12, 0, 1, 2, 1420, 1, 5.342216179380484, D-LinkSensor
0, 0, 0, 1, 0, 0, 1, 0, 62, 1, 0, 0, 0, 0, 0, 0, 0, 0, 12, 0, 1, 2, 1420, 1, 5.313261729387169, D-LinkSensor
0, 0, 0, 1, 0, 0, 1, 0, 62, 1, 0, 0, 0, 0, 0, 0, 0, 0, 12, 0, 1, 2, 1420, 1, 5.5874629671496345, D-LinkSensor
0, 0, 0, 1, 0, 0, 1, 0, 62, 1, 0, 0, 0, 0, 0, 0, 0, 0, 12, 0, 1, 2, 1420, 1, 5.499671809539303, D-LinkSensor
0, 0, 0, 1, 0, 0, 1, 0, 8976, 1, 0, 0, 0, 0, 0, 0, 0, 0, 12, 0, 2, 1, 40, 0, 0, D-LinkSensor
0, 0, 0, 1, 0, 0, 1, 0, 8976, 1, 0, 0, 0, 0, 0, 0, 0, 0, 12, 0, 2, 1, 40, 0, 0, D-LinkSensor
0, 0, 0, 1, 0, 0, 1, 0, 62, 1, 0, 0, 0, 0, 0, 0, 0, 0, 12, 0, 1, 2, 1420, 1, 5.264924887019079, D-LinkSensor
0, 0, 0, 1, 0, 0, 1, 0, 8976, 1, 0, 0, 0, 0, 0, 0, 0, 0, 12, 0, 2, 1, 40, 0, 0, D-LinkSensor
0, 0, 0, 1, 0, 0, 1, 0, 62, 1, 0, 0, 0, 0, 0, 0, 0, 0, 12, 0, 1, 2, 1420, 1, 5.192946250931084, D-LinkSensor
0, 0, 0, 1, 0, 0, 1, 0, 62, 1, 0, 0, 0, 0, 0, 0, 0, 0, 12, 0, 1, 2, 1420, 1, 4.628054934709008, D-LinkSensor
0, 0, 0, 1, 0, 0, 1, 0, 8976, 1, 0, 0, 0, 0, 0, 0, 0, 0, 12, 0, 2, 1, 40, 0, 0, D-LinkSensor
0, 0, 0, 1, 0, 0, 1, 0, 62, 1, 0, 0, 0, 0, 0, 0, 0, 0, 12, 0, 1, 2, 1420, 1, 4.325501431649577, D-LinkSensor
0, 0, 0, 1, 0, 0, 1, 0, 62, 1, 0, 0, 0, 0, 0, 0, 0, 0, 12, 0, 1, 2, 1420, 1, 4.519421609539875, D-LinkSensor
0, 0, 0, 1, 0, 0, 1, 0, 8976, 1, 0, 0, 0, 0, 0, 0, 0, 0, 12, 0, 2, 1, 40, 0, 0, D-LinkSensor
0, 0, 0, 1, 0, 0, 1, 0, 62, 1, 0, 0, 0, 0, 0, 0, 0, 0, 12, 0, 1, 2, 1420, 1, 4.846688897567277, D-LinkSensor
0, 0, 0, 1, 0, 0, 1, 0, 62, 1, 0, 0, 0, 0, 0, 0, 0, 0, 12, 0, 1, 2, 1420, 1, 5.4212115749637455, D-LinkSensor
0, 0, 0, 1, 0, 0, 1, 0, 8976, 1, 0, 0, 0, 0, 0, 0, 0, 0, 12, 0, 2, 1, 40, 0, 0, D-LinkSensor
0, 0, 0, 1, 0, 0, 1, 0, 62, 1, 0, 0, 0, 0, 0, 0, 0, 0, 12, 0, 1, 2, 1420, 1, 4.965914485766262, D-LinkSensor
0, 0, 0, 1, 0, 0, 1, 0, 62, 1, 0, 0, 0, 0, 0, 0, 0, 0, 12, 0, 1, 2, 1420, 1, 5.445289518924504, D-LinkSensor
0, 0, 0, 1, 0, 0, 1, 0, 8976, 1, 0, 0, 0, 0, 0, 0, 0, 0, 12, 0, 2, 1, 40, 0, 0, D-LinkSensor
0, 0, 0, 1, 0, 0, 1, 0, 62, 1, 0, 0, 0, 0, 0, 0, 0, 0, 12, 0, 1, 2, 1420, 1, 5.529468421235047, D-LinkSensor
0, 0, 0, 1, 0, 0, 1, 0, 62, 1, 0, 0, 0, 0, 0, 0, 0, 0, 12, 0, 1, 2, 1420, 1, 5.30874825676471, D-LinkSensor
0, 0, 0, 1, 0, 0, 1, 0, 62, 1, 0, 0, 0, 0, 0, 0, 0, 0, 12, 0, 1, 2, 1420, 1, 4.994473711735383, D-LinkSensor
0, 0, 0, 1, 0, 0, 1, 0, 62, 1, 0, 0, 0, 0, 0, 0, 0, 0, 12, 0, 1, 2, 1420, 1, 5.330027874510621, D-LinkSensor
0, 0, 0, 1, 0, 0, 1, 0, 8976, 1, 0, 0, 0, 0, 0, 0, 0, 0, 12, 0, 2, 1, 40, 0, 0, D-LinkSensor
0, 0, 0, 1, 0, 0, 1, 0, 8976, 1, 0, 0, 0, 0, 0, 0, 0, 0, 12, 0, 2, 1, 40, 0, 0, D-LinkSensor
0, 0, 0, 1, 0, 0, 1, 0, 62, 1, 0, 0, 0, 0, 0, 0, 0, 0, 12, 0, 1, 2, 1420, 1, 5.221844704394758, D-LinkSensor
0, 0, 0, 1, 0, 0, 1, 0, 8976, 1, 0, 0, 0, 0, 0, 0, 0, 0, 12, 0, 2, 1, 40, 0, 0, D-LinkSensor
0, 0, 0, 1, 0, 0, 1, 0, 62, 1, 0, 0, 0, 0, 0, 0, 0, 0, 12, 0, 1, 2, 1420, 1, 4.948783270906128, D-LinkSensor
0, 0, 0, 1, 0, 0, 1, 0, 62, 1, 0, 0, 0, 0, 0, 0, 0, 0, 12, 0, 1, 2, 1420, 1, 4.906122906434917, D-LinkSensor
0, 0, 0, 1, 0, 0, 1, 0, 8976, 1, 0, 0, 0, 0, 0, 0, 0, 0, 12, 0, 2, 1, 40, 0, 0, D-LinkSensor
0, 0, 0, 1, 0, 0, 1, 0, 62, 1, 0, 0, 0, 0, 0, 0, 0, 0, 12, 0, 1, 2, 1420, 1, 4.9917185905826, D-LinkSensor
0, 0, 0, 1, 0, 0, 1, 0, 62, 1, 0, 0, 0, 0, 0, 0, 0, 0, 12, 0, 1, 2, 1420, 1, 3.6494308302688743, D-LinkSensor
0, 0, 0, 1, 0, 0, 1, 0, 8976, 1, 0, 0, 0, 0, 0, 0, 0, 0, 12, 0, 2, 1, 40, 0, 0, D-LinkSensor
0, 0, 0, 1, 0, 0, 1, 0, 62, 1, 0, 0, 0, 0, 0, 0, 0, 0, 12, 0, 1, 2, 1420, 1, 2.853953099685199, D-LinkSensor
0, 0, 0, 1, 0, 0, 1, 0, 62, 1, 0, 0, 0, 0, 0, 0, 0, 0, 12, 0, 1, 2, 1420, 1, 1.7810262974535027, D-LinkSensor
0, 0, 0, 1, 0, 0, 1, 0, 8976, 1, 0, 0, 0, 0, 0, 0, 0, 0, 12, 0, 2, 1, 40, 0, 0, D-LinkSensor
0, 0, 0, 1, 0, 0, 1, 0, 62, 1, 0, 0, 0, 0, 0, 0, 0, 0, 12, 0, 1, 2, 1420, 1, 5.216322462816865, D-LinkSensor
0, 0, 0, 1, 0, 0, 1, 0, 62, 1, 0, 0, 0, 0, 0, 0, 0, 0, 12, 0, 1, 2, 1420, 1, 5.944738228945674, D-LinkSensor
0, 0, 0, 1, 0, 0, 1, 0, 8976, 1, 0, 0, 0, 0, 0, 0, 0, 0, 12, 0, 2, 1, 40, 0, 0, D-LinkSensor
0, 0, 0, 1, 0, 0, 1, 0, 62, 1, 0, 0, 0, 0, 0, 0, 0, 0, 12, 0, 1, 2, 1420, 1, 4.0905448332033085, D-LinkSensor
0, 0, 0, 1, 0, 0, 1, 0, 62, 1, 0, 0, 0, 0, 0, 0, 0, 0, 12, 0, 1, 2, 1420, 1, 5.007427450854121, D-LinkSensor
0, 0, 0, 1, 0, 0, 1, 0, 62, 1, 0, 0, 0, 0, 0, 0, 0, 0, 12, 0, 1, 2, 1420, 1, 4.668546939723383, D-LinkSensor
0, 0, 0, 1, 0, 0, 1, 0, 62, 1, 0, 0, 0, 0, 0, 0, 0, 0, 12, 0, 1, 2, 1420, 1, 3.647618224653381, D-LinkSensor
0, 0, 0, 1, 0, 0, 1, 0, 8976, 1, 0, 0, 0, 0, 0, 0, 0, 0, 12, 0, 2, 1, 40, 0, 0, D-LinkSensor
0, 0, 0, 1, 0, 0, 1, 0, 8976, 1, 0, 0, 0, 0, 0, 0, 0, 0, 12, 0, 2, 1, 40, 0, 0, D-LinkSensor
0, 0, 0, 1, 0, 0, 1, 0, 62, 1, 0, 0, 0, 0, 0, 0, 0, 0, 12, 0, 1, 2, 140, 1, 1.098213149896198, D-LinkSensor
0, 0, 0, 1, 0, 0, 1, 0, 8976, 1, 0, 0, 0, 0, 0, 0, 0, 0, 12, 0, 2, 1, 40, 0, 0, D-LinkSensor
0, 0, 0, 1, 0, 0, 1, 0, 62, 1, 0, 0, 0, 0, 0, 0, 0, 0, 12, 0, 1, 2, 40, 0, 0, D-LinkSensor
0, 0, 0, 1, 0, 0, 1, 0, 5680, 0, 1, 0, 0, 0, 0, 0, 0, 0, 12, 0, 3, 1, 40, 0, 0, D-LinkSensor
0, 0, 0, 1, 0, 0, 1, 0, 7060, 0, 1, 0, 0, 0, 0, 0, 0, 0, 12, 0, 3, 1, 40, 0, 0, D-LinkSensor
0, 0, 0, 1, 0, 0, 1, 0, 390, 0, 1, 0, 0, 0, 0, 0, 0, 0, 12, 0, 1, 3, 77, 1, 5.209453365628954, D-LinkSensor
0, 0, 0, 1, 0, 0, 1, 0, 390, 0, 1, 0, 0, 0, 0, 0, 0, 0, 12, 0, 1, 3, 40, 0, 0, D-LinkSensor
0, 0, 0, 1, 0, 0, 1, 0, 657, 0, 1, 0, 0, 0, 0, 0, 0, 0, 12, 0, 1, 3, 77, 1, 5.1553993115749, D-LinkSensor
0, 0, 0, 1, 0, 0, 1, 0, 657, 0, 1, 0, 0, 0, 0, 0, 0, 0, 12, 0, 1, 3, 40, 0, 0, D-LinkSensor
0, 0, 0, 1, 0, 0, 1, 0, 0, 0, 1, 0, 0, 0, 0, 0, 0, 0, 12, 0, 3, 1, 40, 0, 0, D-LinkSensor
0, 0, 0, 1, 0, 0, 1, 0, 0, 0, 1, 0, 0, 0, 0, 0, 0, 0, 12, 0, 3, 1, 40, 0, 0, D-LinkSensor
0, 0, 0, 1, 0, 0, 1, 0, 0, 0, 1, 0, 0, 0, 0, 0, 0, 0, 12, 0, 3, 1, 40, 0, 0, D-LinkSensor
0, 0, 0, 1, 0, 0, 1, 0, 0, 0, 1, 0, 0, 0, 0, 0, 0, 0, 12, 0, 3, 1, 40, 0, 0, D-LinkSensor
0, 0, 0, 1, 0, 0, 0, 1, 0, 0, 0, 0, 0, 0, 0, 1, 0, 0, 12, 0, 2, 2, 277, 0, 0, D-LinkSensor
0, 0, 0, 1, 0, 0, 0, 1, 0, 0, 0, 0, 0, 0, 0, 1, 0, 0, 12, 0, 2, 2, 69, 0, 0, D-LinkSensor
0, 0, 0, 1, 0, 0, 0, 1, 0, 0, 0, 0, 0, 0, 0, 1, 0, 0, 12, 0, 2, 2, 472, 0, 0, D-LinkSensor
0, 0, 0, 1, 0, 0, 0, 1, 0, 0, 0, 0, 0, 0, 0, 1, 0, 0, 12, 0, 2, 2, 83, 0, 0, D-LinkSensor
0, 0, 0, 1, 0, 0, 0, 1, 0, 0, 0, 0, 0, 0, 1, 0, 0, 0, 12, 0, 3, 1, 63, 0, 0, D-LinkSensor
0, 0, 0, 1, 0, 0, 0, 1, 0, 0, 0, 0, 0, 0, 1, 0, 0, 0, 12, 0, 1, 3, 193, 0, 0, D-LinkSensor
0, 0, 0, 1, 0, 0, 1, 0, 5840, 0, 1, 0, 0, 0, 0, 0, 0, 0, 13, 0, 2, 1, 60, 0, 0, D-LinkSensor
0, 0, 0, 1, 0, 0, 1, 0, 17898, 0, 1, 0, 0, 0, 0, 0, 0, 0, 13, 0, 1, 2, 60, 0, 0, D-LinkSensor
0, 0, 0, 1, 0, 0, 1, 0, 2920, 0, 1, 0, 0, 0, 0, 0, 0, 0, 13, 0, 2, 1, 52, 0, 0, D-LinkSensor
0, 0, 0, 1, 0, 0, 1, 0, 2920, 0, 1, 0, 0, 0, 0, 0, 0, 0, 13, 0, 2, 1, 351, 1, 4.977400052984775, D-LinkSensor
0, 0, 0, 1, 0, 0, 1, 0, 75, 0, 1, 0, 0, 0, 0, 0, 0, 0, 13, 0, 1, 2, 52, 0, 0, D-LinkSensor
0, 0, 0, 1, 0, 0, 1, 0, 75, 0, 1, 0, 0, 0, 0, 0, 0, 0, 13, 0, 1, 2, 1420, 1, 7.145945082253335, D-LinkSensor
0, 0, 0, 1, 0, 0, 1, 0, 75, 0, 1, 0, 0, 0, 0, 0, 0, 0, 13, 0, 1, 2, 1420, 1, 7.246205454900595, D-LinkSensor
0, 0, 0, 1, 0, 0, 1, 0, 75, 0, 1, 0, 0, 0, 0, 0, 0, 0, 13, 0, 1, 2, 1135, 1, 7.640287697717734, D-LinkSensor
0, 0, 0, 1, 0, 0, 1, 0, 4288, 0, 1, 0, 0, 0, 0, 0, 0, 0, 13, 0, 2, 1, 52, 0, 0, D-LinkSensor
0, 0, 0, 1, 0, 0, 1, 0, 5656, 0, 1, 0, 0, 0, 0, 0, 0, 0, 13, 0, 2, 1, 52, 0, 0, D-LinkSensor
0, 0, 0, 1, 0, 0, 1, 0, 7024, 0, 1, 0, 0, 0, 0, 0, 0, 0, 13, 0, 2, 1, 52, 0, 0, D-LinkSensor
0, 0, 0, 1, 0, 0, 1, 0, 7024, 0, 1, 0, 0, 0, 0, 0, 0, 0, 13, 0, 2, 1, 178, 1, 6.276639646218226, D-LinkSensor
0, 0, 0, 1, 0, 0, 1, 0, 75, 0, 1, 0, 0, 0, 0, 0, 0, 0, 13, 0, 1, 2, 278, 1, 6.947239968985368, D-LinkSensor
0, 0, 0, 1, 0, 0, 1, 0, 7024, 0, 1, 0, 0, 0, 0, 0, 0, 0, 13, 0, 2, 1, 52, 0, 0, D-LinkSensor
0, 0, 0, 1, 0, 0, 1, 0, 7024, 0, 1, 0, 0, 0, 0, 0, 0, 0, 13, 0, 2, 1, 515, 1, 7.55868852600755, D-LinkSensor
0, 0, 0, 1, 0, 0, 1, 0, 79, 0, 1, 0, 0, 0, 0, 0, 0, 0, 13, 0, 1, 2, 52, 0, 0, D-LinkSensor
0, 0, 0, 1, 0, 0, 1, 0, 79, 0, 1, 0, 0, 0, 0, 0, 0, 0, 13, 0, 1, 2, 321, 1, 7.200299304782979, D-LinkSensor
0, 0, 0, 1, 0, 0, 1, 0, 79, 0, 1, 0, 0, 0, 0, 0, 0, 0, 13, 0, 1, 2, 83, 1, 4.825164052322361, D-LinkSensor
0, 0, 0, 1, 0, 0, 1, 0, 7024, 0, 1, 0, 0, 0, 0, 0, 0, 0, 13, 0, 2, 1, 52, 0, 0, D-LinkSensor
0, 0, 0, 1, 0, 0, 1, 0, 5840, 0, 1, 0, 0, 0, 0, 0, 0, 0, 13, 0, 2, 1, 60, 0, 0, D-LinkSensor
0, 0, 0, 1, 0, 0, 1, 0, 17898, 0, 1, 0, 0, 0, 0, 0, 0, 0, 13, 0, 1, 2, 60, 0, 0, D-LinkSensor
0, 0, 0, 1, 0, 0, 1, 0, 2920, 0, 1, 0, 0, 0, 0, 0, 0, 0, 13, 0, 2, 1, 52, 0, 0, D-LinkSensor
0, 0, 0, 1, 0, 0, 1, 0, 2920, 0, 1, 0, 0, 0, 0, 0, 0, 0, 13, 0, 2, 1, 543, 1, 6.49422811900808, D-LinkSensor
0, 0, 0, 1, 0, 0, 1, 0, 75, 0, 1, 0, 0, 0, 0, 0, 0, 0, 13, 0, 1, 2, 52, 0, 0, D-LinkSensor
0, 0, 0, 1, 0, 0, 1, 0, 75, 0, 1, 0, 0, 0, 0, 0, 0, 0, 13, 0, 1, 2, 189, 1, 6.230193739970873, D-LinkSensor
0, 0, 0, 1, 0, 0, 1, 0, 2920, 0, 1, 0, 0, 0, 0, 0, 0, 0, 13, 0, 2, 1, 52, 0, 0, D-LinkSensor
0, 0, 0, 1, 0, 0, 1, 0, 2920, 0, 1, 0, 0, 0, 0, 0, 0, 0, 13, 0, 2, 1, 103, 1, 5.397915538049931, D-LinkSensor
0, 0, 0, 1, 0, 0, 1, 0, 75, 0, 1, 0, 0, 0, 0, 0, 0, 0, 13, 0, 1, 2, 52, 0, 0, D-LinkSensor
0, 0, 0, 1, 0, 0, 1, 0, 2920, 0, 1, 0, 0, 0, 0, 0, 0, 0, 13, 0, 2, 1, 408, 1, 7.477487135971728, D-LinkSensor
0, 0, 0, 1, 0, 0, 1, 0, 79, 0, 1, 0, 0, 0, 0, 0, 0, 0, 13, 0, 1, 2, 52, 0, 0, D-LinkSensor
0, 0, 0, 1, 0, 0, 1, 0, 79, 0, 1, 0, 0, 0, 0, 0, 0, 0, 13, 0, 1, 2, 448, 1, 7.415382055800853, D-LinkSensor
0, 0, 0, 1, 0, 0, 1, 0, 79, 0, 1, 0, 0, 0, 0, 0, 0, 0, 13, 0, 1, 2, 83, 1, 4.696131794257844, D-LinkSensor
0, 0, 0, 1, 0, 0, 0, 1, 0, 0, 0, 0, 0, 0, 1, 0, 0, 0, 13, 0, 2, 1, 65, 0, 0, D-LinkSensor
0, 0, 0, 1, 0, 0, 0, 1, 0, 0, 0, 0, 0, 0, 1, 0, 0, 0, 13, 0, 1, 2, 81, 0, 0, D-LinkSensor
0, 0, 0, 1, 0, 0, 1, 0, 5840, 0, 1, 0, 0, 0, 0, 0, 0, 0, 14, 0, 3, 1, 60, 0, 0, D-LinkSensor
0, 0, 0, 1, 0, 0, 1, 0, 3456, 0, 1, 0, 0, 0, 0, 0, 0, 0, 14, 0, 2, 1, 52, 0, 0, D-LinkSensor
0, 0, 0, 1, 0, 0, 1, 0, 2048, 0, 1, 0, 0, 0, 0, 0, 0, 0, 14, 0, 1, 3, 52, 0, 0, D-LinkSensor
0, 0, 0, 1, 0, 0, 1, 0, 2920, 0, 1, 0, 0, 0, 0, 0, 0, 0, 14, 0, 3, 1, 40, 0, 0, D-LinkSensor
0, 0, 0, 1, 0, 0, 1, 0, 2920, 0, 1, 0, 0, 0, 0, 0, 0, 0, 14, 0, 3, 1, 339, 1, 4.980376332523728, D-LinkSensor
0, 0, 0, 1, 0, 0, 1, 0, 390, 0, 1, 0, 0, 0, 0, 0, 0, 0, 14, 0, 1, 3, 40, 0, 0, D-LinkSensor
0, 0, 0, 1, 0, 0, 1, 0, 390, 0, 1, 0, 0, 0, 0, 0, 0, 0, 14, 0, 1, 3, 98, 1, 4.891537067454982, D-LinkSensor
0, 0, 0, 1, 0, 0, 1, 0, 390, 0, 1, 0, 0, 0, 0, 0, 0, 0, 14, 0, 1, 3, 1420, 1, 7.214848183228593, D-LinkSensor
0, 0, 0, 1, 0, 0, 1, 0, 390, 0, 1, 0, 0, 0, 0, 0, 0, 0, 14, 0, 1, 3, 1420, 1, 7.1070261665549275, D-LinkSensor
0, 0, 0, 1, 0, 0, 1, 0, 390, 0, 1, 0, 0, 0, 0, 0, 0, 0, 14, 0, 1, 3, 686, 1, 7.530092497800246, D-LinkSensor
0, 0, 0, 1, 0, 0, 1, 0, 2920, 0, 1, 0, 0, 0, 0, 0, 0, 0, 14, 0, 3, 1, 40, 0, 0, D-LinkSensor
0, 0, 0, 1, 0, 0, 1, 0, 4300, 0, 1, 0, 0, 0, 0, 0, 0, 0, 14, 0, 3, 1, 40, 0, 0, D-LinkSensor
0, 0, 0, 1, 0, 0, 1, 0, 5680, 0, 1, 0, 0, 0, 0, 0, 0, 0, 14, 0, 3, 1, 40, 0, 0, D-LinkSensor
0, 0, 0, 1, 0, 0, 1, 0, 5680, 0, 1, 0, 0, 0, 0, 0, 0, 0, 14, 0, 3, 1, 40, 0, 0, D-LinkSensor
0, 0, 0, 1, 0, 0, 1, 0, 390, 0, 1, 0, 0, 0, 0, 0, 0, 0, 14, 0, 1, 3, 378, 1, 7.294912019481838, D-LinkSensor
0, 0, 0, 1, 0, 0, 1, 0, 390, 0, 1, 0, 0, 0, 0, 0, 0, 0, 14, 0, 1, 3, 49, 1, 2.058813890331201, D-LinkSensor
0, 0, 0, 1, 0, 0, 1, 0, 5680, 0, 1, 0, 0, 0, 0, 0, 0, 0, 14, 0, 3, 1, 40, 0, 0, D-LinkSensor
0, 0, 0, 1, 0, 0, 1, 0, 5680, 0, 1, 0, 0, 0, 0, 0, 0, 0, 14, 0, 3, 1, 40, 0, 0, D-LinkSensor
0, 0, 0, 1, 0, 0, 1, 0, 5680, 0, 1, 0, 0, 0, 0, 0, 0, 0, 14, 0, 3, 1, 166, 1, 6.325383372012481, D-LinkSensor
0, 0, 0, 1, 0, 0, 1, 0, 390, 0, 1, 0, 0, 0, 0, 0, 0, 0, 14, 0, 1, 3, 159, 1, 6.333852322113293, D-LinkSensor
0, 0, 0, 1, 0, 0, 1, 0, 390, 0, 1, 0, 0, 0, 0, 0, 0, 0, 14, 0, 1, 3, 46, 1, 1.9182958340544896, D-LinkSensor
0, 0, 0, 1, 0, 0, 1, 0, 390, 0, 1, 0, 0, 0, 0, 0, 0, 0, 14, 0, 1, 3, 85, 1, 4.72453476270788, D-LinkSensor
0, 0, 0, 1, 0, 0, 1, 0, 5680, 0, 1, 0, 0, 0, 0, 0, 0, 0, 14, 0, 3, 1, 40, 0, 0, D-LinkSensor
0, 0, 0, 1, 0, 0, 1, 0, 5680, 0, 1, 0, 0, 0, 0, 0, 0, 0, 14, 0, 3, 1, 202, 1, 6.722324694135798, D-LinkSensor
0, 0, 0, 1, 0, 0, 1, 0, 390, 0, 1, 0, 0, 0, 0, 0, 0, 0, 14, 0, 1, 3, 40, 0, 0, D-LinkSensor
0, 0, 0, 1, 0, 0, 1, 0, 390, 0, 1, 0, 0, 0, 0, 0, 0, 0, 14, 0, 1, 3, 40, 0, 0, D-LinkSensor
0, 0, 0, 1, 0, 0, 1, 0, 5680, 0, 1, 0, 0, 0, 0, 0, 0, 0, 14, 0, 3, 1, 40, 0, 0, D-LinkSensor
1, 0, 0, 0, 0, 0, 0, 0, 0, 0, 0, 0, 0, 0, 0, 0, 0, 0, 14, 0, 0, 0, 0, 0, 0, D-LinkSensor
1, 0, 0, 0, 0, 0, 0, 0, 0, 0, 0, 0, 0, 0, 0, 0, 0, 0, 14, 0, 0, 0, 0, 0, 0, D-LinkSensor
0, 0, 0, 1, 0, 0, 1, 0, 390, 0, 1, 0, 0, 0, 0, 0, 0, 0, 14, 0, 1, 3, 40, 0, 0, D-LinkSensor
0, 0, 0, 1, 0, 0, 1, 0, 5680, 0, 1, 0, 0, 0, 0, 0, 0, 0, 14, 0, 3, 1, 40, 0, 0, D-LinkSensor
0, 0, 0, 1, 0, 0, 1, 0, 390, 0, 1, 0, 0, 0, 0, 0, 0, 0, 14, 0, 1, 3, 40, 0, 0, D-LinkSensor
0, 0, 0, 1, 0, 0, 1, 0, 5680, 0, 1, 0, 0, 0, 0, 0, 0, 0, 14, 0, 3, 1, 40, 0, 0, D-LinkSensor
0, 0, 0, 1, 0, 0, 1, 0, 390, 0, 1, 0, 0, 0, 0, 0, 0, 0, 14, 0, 1, 3, 40, 0, 0, D-LinkSensor
0, 0, 0, 1, 0, 0, 1, 0, 5680, 0, 1, 0, 0, 0, 0, 0, 0, 0, 14, 0, 3, 1, 40, 0, 0, D-LinkSensor
0, 0, 0, 1, 0, 0, 1, 0, 390, 0, 1, 0, 0, 0, 0, 0, 0, 0, 14, 0, 1, 3, 40, 0, 0, D-LinkSensor
0, 0, 0, 1, 0, 0, 1, 0, 5680, 0, 1, 0, 0, 0, 0, 0, 0, 0, 14, 0, 3, 1, 40, 0, 0, D-LinkSensor
0, 0, 0, 1, 0, 0, 1, 0, 390, 0, 1, 0, 0, 0, 0, 0, 0, 0, 14, 0, 1, 3, 40, 0, 0, D-LinkSensor
0, 0, 0, 1, 0, 0, 1, 0, 5680, 0, 1, 0, 0, 0, 0, 0, 0, 0, 14, 0, 3, 1, 40, 0, 0, D-LinkSensor
