0, 0, 1, 0, 0, 0, 0, 0, 0, 0, 0, 0, 0, 0, 0, 0, 0, 0, 0, 0, 0, 0, 95, 1, 2.9164246618851726, D-LinkCam
0, 0, 1, 0, 0, 0, 0, 0, 0, 0, 0, 0, 0, 0, 0, 0, 0, 0, 0, 0, 0, 0, 117, 1, 4.195193049988769, D-LinkCam
0, 0, 1, 0, 0, 0, 0, 0, 0, 0, 0, 0, 0, 0, 0, 0, 0, 0, 0, 0, 0, 0, 151, 1, 5.445411399833693, D-LinkCam
0, 0, 1, 0, 0, 0, 0, 0, 0, 0, 0, 0, 0, 0, 0, 0, 0, 0, 0, 0, 0, 0, 95, 1, 1.7119656182620817, D-LinkCam
0, 0, 0, 1, 0, 0, 0, 1, 0, 0, 0, 0, 0, 0, 0, 1, 0, 0, 1, 0, 2, 2, 401, 0, 0, D-LinkCam
0, 0, 0, 1, 0, 0, 0, 1, 0, 0, 0, 0, 0, 0, 0, 1, 0, 0, 1, 0, 2, 2, 401, 0, 0, D-LinkCam
1, 0, 0, 0, 0, 0, 0, 0, 0, 0, 0, 0, 0, 0, 0, 0, 0, 0, 1, 0, 0, 0, 0, 0, 0, D-LinkCam
1, 0, 0, 0, 0, 0, 0, 0, 0, 0, 0, 0, 0, 0, 0, 0, 0, 0, 1, 0, 0, 0, 0, 0, 0, D-LinkCam
0, 0, 0, 1, 0, 0, 0, 1, 0, 0, 0, 0, 0, 0, 0, 1, 0, 0, 1, 0, 2, 2, 207, 0, 0, D-LinkCam
0, 0, 0, 1, 0, 0, 0, 1, 0, 0, 0, 0, 0, 0, 0, 1, 0, 0, 1, 0, 2, 2, 207, 0, 0, D-LinkCam
0, 0, 0, 1, 0, 0, 0, 1, 0, 0, 0, 0, 0, 0, 0, 1, 0, 0, 1, 0, 2, 2, 207, 0, 0, D-LinkCam
0, 0, 0, 1, 0, 0, 0, 1, 0, 0, 0, 0, 0, 0, 0, 1, 0, 0, 1, 0, 2, 2, 207, 0, 0, D-LinkCam
1, 0, 0, 0, 0, 0, 0, 0, 0, 0, 0, 0, 0, 0, 0, 0, 0, 0, 1, 0, 0, 0, 0, 0, 0, D-LinkCam
1, 0, 0, 0, 0, 0, 0, 0, 0, 0, 0, 0, 0, 0, 0, 0, 0, 0, 1, 0, 0, 0, 0, 0, 0, D-LinkCam
0, 0, 0, 1, 0, 0, 0, 1, 0, 0, 0, 1, 1, 0, 0, 0, 0, 0, 2, 0, 1, 1, 328, 0, 0, D-LinkCam
0, 0, 0, 1, 0, 0, 0, 1, 0, 0, 0, 1, 1, 0, 0, 0, 0, 0, 2, 0, 1, 1, 328, 0, 0, D-LinkCam
0, 0, 0, 1, 0, 0, 0, 1, 0, 0, 0, 1, 1, 0, 0, 0, 0, 0, 2, 0, 1, 1, 330, 0, 0, D-LinkCam
0, 0, 0, 1, 0, 0, 0, 1, 0, 0, 0, 1, 1, 0, 0, 0, 0, 0, 2, 0, 1, 1, 330, 0, 0, D-LinkCam
0, 0, 0, 1, 0, 0, 0, 0, 0, 0, 0, 0, 0, 0, 0, 0, 0, 0, 3, 0, 0, 0, 40, 1, 2.216917186688699, D-LinkCam
0, 0, 0, 1, 0, 0, 0, 0, 0, 0, 0, 0, 0, 0, 0, 0, 0, 0, 3, 0, 0, 0, 40, 1, 2.216917186688699, D-LinkCam
0, 0, 0, 1, 0, 0, 0, 0, 0, 0, 0, 0, 0, 0, 0, 0, 0, 0, 3, 0, 0, 0, 48, 1, 2.197338796187554, D-LinkCam
0, 0, 0, 1, 0, 0, 0, 0, 0, 0, 0, 0, 0, 0, 0, 0, 0, 0, 3, 0, 0, 0, 48, 1, 2.197338796187554, D-LinkCam
0, 0, 0, 1, 0, 0, 0, 0, 0, 0, 0, 0, 0, 0, 0, 0, 0, 0, 3, 0, 0, 0, 48, 1, 2.625814583693912, D-LinkCam
0, 0, 0, 1, 0, 0, 0, 0, 0, 0, 0, 0, 0, 0, 0, 0, 0, 0, 3, 0, 0, 0, 48, 1, 2.625814583693912, D-LinkCam
1, 0, 0, 0, 0, 0, 0, 0, 0, 0, 0, 0, 0, 0, 0, 0, 0, 0, 3, 0, 0, 0, 0, 0, 0, D-LinkCam
1, 0, 0, 0, 0, 0, 0, 0, 0, 0, 0, 0, 0, 0, 0, 0, 0, 0, 3, 0, 0, 0, 0, 0, 0, D-LinkCam
1, 0, 0, 0, 0, 0, 0, 0, 0, 0, 0, 0, 0, 0, 0, 0, 0, 0, 3, 0, 0, 0, 0, 0, 0, D-LinkCam
0, 0, 0, 1, 0, 0, 0, 1, 0, 0, 0, 0, 0, 0, 1, 0, 0, 0, 4, 0, 3, 1, 60, 0, 0, D-LinkCam
0, 0, 0, 1, 0, 0, 0, 0, 0, 0, 0, 0, 0, 0, 0, 0, 0, 0, 4, 0, 0, 0, 48, 1, 2.7091479170272454, D-LinkCam
0, 0, 0, 1, 0, 0, 0, 0, 0, 0, 0, 0, 0, 0, 0, 0, 0, 0, 4, 0, 0, 0, 48, 1, 2.7091479170272454, D-LinkCam
0, 0, 0, 1, 0, 0, 0, 1, 0, 0, 0, 0, 0, 0, 0, 1, 0, 0, 4, 0, 2, 2, 147, 0, 0, D-LinkCam
0, 0, 0, 1, 0, 0, 0, 1, 0, 0, 0, 0, 0, 0, 0, 1, 0, 0, 4, 0, 2, 2, 147, 0, 0, D-LinkCam
0, 0, 0, 1, 0, 0, 0, 1, 0, 0, 0, 0, 0, 0, 0, 1, 0, 0, 4, 0, 2, 2, 151, 0, 0, D-LinkCam
0, 0, 0, 1, 0, 0, 0, 1, 0, 0, 0, 0, 0, 0, 0, 1, 0, 0, 4, 0, 2, 2, 151, 0, 0, D-LinkCam
0, 0, 0, 1, 0, 0, 0, 1, 0, 0, 0, 0, 0, 0, 0, 1, 0, 0, 4, 0, 2, 2, 155, 0, 0, D-LinkCam
0, 0, 0, 1, 0, 0, 0, 1, 0, 0, 0, 0, 0, 0, 0, 1, 0, 0, 4, 0, 2, 2, 155, 0, 0, D-LinkCam
0, 0, 0, 1, 0, 0, 0, 1, 0, 0, 0, 0, 0, 0, 0, 1, 0, 0, 4, 0, 2, 2, 147, 0, 0, D-LinkCam
0, 0, 0, 1, 0, 0, 0, 1, 0, 0, 0, 0, 0, 0, 0, 1, 0, 0, 4, 0, 2, 2, 147, 0, 0, D-LinkCam
0, 0, 0, 1, 0, 0, 0, 1, 0, 0, 0, 0, 0, 0, 0, 1, 0, 0, 4, 0, 2, 2, 155, 0, 0, D-LinkCam
0, 0, 0, 1, 0, 0, 0, 1, 0, 0, 0, 0, 0, 0, 0, 1, 0, 0, 4, 0, 2, 2, 155, 0, 0, D-LinkCam
0, 0, 0, 1, 0, 0, 0, 1, 0, 0, 0, 0, 0, 0, 0, 1, 0, 0, 4, 0, 2, 2, 155, 0, 0, D-LinkCam
0, 0, 0, 1, 0, 0, 0, 1, 0, 0, 0, 0, 0, 0, 0, 1, 0, 0, 4, 0, 2, 2, 155, 0, 0, D-LinkCam
0, 0, 0, 1, 0, 0, 0, 1, 0, 0, 0, 0, 0, 0, 0, 1, 0, 0, 4, 0, 2, 2, 147, 0, 0, D-LinkCam
0, 0, 0, 1, 0, 0, 0, 1, 0, 0, 0, 0, 0, 0, 0, 1, 0, 0, 4, 0, 2, 2, 147, 0, 0, D-LinkCam
0, 0, 0, 1, 0, 0, 0, 1, 0, 0, 0, 0, 0, 0, 0, 1, 0, 0, 4, 0, 2, 2, 155, 0, 0, D-LinkCam
0, 0, 0, 1, 0, 0, 0, 1, 0, 0, 0, 0, 0, 0, 0, 1, 0, 0, 4, 0, 2, 2, 155, 0, 0, D-LinkCam
0, 0, 0, 1, 0, 0, 0, 1, 0, 0, 0, 0, 0, 0, 0, 1, 0, 0, 4, 0, 2, 2, 155, 0, 0, D-LinkCam
0, 0, 0, 1, 0, 0, 0, 1, 0, 0, 0, 0, 0, 0, 0, 1, 0, 0, 4, 0, 2, 2, 155, 0, 0, D-LinkCam
0, 0, 0, 1, 0, 0, 0, 1, 0, 0, 0, 0, 0, 0, 0, 1, 0, 0, 4, 0, 2, 2, 397, 0, 0, D-LinkCam
0, 0, 0, 1, 0, 0, 0, 1, 0, 0, 0, 0, 0, 0, 0, 1, 0, 0, 4, 0, 2, 2, 397, 0, 0, D-LinkCam
0, 0, 0, 1, 0, 0, 0, 1, 0, 0, 0, 0, 0, 0, 0, 1, 0, 0, 4, 0, 2, 2, 133, 0, 0, D-LinkCam
0, 0, 0, 1, 0, 0, 0, 1, 0, 0, 0, 0, 0, 0, 0, 1, 0, 0, 4, 0, 2, 2, 133, 0, 0, D-LinkCam
0, 0, 0, 1, 0, 0, 0, 1, 0, 0, 0, 0, 0, 0, 0, 1, 0, 0, 4, 0, 2, 2, 70, 0, 0, D-LinkCam
0, 0, 0, 1, 0, 0, 0, 1, 0, 0, 0, 0, 0, 0, 0, 1, 0, 0, 4, 0, 2, 2, 70, 0, 0, D-LinkCam
0, 0, 0, 1, 0, 0, 0, 0, 0, 0, 0, 0, 0, 0, 0, 0, 0, 0, 4, 0, 0, 0, 48, 1, 2.197338796187554, D-LinkCam
0, 0, 0, 1, 0, 0, 0, 0, 0, 0, 0, 0, 0, 0, 0, 0, 0, 0, 4, 0, 0, 0, 48, 1, 2.197338796187554, D-LinkCam
0, 0, 0, 1, 0, 0, 0, 1, 0, 0, 0, 0, 0, 1, 0, 0, 0, 0, 5, 0, 2, 2, 178, 1, 5.0470742555799255, D-LinkCam
0, 0, 0, 1, 0, 0, 0, 1, 0, 0, 0, 0, 0, 1, 0, 0, 0, 0, 5, 0, 2, 2, 178, 1, 5.0470742555799255, D-LinkCam
0, 0, 0, 1, 0, 0, 0, 1, 0, 0, 0, 0, 0, 1, 0, 0, 0, 0, 5, 0, 2, 2, 165, 1, 4.912797041419015, D-LinkCam
0, 0, 0, 1, 0, 0, 0, 1, 0, 0, 0, 0, 0, 1, 0, 0, 0, 0, 5, 0, 2, 2, 165, 1, 4.912797041419015, D-LinkCam
0, 0, 0, 1, 0, 0, 0, 1, 0, 0, 0, 0, 0, 1, 0, 0, 0, 0, 5, 0, 2, 2, 224, 1, 5.17572925579648, D-LinkCam
0, 0, 0, 1, 0, 0, 0, 1, 0, 0, 0, 0, 0, 1, 0, 0, 0, 0, 5, 0, 2, 2, 224, 1, 5.17572925579648, D-LinkCam
0, 0, 0, 1, 0, 0, 0, 1, 0, 0, 0, 0, 0, 1, 0, 0, 0, 0, 5, 0, 2, 2, 226, 1, 5.1353661676329265, D-LinkCam
0, 0, 0, 1, 0, 0, 0, 1, 0, 0, 0, 0, 0, 1, 0, 0, 0, 0, 5, 0, 2, 2, 226, 1, 5.1353661676329265, D-LinkCam
0, 0, 0, 1, 0, 0, 0, 1, 0, 0, 0, 0, 0, 1, 0, 0, 0, 0, 5, 0, 2, 2, 165, 1, 4.945383854898651, D-LinkCam
0, 0, 0, 1, 0, 0, 0, 1, 0, 0, 0, 0, 0, 1, 0, 0, 0, 0, 5, 0, 2, 2, 165, 1, 4.945383854898651, D-LinkCam
0, 0, 0, 1, 0, 0, 0, 1, 0, 0, 0, 0, 0, 1, 0, 0, 0, 0, 5, 0, 2, 2, 178, 1, 5.0470742555799255, D-LinkCam
0, 0, 0, 1, 0, 0, 0, 1, 0, 0, 0, 0, 0, 1, 0, 0, 0, 0, 5, 0, 2, 2, 178, 1, 5.0470742555799255, D-LinkCam
0, 0, 0, 1, 0, 0, 0, 0, 0, 0, 0, 0, 0, 0, 0, 0, 0, 0, 5, 0, 0, 0, 48, 1, 2.625814583693912, D-LinkCam
0, 0, 0, 1, 0, 0, 0, 0, 0, 0, 0, 0, 0, 0, 0, 0, 0, 0, 5, 0, 0, 0, 48, 1, 2.625814583693912, D-LinkCam
0, 0, 0, 1, 0, 0, 0, 1, 0, 0, 0, 0, 0, 0, 0, 1, 0, 0, 5, 0, 2, 2, 207, 0, 0, D-LinkCam
0, 0, 0, 1, 0, 0, 0, 1, 0, 0, 0, 0, 0, 0, 0, 1, 0, 0, 5, 0, 2, 2, 207, 0, 0, D-LinkCam
0, 0, 0, 1, 0, 0, 0, 1, 0, 0, 0, 0, 0, 1, 0, 0, 0, 0, 5, 0, 2, 2, 165, 1, 4.912797041419015, D-LinkCam
0, 0, 0, 1, 0, 0, 0, 1, 0, 0, 0, 0, 0, 1, 0, 0, 0, 0, 5, 0, 2, 2, 165, 1, 4.912797041419015, D-LinkCam
0, 0, 0, 1, 0, 0, 0, 1, 0, 0, 0, 0, 0, 1, 0, 0, 0, 0, 5, 0, 2, 2, 224, 1, 5.17572925579648, D-LinkCam
0, 0, 0, 1, 0, 0, 0, 1, 0, 0, 0, 0, 0, 1, 0, 0, 0, 0, 5, 0, 2, 2, 224, 1, 5.17572925579648, D-LinkCam
0, 0, 0, 1, 0, 0, 0, 1, 0, 0, 0, 0, 0, 1, 0, 0, 0, 0, 5, 0, 2, 2, 226, 1, 5.1353661676329265, D-LinkCam
0, 0, 0, 1, 0, 0, 0, 1, 0, 0, 0, 0, 0, 1, 0, 0, 0, 0, 5, 0, 2, 2, 226, 1, 5.1353661676329265, D-LinkCam
0, 0, 0, 1, 0, 0, 0, 1, 0, 0, 0, 0, 0, 1, 0, 0, 0, 0, 5, 0, 2, 2, 165, 1, 4.945383854898651, D-LinkCam
0, 0, 0, 1, 0, 0, 0, 1, 0, 0, 0, 0, 0, 1, 0, 0, 0, 0, 5, 0, 2, 2, 165, 1, 4.945383854898651, D-LinkCam
0, 0, 0, 1, 0, 0, 0, 1, 0, 0, 0, 0, 0, 1, 0, 0, 0, 0, 5, 0, 2, 2, 265, 1, 5.330659248042689, D-LinkCam
0, 0, 0, 1, 0, 0, 0, 1, 0, 0, 0, 0, 0, 1, 0, 0, 0, 0, 5, 0, 2, 2, 265, 1, 5.330659248042689, D-LinkCam
0, 0, 0, 1, 0, 0, 0, 1, 0, 0, 0, 0, 0, 1, 0, 0, 0, 0, 5, 0, 2, 2, 269, 1, 5.418439107371, D-LinkCam
0, 0, 0, 1, 0, 0, 0, 1, 0, 0, 0, 0, 0, 1, 0, 0, 0, 0, 5, 0, 2, 2, 269, 1, 5.418439107371, D-LinkCam
0, 0, 0, 1, 0, 0, 0, 1, 0, 0, 0, 0, 0, 1, 0, 0, 0, 0, 5, 0, 2, 2, 265, 1, 5.330659248042689, D-LinkCam
0, 0, 0, 1, 0, 0, 0, 1, 0, 0, 0, 0, 0, 1, 0, 0, 0, 0, 5, 0, 2, 2, 265, 1, 5.330659248042689, D-LinkCam
0, 0, 0, 1, 0, 0, 0, 1, 0, 0, 0, 0, 0, 1, 0, 0, 0, 0, 5, 0, 2, 2, 269, 1, 5.418439107371, D-LinkCam
0, 0, 0, 1, 0, 0, 0, 1, 0, 0, 0, 0, 0, 1, 0, 0, 0, 0, 5, 0, 2, 2, 269, 1, 5.418439107371, D-LinkCam
0, 0, 0, 1, 0, 0, 0, 1, 0, 0, 0, 0, 0, 1, 0, 0, 0, 0, 5, 0, 2, 2, 252, 1, 5.210072095313042, D-LinkCam
0, 0, 0, 1, 0, 0, 0, 1, 0, 0, 0, 0, 0, 1, 0, 0, 0, 0, 5, 0, 2, 2, 252, 1, 5.210072095313042, D-LinkCam
0, 0, 0, 1, 0, 0, 0, 1, 0, 0, 0, 0, 0, 1, 0, 0, 0, 0, 5, 0, 2, 2, 252, 1, 5.381296945363581, D-LinkCam
0, 0, 0, 1, 0, 0, 0, 1, 0, 0, 0, 0, 0, 1, 0, 0, 0, 0, 5, 0, 2, 2, 252, 1, 5.381296945363581, D-LinkCam
0, 0, 0, 1, 0, 0, 0, 1, 0, 0, 0, 0, 0, 1, 0, 0, 0, 0, 5, 0, 2, 2, 252, 1, 5.210072095313042, D-LinkCam
0, 0, 0, 1, 0, 0, 0, 1, 0, 0, 0, 0, 0, 1, 0, 0, 0, 0, 5, 0, 2, 2, 252, 1, 5.210072095313042, D-LinkCam
0, 0, 0, 1, 0, 0, 0, 1, 0, 0, 0, 0, 0, 1, 0, 0, 0, 0, 5, 0, 2, 2, 252, 1, 5.381296945363581, D-LinkCam
0, 0, 0, 1, 0, 0, 0, 1, 0, 0, 0, 0, 0, 1, 0, 0, 0, 0, 5, 0, 2, 2, 252, 1, 5.381296945363581, D-LinkCam
0, 0, 0, 1, 0, 0, 0, 1, 0, 0, 0, 0, 0, 1, 0, 0, 0, 0, 5, 0, 2, 2, 311, 1, 5.361451062157666, D-LinkCam
0, 0, 0, 1, 0, 0, 0, 1, 0, 0, 0, 0, 0, 1, 0, 0, 0, 0, 5, 0, 2, 2, 311, 1, 5.361451062157666, D-LinkCam
0, 0, 0, 1, 0, 0, 0, 1, 0, 0, 0, 0, 0, 1, 0, 0, 0, 0, 5, 0, 2, 2, 292, 1, 5.4321055482205125, D-LinkCam
0, 0, 0, 1, 0, 0, 0, 1, 0, 0, 0, 0, 0, 1, 0, 0, 0, 0, 5, 0, 2, 2, 292, 1, 5.4321055482205125, D-LinkCam
0, 0, 0, 1, 0, 0, 0, 1, 0, 0, 0, 0, 0, 1, 0, 0, 0, 0, 5, 0, 2, 2, 311, 1, 5.361451062157666, D-LinkCam
0, 0, 0, 1, 0, 0, 0, 1, 0, 0, 0, 0, 0, 1, 0, 0, 0, 0, 5, 0, 2, 2, 311, 1, 5.361451062157666, D-LinkCam
0, 0, 0, 1, 0, 0, 0, 1, 0, 0, 0, 0, 0, 1, 0, 0, 0, 0, 5, 0, 2, 2, 292, 1, 5.4321055482205125, D-LinkCam
0, 0, 0, 1, 0, 0, 0, 1, 0, 0, 0, 0, 0, 1, 0, 0, 0, 0, 5, 0, 2, 2, 292, 1, 5.4321055482205125, D-LinkCam
0, 0, 0, 1, 0, 0, 0, 1, 0, 0, 0, 0, 0, 1, 0, 0, 0, 0, 5, 0, 2, 2, 313, 1, 5.359205229981012, D-LinkCam
0, 0, 0, 1, 0, 0, 0, 1, 0, 0, 0, 0, 0, 1, 0, 0, 0, 0, 5, 0, 2, 2, 313, 1, 5.359205229981012, D-LinkCam
0, 0, 0, 1, 0, 0, 0, 1, 0, 0, 0, 0, 0, 1, 0, 0, 0, 0, 5, 0, 2, 2, 293, 1, 5.4274714739108, D-LinkCam
0, 0, 0, 1, 0, 0, 0, 1, 0, 0, 0, 0, 0, 1, 0, 0, 0, 0, 5, 0, 2, 2, 293, 1, 5.4274714739108, D-LinkCam
0, 0, 0, 1, 0, 0, 0, 1, 0, 0, 0, 0, 0, 1, 0, 0, 0, 0, 5, 0, 2, 2, 313, 1, 5.359205229981012, D-LinkCam
0, 0, 0, 1, 0, 0, 0, 1, 0, 0, 0, 0, 0, 1, 0, 0, 0, 0, 5, 0, 2, 2, 313, 1, 5.359205229981012, D-LinkCam
0, 0, 0, 1, 0, 0, 0, 1, 0, 0, 0, 0, 0, 1, 0, 0, 0, 0, 5, 0, 2, 2, 293, 1, 5.4274714739108, D-LinkCam
0, 0, 0, 1, 0, 0, 0, 1, 0, 0, 0, 0, 0, 1, 0, 0, 0, 0, 5, 0, 2, 2, 293, 1, 5.4274714739108, D-LinkCam
0, 0, 0, 1, 0, 0, 0, 1, 0, 0, 0, 0, 0, 0, 0, 1, 0, 0, 5, 0, 2, 2, 191, 0, 0, D-LinkCam
0, 0, 0, 1, 0, 0, 0, 1, 0, 0, 0, 0, 0, 0, 0, 1, 0, 0, 5, 0, 2, 2, 191, 0, 0, D-LinkCam
0, 0, 0, 1, 0, 0, 0, 1, 0, 0, 0, 0, 0, 0, 1, 0, 0, 0, 6, 0, 2, 1, 60, 0, 0, D-LinkCam
0, 0, 0, 1, 0, 0, 0, 1, 0, 0, 0, 0, 0, 0, 1, 0, 0, 0, 7, 0, 1, 2, 92, 0, 0, D-LinkCam
0, 0, 0, 1, 0, 0, 0, 1, 0, 0, 0, 0, 0, 0, 0, 0, 1, 0, 8, 0, 3, 1, 76, 0, 0, D-LinkCam
0, 0, 0, 1, 0, 0, 0, 1, 0, 0, 0, 0, 0, 0, 0, 0, 1, 0, 8, 0, 1, 3, 76, 0, 0, D-LinkCam
0, 0, 0, 1, 0, 0, 0, 1, 0, 0, 0, 0, 0, 0, 0, 1, 0, 0, 8, 0, 2, 2, 397, 0, 0, D-LinkCam
0, 0, 0, 1, 0, 0, 0, 1, 0, 0, 0, 0, 0, 0, 0, 1, 0, 0, 8, 0, 2, 2, 397, 0, 0, D-LinkCam
0, 0, 0, 1, 0, 0, 0, 1, 0, 0, 0, 0, 0, 0, 0, 1, 0, 0, 8, 0, 2, 2, 207, 0, 0, D-LinkCam
0, 0, 0, 1, 0, 0, 0, 1, 0, 0, 0, 0, 0, 0, 0, 1, 0, 0, 8, 0, 2, 2, 207, 0, 0, D-LinkCam
0, 0, 0, 1, 0, 0, 0, 1, 0, 0, 0, 0, 0, 0, 0, 1, 0, 0, 8, 0, 2, 2, 207, 0, 0, D-LinkCam
0, 0, 0, 1, 0, 0, 0, 1, 0, 0, 0, 0, 0, 0, 0, 1, 0, 0, 8, 0, 2, 2, 207, 0, 0, D-LinkCam
0, 0, 0, 1, 0, 0, 0, 1, 0, 0, 0, 0, 0, 0, 0, 1, 0, 0, 8, 0, 2, 2, 322, 0, 0, D-LinkCam
0, 0, 0, 1, 0, 0, 0, 1, 0, 0, 0, 0, 0, 0, 0, 1, 0, 0, 8, 0, 2, 2, 322, 0, 0, D-LinkCam
0, 0, 0, 1, 0, 0, 0, 1, 0, 0, 0, 0, 0, 1, 0, 0, 0, 0, 8, 0, 2, 2, 313, 1, 5.359205229981012, D-LinkCam
0, 0, 0, 1, 0, 0, 0, 1, 0, 0, 0, 0, 0, 1, 0, 0, 0, 0, 8, 0, 2, 2, 313, 1, 5.359205229981012, D-LinkCam
0, 0, 0, 1, 0, 0, 0, 1, 0, 0, 0, 0, 0, 1, 0, 0, 0, 0, 8, 0, 2, 2, 293, 1, 5.4274714739108, D-LinkCam
0, 0, 0, 1, 0, 0, 0, 1, 0, 0, 0, 0, 0, 1, 0, 0, 0, 0, 8, 0, 2, 2, 293, 1, 5.4274714739108, D-LinkCam
0, 0, 0, 1, 0, 0, 0, 1, 0, 0, 0, 0, 0, 1, 0, 0, 0, 0, 8, 0, 2, 2, 313, 1, 5.359205229981012, D-LinkCam
0, 0, 0, 1, 0, 0, 0, 1, 0, 0, 0, 0, 0, 1, 0, 0, 0, 0, 8, 0, 2, 2, 313, 1, 5.359205229981012, D-LinkCam
0, 0, 0, 1, 0, 0, 0, 1, 0, 0, 0, 0, 0, 1, 0, 0, 0, 0, 8, 0, 2, 2, 293, 1, 5.4274714739108, D-LinkCam
0, 0, 0, 1, 0, 0, 0, 1, 0, 0, 0, 0, 0, 1, 0, 0, 0, 0, 8, 0, 2, 2, 293, 1, 5.4274714739108, D-LinkCam
0, 0, 0, 1, 0, 0, 0, 1, 0, 0, 0, 0, 0, 1, 0, 0, 0, 0, 8, 0, 2, 2, 311, 1, 5.361451062157666, D-LinkCam
0, 0, 0, 1, 0, 0, 0, 1, 0, 0, 0, 0, 0, 1, 0, 0, 0, 0, 8, 0, 2, 2, 311, 1, 5.361451062157666, D-LinkCam
0, 0, 0, 1, 0, 0, 0, 1, 0, 0, 0, 0, 0, 1, 0, 0, 0, 0, 8, 0, 2, 2, 292, 1, 5.4321055482205125, D-LinkCam
0, 0, 0, 1, 0, 0, 0, 1, 0, 0, 0, 0, 0, 1, 0, 0, 0, 0, 8, 0, 2, 2, 292, 1, 5.4321055482205125, D-LinkCam
0, 0, 0, 1, 0, 0, 0, 1, 0, 0, 0, 0, 0, 1, 0, 0, 0, 0, 8, 0, 2, 2, 311, 1, 5.361451062157666, D-LinkCam
0, 0, 0, 1, 0, 0, 0, 1, 0, 0, 0, 0, 0, 1, 0, 0, 0, 0, 8, 0, 2, 2, 311, 1, 5.361451062157666, D-LinkCam
0, 0, 0, 1, 0, 0, 0, 1, 0, 0, 0, 0, 0, 1, 0, 0, 0, 0, 8, 0, 2, 2, 292, 1, 5.4321055482205125, D-LinkCam
0, 0, 0, 1, 0, 0, 0, 1, 0, 0, 0, 0, 0, 1, 0, 0, 0, 0, 8, 0, 2, 2, 292, 1, 5.4321055482205125, D-LinkCam
0, 0, 0, 1, 0, 0, 0, 1, 0, 0, 0, 0, 0, 1, 0, 0, 0, 0, 8, 0, 2, 2, 265, 1, 5.330659248042689, D-LinkCam
0, 0, 0, 1, 0, 0, 0, 1, 0, 0, 0, 0, 0, 1, 0, 0, 0, 0, 8, 0, 2, 2, 265, 1, 5.330659248042689, D-LinkCam
0, 0, 0, 1, 0, 0, 0, 1, 0, 0, 0, 0, 0, 1, 0, 0, 0, 0, 8, 0, 2, 2, 269, 1, 5.418439107371, D-LinkCam
0, 0, 0, 1, 0, 0, 0, 1, 0, 0, 0, 0, 0, 1, 0, 0, 0, 0, 8, 0, 2, 2, 269, 1, 5.418439107371, D-LinkCam
0, 0, 0, 1, 0, 0, 0, 1, 0, 0, 0, 0, 0, 1, 0, 0, 0, 0, 8, 0, 2, 2, 265, 1, 5.330659248042689, D-LinkCam
0, 0, 0, 1, 0, 0, 0, 1, 0, 0, 0, 0, 0, 1, 0, 0, 0, 0, 8, 0, 2, 2, 265, 1, 5.330659248042689, D-LinkCam
0, 0, 0, 1, 0, 0, 0, 1, 0, 0, 0, 0, 0, 1, 0, 0, 0, 0, 8, 0, 2, 2, 269, 1, 5.418439107371, D-LinkCam
0, 0, 0, 1, 0, 0, 0, 1, 0, 0, 0, 0, 0, 1, 0, 0, 0, 0, 8, 0, 2, 2, 269, 1, 5.418439107371, D-LinkCam
0, 0, 0, 1, 0, 0, 0, 1, 0, 0, 0, 0, 0, 1, 0, 0, 0, 0, 8, 0, 2, 2, 252, 1, 5.210072095313042, D-LinkCam
0, 0, 0, 1, 0, 0, 0, 1, 0, 0, 0, 0, 0, 1, 0, 0, 0, 0, 8, 0, 2, 2, 252, 1, 5.210072095313042, D-LinkCam
0, 0, 0, 1, 0, 0, 0, 1, 0, 0, 0, 0, 0, 1, 0, 0, 0, 0, 8, 0, 2, 2, 252, 1, 5.381296945363581, D-LinkCam
0, 0, 0, 1, 0, 0, 0, 1, 0, 0, 0, 0, 0, 1, 0, 0, 0, 0, 8, 0, 2, 2, 252, 1, 5.381296945363581, D-LinkCam
0, 0, 0, 1, 0, 0, 0, 1, 0, 0, 0, 0, 0, 1, 0, 0, 0, 0, 8, 0, 2, 2, 252, 1, 5.210072095313042, D-LinkCam
0, 0, 0, 1, 0, 0, 0, 1, 0, 0, 0, 0, 0, 1, 0, 0, 0, 0, 8, 0, 2, 2, 252, 1, 5.210072095313042, D-LinkCam
0, 0, 0, 1, 0, 0, 0, 1, 0, 0, 0, 0, 0, 1, 0, 0, 0, 0, 8, 0, 2, 2, 252, 1, 5.381296945363581, D-LinkCam
0, 0, 0, 1, 0, 0, 0, 1, 0, 0, 0, 0, 0, 1, 0, 0, 0, 0, 8, 0, 2, 2, 252, 1, 5.381296945363581, D-LinkCam
0, 0, 0, 1, 0, 0, 0, 1, 0, 0, 0, 0, 0, 0, 0, 0, 0, 0, 8, 0, 3, 3, 345, 1, 1.8410689089049934, D-LinkCam
0, 0, 0, 1, 0, 0, 0, 1, 0, 0, 0, 0, 0, 0, 0, 0, 0, 0, 8, 0, 3, 3, 345, 1, 1.8410689089049934, D-LinkCam
1, 0, 0, 0, 0, 0, 0, 0, 0, 0, 0, 0, 0, 0, 0, 0, 0, 0, 8, 0, 0, 0, 0, 0, 0, D-LinkCam
1, 0, 0, 0, 0, 0, 0, 0, 0, 0, 0, 0, 0, 0, 0, 0, 0, 0, 8, 0, 0, 0, 0, 0, 0, D-LinkCam
0, 0, 0, 1, 0, 0, 0, 1, 0, 0, 0, 0, 0, 0, 1, 0, 0, 0, 8, 0, 2, 1, 64, 0, 0, D-LinkCam
0, 0, 0, 1, 0, 0, 0, 1, 0, 0, 0, 0, 0, 0, 1, 0, 0, 0, 8, 0, 1, 2, 530, 0, 0, D-LinkCam
0, 0, 0, 1, 0, 0, 1, 0, 5840, 0, 1, 0, 0, 0, 0, 0, 0, 0, 9, 0, 2, 1, 60, 0, 0, D-LinkCam
0, 0, 0, 1, 0, 0, 1, 0, 5792, 0, 1, 0, 0, 0, 0, 0, 0, 0, 9, 0, 1, 2, 60, 0, 0, D-LinkCam
0, 0, 0, 1, 0, 0, 1, 0, 2920, 0, 1, 0, 0, 0, 0, 0, 0, 0, 9, 0, 2, 1, 52, 0, 0, D-LinkCam
0, 0, 0, 1, 0, 0, 1, 0, 2920, 0, 1, 0, 0, 0, 0, 0, 0, 0, 9, 0, 2, 1, 179, 1, 4.271444063967627, D-LinkCam
0, 0, 0, 1, 0, 0, 1, 0, 12, 0, 1, 0, 0, 0, 0, 0, 0, 0, 9, 0, 1, 2, 52, 0, 0, D-LinkCam
0, 0, 0, 1, 0, 0, 1, 0, 12, 0, 1, 0, 0, 0, 0, 0, 0, 0, 9, 0, 1, 2, 1420, 1, 7.125046142510285, D-LinkCam
0, 0, 0, 1, 0, 0, 1, 0, 12, 0, 1, 0, 0, 0, 0, 0, 0, 0, 9, 0, 1, 2, 1420, 1, 7.284093565420018, D-LinkCam
0, 0, 0, 1, 0, 0, 1, 0, 4288, 0, 1, 0, 0, 0, 0, 0, 0, 0, 9, 0, 2, 1, 52, 0, 0, D-LinkCam
0, 0, 0, 1, 0, 0, 1, 0, 5656, 0, 1, 0, 0, 0, 0, 0, 0, 0, 9, 0, 2, 1, 52, 0, 0, D-LinkCam
0, 0, 0, 1, 0, 0, 1, 0, 12, 0, 1, 0, 0, 0, 0, 0, 0, 0, 9, 0, 1, 2, 826, 1, 7.441585501118172, D-LinkCam
0, 0, 0, 1, 0, 0, 1, 0, 7024, 0, 1, 0, 0, 0, 0, 0, 0, 0, 9, 0, 2, 1, 52, 0, 0, D-LinkCam
0, 0, 0, 1, 0, 0, 1, 0, 7024, 0, 1, 0, 0, 0, 0, 0, 0, 0, 9, 0, 2, 1, 378, 1, 7.26495284916413, D-LinkCam
0, 0, 0, 1, 0, 0, 1, 0, 14, 0, 1, 0, 0, 0, 0, 0, 0, 0, 9, 0, 1, 2, 111, 1, 5.5436599985143795, D-LinkCam
0, 0, 0, 1, 0, 0, 1, 0, 7024, 0, 1, 0, 0, 0, 0, 0, 0, 0, 9, 0, 2, 1, 52, 0, 0, D-LinkCam
0, 0, 0, 1, 0, 0, 1, 0, 7024, 0, 1, 0, 0, 0, 0, 0, 0, 0, 9, 0, 2, 1, 206, 1, 6.635070875012158, D-LinkCam
0, 0, 0, 1, 0, 0, 1, 0, 16, 0, 1, 0, 0, 0, 0, 0, 0, 0, 9, 0, 1, 2, 206, 1, 6.7796466055737845, D-LinkCam
0, 0, 0, 1, 0, 0, 1, 0, 7024, 0, 1, 0, 0, 0, 0, 0, 0, 0, 9, 0, 2, 1, 52, 0, 0, D-LinkCam
0, 0, 0, 1, 0, 0, 1, 0, 7024, 0, 1, 0, 0, 0, 0, 0, 0, 0, 9, 0, 2, 1, 158, 1, 6.324572459259758, D-LinkCam
0, 0, 0, 1, 0, 0, 1, 0, 16, 0, 1, 0, 0, 0, 0, 0, 0, 0, 9, 0, 1, 2, 462, 1, 7.488170160464674, D-LinkCam
0, 0, 0, 1, 0, 0, 1, 0, 7024, 0, 1, 0, 0, 0, 0, 0, 0, 0, 9, 0, 2, 1, 52, 0, 0, D-LinkCam
0, 0, 0, 1, 0, 0, 0, 0, 0, 0, 0, 0, 0, 0, 0, 0, 0, 0, 9, 0, 0, 0, 40, 1, 2.646782221599798, D-LinkCam
0, 0, 0, 1, 0, 0, 0, 0, 0, 0, 0, 0, 0, 0, 0, 0, 0, 0, 9, 0, 0, 0, 40, 1, 2.646782221599798, D-LinkCam
1, 0, 0, 0, 0, 0, 0, 0, 0, 0, 0, 0, 0, 0, 0, 0, 0, 0, 9, 0, 0, 0, 0, 0, 0, D-LinkCam
0, 0, 0, 1, 0, 0, 1, 0, 65535, 1, 0, 0, 0, 0, 0, 0, 0, 0, 9, 0, 3, 1, 60, 0, 0, D-LinkCam
0, 0, 0, 1, 0, 0, 1, 0, 5792, 1, 0, 0, 0, 0, 0, 0, 0, 0, 10, 0, 1, 3, 60, 0, 0, D-LinkCam
0, 0, 0, 1, 0, 0, 1, 0, 1369, 1, 0, 0, 0, 0, 0, 0, 0, 0, 10, 0, 3, 1, 52, 0, 0, D-LinkCam
0, 0, 0, 1, 0, 0, 1, 0, 1369, 1, 0, 0, 0, 0, 0, 0, 0, 0, 10, 0, 3, 1, 745, 1, 5.35719540781619, D-LinkCam
0, 0, 0, 1, 0, 0, 1, 0, 3589, 1, 0, 0, 0, 0, 0, 0, 0, 0, 10, 0, 1, 3, 52, 0, 0, D-LinkCam
0, 0, 0, 1, 0, 0, 1, 0, 3589, 1, 0, 0, 0, 0, 0, 0, 0, 0, 10, 0, 1, 3, 718, 1, 5.495204092557431, D-LinkCam
0, 0, 0, 1, 0, 0, 1, 0, 3589, 1, 0, 0, 0, 0, 0, 0, 0, 0, 10, 0, 1, 3, 52, 0, 0, D-LinkCam
0, 0, 0, 1, 0, 0, 1, 0, 1390, 1, 0, 0, 0, 0, 0, 0, 0, 0, 10, 0, 3, 1, 52, 0, 0, D-LinkCam
0, 0, 0, 1, 0, 0, 1, 0, 1390, 1, 0, 0, 0, 0, 0, 0, 0, 0, 10, 0, 3, 1, 52, 0, 0, D-LinkCam
0, 0, 0, 1, 0, 0, 1, 0, 3589, 1, 0, 0, 0, 0, 0, 0, 0, 0, 10, 0, 1, 3, 52, 0, 0, D-LinkCam
0, 0, 0, 1, 0, 0, 1, 0, 65535, 1, 0, 0, 0, 0, 0, 0, 0, 0, 10, 0, 2, 1, 60, 0, 0, D-LinkCam
0, 0, 0, 1, 0, 0, 1, 0, 5792, 1, 0, 0, 0, 0, 0, 0, 0, 0, 10, 0, 1, 2, 60, 0, 0, D-LinkCam
0, 0, 0, 1, 0, 0, 1, 0, 1369, 1, 0, 0, 0, 0, 0, 0, 0, 0, 10, 0, 2, 1, 52, 0, 0, D-LinkCam
0, 0, 0, 1, 0, 0, 1, 0, 1369, 1, 0, 0, 0, 0, 0, 0, 0, 0, 10, 0, 2, 1, 855, 1, 5.578219298506831, D-LinkCam
0, 0, 0, 1, 0, 0, 1, 0, 3699, 1, 0, 0, 0, 0, 0, 0, 0, 0, 10, 0, 1, 2, 52, 0, 0, D-LinkCam
0, 0, 0, 1, 0, 0, 1, 0, 3699, 1, 0, 0, 0, 0, 0, 0, 0, 0, 10, 0, 1, 2, 610, 1, 5.303080775191325, D-LinkCam
0, 0, 0, 1, 0, 0, 1, 0, 3699, 1, 0, 0, 0, 0, 0, 0, 0, 0, 10, 0, 1, 2, 52, 0, 0, D-LinkCam
0, 0, 0, 1, 0, 0, 1, 0, 1387, 1, 0, 0, 0, 0, 0, 0, 0, 0, 10, 0, 2, 1, 52, 0, 0, D-LinkCam
0, 0, 0, 1, 0, 0, 1, 0, 1387, 1, 0, 0, 0, 0, 0, 0, 0, 0, 10, 0, 2, 1, 52, 0, 0, D-LinkCam
0, 0, 0, 1, 0, 0, 1, 0, 3699, 1, 0, 0, 0, 0, 0, 0, 0, 0, 10, 0, 1, 2, 52, 0, 0, D-LinkCam
0, 0, 0, 1, 0, 0, 1, 0, 7024, 0, 1, 0, 0, 0, 0, 0, 0, 0, 10, 0, 2, 1, 814, 1, 7.742215888738565, D-LinkCam
0, 0, 0, 1, 0, 0, 1, 0, 19, 0, 1, 0, 0, 0, 0, 0, 0, 0, 10, 0, 1, 2, 270, 1, 7.0316319163810945, D-LinkCam
0, 0, 0, 1, 0, 0, 1, 0, 7024, 0, 1, 0, 0, 0, 0, 0, 0, 0, 10, 0, 2, 1, 52, 0, 0, D-LinkCam
0, 0, 0, 1, 0, 0, 1, 0, 7024, 0, 1, 0, 0, 0, 0, 0, 0, 0, 10, 0, 2, 1, 52, 0, 0, D-LinkCam
0, 0, 0, 1, 0, 0, 1, 0, 19, 0, 1, 0, 0, 0, 0, 0, 0, 0, 10, 0, 1, 2, 52, 0, 0, D-LinkCam
0, 0, 0, 1, 0, 0, 1, 0, 7024, 0, 1, 0, 0, 0, 0, 0, 0, 0, 10, 0, 2, 1, 52, 0, 0, D-LinkCam
0, 0, 0, 1, 0, 0, 0, 1, 0, 0, 0, 0, 0, 0, 0, 1, 0, 0, 10, 0, 2, 2, 63, 0, 0, D-LinkCam
0, 0, 0, 1, 0, 0, 0, 1, 0, 0, 0, 0, 0, 0, 0, 1, 0, 0, 10, 0, 2, 2, 63, 0, 0, D-LinkCam
0, 0, 0, 1, 0, 0, 0, 1, 0, 0, 0, 0, 0, 0, 0, 1, 0, 0, 10, 0, 2, 2, 322, 0, 0, D-LinkCam
0, 0, 0, 1, 0, 0, 0, 1, 0, 0, 0, 0, 0, 0, 0, 1, 0, 0, 10, 0, 2, 2, 322, 0, 0, D-LinkCam
0, 0, 0, 1, 0, 0, 0, 1, 0, 0, 0, 0, 0, 0, 0, 1, 0, 0, 10, 0, 2, 2, 97, 0, 0, D-LinkCam
0, 0, 0, 1, 0, 0, 0, 1, 0, 0, 0, 0, 0, 0, 0, 1, 0, 0, 10, 0, 2, 2, 97, 0, 0, D-LinkCam
0, 0, 0, 1, 0, 0, 0, 1, 0, 0, 0, 0, 0, 0, 0, 1, 0, 0, 10, 0, 2, 2, 97, 0, 0, D-LinkCam
0, 0, 0, 1, 0, 0, 0, 1, 0, 0, 0, 0, 0, 0, 0, 1, 0, 0, 10, 0, 2, 2, 97, 0, 0, D-LinkCam
0, 0, 0, 1, 0, 0, 0, 1, 0, 0, 0, 0, 0, 0, 0, 0, 0, 0, 10, 0, 3, 3, 345, 1, 1.8410689089049934, D-LinkCam
0, 0, 0, 1, 0, 0, 0, 1, 0, 0, 0, 0, 0, 0, 0, 0, 0, 0, 10, 0, 3, 3, 345, 1, 1.8410689089049934, D-LinkCam
0, 0, 0, 1, 0, 0, 1, 0, 65535, 1, 0, 0, 0, 0, 0, 0, 0, 0, 10, 0, 3, 1, 60, 0, 0, D-LinkCam
0, 0, 0, 1, 0, 0, 1, 0, 5792, 1, 0, 0, 0, 0, 0, 0, 0, 0, 10, 0, 1, 3, 60, 0, 0, D-LinkCam
0, 0, 0, 1, 0, 0, 1, 0, 1369, 1, 0, 0, 0, 0, 0, 0, 0, 0, 10, 0, 3, 1, 52, 0, 0, D-LinkCam
0, 0, 0, 1, 0, 0, 1, 0, 1369, 1, 0, 0, 0, 0, 0, 0, 0, 0, 10, 0, 3, 1, 743, 1, 5.541532633779662, D-LinkCam
0, 0, 0, 1, 0, 0, 1, 0, 3587, 1, 0, 0, 0, 0, 0, 0, 0, 0, 10, 0, 1, 3, 52, 0, 0, D-LinkCam
0, 0, 0, 1, 0, 0, 1, 0, 3587, 1, 0, 0, 0, 0, 0, 0, 0, 0, 10, 0, 1, 3, 1500, 1, 5.315899431866407, D-LinkCam
0, 0, 0, 1, 0, 0, 1, 0, 3587, 1, 0, 0, 0, 0, 0, 0, 0, 0, 10, 0, 1, 3, 1237, 1, 4.761446740528642, D-LinkCam
0, 0, 0, 1, 0, 0, 1, 0, 3587, 1, 0, 0, 0, 0, 0, 0, 0, 0, 10, 0, 1, 3, 52, 0, 0, D-LinkCam
0, 0, 0, 1, 0, 0, 1, 0, 1414, 1, 0, 0, 0, 0, 0, 0, 0, 0, 10, 0, 3, 1, 52, 0, 0, D-LinkCam
0, 0, 0, 1, 0, 0, 1, 0, 1460, 1, 0, 0, 0, 0, 0, 0, 0, 0, 10, 0, 3, 1, 52, 0, 0, D-LinkCam
0, 0, 0, 1, 0, 0, 1, 0, 1460, 1, 0, 0, 0, 0, 0, 0, 0, 0, 10, 0, 3, 1, 52, 0, 0, D-LinkCam
0, 0, 0, 1, 0, 0, 1, 0, 1460, 1, 0, 0, 0, 0, 0, 0, 0, 0, 10, 0, 3, 1, 52, 0, 0, D-LinkCam
0, 0, 0, 1, 0, 0, 1, 0, 65535, 1, 0, 0, 0, 0, 0, 0, 0, 0, 10, 0, 2, 1, 60, 0, 0, D-LinkCam
0, 0, 0, 1, 0, 0, 1, 0, 3587, 1, 0, 0, 0, 0, 0, 0, 0, 0, 10, 0, 1, 3, 52, 0, 0, D-LinkCam
0, 0, 0, 1, 0, 0, 1, 0, 5792, 1, 0, 0, 0, 0, 0, 0, 0, 0, 10, 0, 1, 2, 60, 0, 0, D-LinkCam
0, 0, 0, 1, 0, 0, 1, 0, 1369, 1, 0, 0, 0, 0, 0, 0, 0, 0, 10, 0, 2, 1, 52, 0, 0, D-LinkCam
0, 0, 0, 1, 0, 0, 1, 0, 1369, 1, 0, 0, 0, 0, 0, 0, 0, 0, 10, 0, 2, 1, 1072, 1, 5.613437271662708, D-LinkCam
0, 0, 0, 1, 0, 0, 1, 0, 3916, 1, 0, 0, 0, 0, 0, 0, 0, 0, 10, 0, 1, 2, 52, 0, 0, D-LinkCam
0, 0, 0, 1, 0, 0, 0, 1, 0, 0, 0, 0, 0, 0, 0, 1, 0, 0, 10, 0, 2, 2, 91, 0, 0, D-LinkCam
0, 0, 0, 1, 0, 0, 0, 1, 0, 0, 0, 0, 0, 0, 0, 1, 0, 0, 10, 0, 2, 2, 91, 0, 0, D-LinkCam
0, 0, 0, 1, 0, 0, 0, 1, 0, 0, 0, 0, 0, 0, 0, 1, 0, 0, 10, 0, 2, 2, 112, 0, 0, D-LinkCam
0, 0, 0, 1, 0, 0, 0, 1, 0, 0, 0, 0, 0, 0, 0, 1, 0, 0, 10, 0, 2, 2, 112, 0, 0, D-LinkCam
0, 0, 0, 1, 0, 0, 0, 1, 0, 0, 0, 0, 0, 0, 0, 1, 0, 0, 10, 0, 2, 2, 108, 0, 0, D-LinkCam
0, 0, 0, 1, 0, 0, 0, 1, 0, 0, 0, 0, 0, 0, 0, 1, 0, 0, 10, 0, 2, 2, 108, 0, 0, D-LinkCam
0, 0, 0, 1, 0, 0, 0, 0, 0, 0, 0, 0, 0, 0, 0, 0, 0, 0, 10, 0, 0, 0, 40, 1, 2.216917186688699, D-LinkCam
0, 0, 0, 1, 0, 0, 0, 0, 0, 0, 0, 0, 0, 0, 0, 0, 0, 0, 10, 0, 0, 0, 40, 1, 2.216917186688699, D-LinkCam
0, 0, 0, 1, 0, 0, 0, 0, 0, 0, 0, 0, 0, 0, 0, 0, 0, 0, 10, 0, 0, 0, 40, 1, 2.216917186688699, D-LinkCam
0, 0, 0, 1, 0, 0, 0, 0, 0, 0, 0, 0, 0, 0, 0, 0, 0, 0, 10, 0, 0, 0, 40, 1, 2.216917186688699, D-LinkCam
0, 0, 0, 1, 0, 0, 0, 1, 0, 0, 0, 0, 0, 0, 0, 1, 0, 0, 10, 0, 2, 2, 147, 0, 0, D-LinkCam
0, 0, 0, 1, 0, 0, 0, 1, 0, 0, 0, 0, 0, 0, 0, 1, 0, 0, 10, 0, 2, 2, 147, 0, 0, D-LinkCam
0, 0, 0, 1, 0, 0, 0, 1, 0, 0, 0, 0, 0, 0, 0, 1, 0, 0, 10, 0, 2, 2, 155, 0, 0, D-LinkCam
0, 0, 0, 1, 0, 0, 0, 1, 0, 0, 0, 0, 0, 0, 0, 1, 0, 0, 10, 0, 2, 2, 155, 0, 0, D-LinkCam
0, 0, 0, 1, 0, 0, 1, 0, 3916, 1, 0, 0, 0, 0, 0, 0, 0, 0, 10, 0, 1, 2, 653, 1, 5.295370458607005, D-LinkCam
0, 0, 0, 1, 0, 0, 0, 1, 0, 0, 0, 0, 0, 0, 0, 1, 0, 0, 10, 0, 2, 2, 155, 0, 0, D-LinkCam
0, 0, 0, 1, 0, 0, 0, 1, 0, 0, 0, 0, 0, 0, 0, 1, 0, 0, 10, 0, 2, 2, 155, 0, 0, D-LinkCam
0, 0, 0, 1, 0, 0, 1, 0, 1388, 1, 0, 0, 0, 0, 0, 0, 0, 0, 10, 0, 2, 1, 52, 0, 0, D-LinkCam
0, 0, 0, 1, 0, 0, 1, 0, 1388, 1, 0, 0, 0, 0, 0, 0, 0, 0, 10, 0, 2, 1, 52, 0, 0, D-LinkCam
0, 0, 0, 1, 0, 0, 0, 1, 0, 0, 0, 0, 0, 0, 0, 1, 0, 0, 10, 0, 2, 2, 147, 0, 0, D-LinkCam
0, 0, 0, 1, 0, 0, 0, 1, 0, 0, 0, 0, 0, 0, 0, 1, 0, 0, 10, 0, 2, 2, 147, 0, 0, D-LinkCam
0, 0, 0, 1, 0, 0, 1, 0, 65535, 1, 0, 0, 0, 0, 0, 0, 0, 0, 10, 0, 3, 1, 60, 0, 0, D-LinkCam
0, 0, 0, 1, 0, 0, 1, 0, 5792, 1, 0, 0, 0, 0, 0, 0, 0, 0, 10, 0, 1, 3, 60, 0, 0, D-LinkCam
0, 0, 0, 1, 0, 0, 1, 0, 1369, 1, 0, 0, 0, 0, 0, 0, 0, 0, 10, 0, 3, 1, 52, 0, 0, D-LinkCam
0, 0, 0, 1, 0, 0, 1, 0, 1369, 1, 0, 0, 0, 0, 0, 0, 0, 0, 10, 0, 3, 1, 745, 1, 5.35719540781619, D-LinkCam
0, 0, 0, 1, 0, 0, 1, 0, 3589, 1, 0, 0, 0, 0, 0, 0, 0, 0, 10, 0, 1, 3, 52, 0, 0, D-LinkCam
0, 0, 0, 1, 0, 0, 1, 0, 3916, 1, 0, 0, 0, 0, 0, 0, 0, 0, 10, 0, 1, 2, 52, 0, 0, D-LinkCam
0, 0, 0, 1, 0, 0, 1, 0, 3589, 1, 0, 0, 0, 0, 0, 0, 0, 0, 10, 0, 1, 3, 718, 1, 5.495570776207852, D-LinkCam
0, 0, 0, 1, 0, 0, 1, 0, 3589, 1, 0, 0, 0, 0, 0, 0, 0, 0, 10, 0, 1, 3, 52, 0, 0, D-LinkCam
0, 0, 0, 1, 0, 0, 1, 0, 1390, 1, 0, 0, 0, 0, 0, 0, 0, 0, 10, 0, 3, 1, 52, 0, 0, D-LinkCam
0, 0, 0, 1, 0, 0, 1, 0, 1390, 1, 0, 0, 0, 0, 0, 0, 0, 0, 10, 0, 3, 1, 52, 0, 0, D-LinkCam
0, 0, 0, 1, 0, 0, 1, 0, 3589, 1, 0, 0, 0, 0, 0, 0, 0, 0, 10, 0, 1, 3, 52, 0, 0, D-LinkCam
0, 0, 0, 1, 0, 0, 1, 0, 65535, 1, 0, 0, 0, 0, 0, 0, 0, 0, 10, 0, 3, 1, 60, 0, 0, D-LinkCam
0, 0, 0, 1, 0, 0, 1, 0, 5792, 1, 0, 0, 0, 0, 0, 0, 0, 0, 10, 0, 1, 3, 60, 0, 0, D-LinkCam
0, 0, 0, 1, 0, 0, 1, 0, 1369, 1, 0, 0, 0, 0, 0, 0, 0, 0, 10, 0, 3, 1, 52, 0, 0, D-LinkCam
0, 0, 0, 1, 0, 0, 1, 0, 1369, 1, 0, 0, 0, 0, 0, 0, 0, 0, 10, 0, 3, 1, 855, 1, 5.583289212633618, D-LinkCam
0, 0, 0, 1, 0, 0, 1, 0, 3699, 1, 0, 0, 0, 0, 0, 0, 0, 0, 10, 0, 1, 3, 52, 0, 0, D-LinkCam
0, 0, 0, 1, 0, 0, 0, 1, 0, 0, 0, 0, 0, 0, 0, 1, 0, 0, 10, 0, 2, 2, 155, 0, 0, D-LinkCam
0, 0, 0, 1, 0, 0, 0, 1, 0, 0, 0, 0, 0, 0, 0, 1, 0, 0, 10, 0, 2, 2, 155, 0, 0, D-LinkCam
0, 0, 0, 1, 0, 0, 1, 0, 3699, 1, 0, 0, 0, 0, 0, 0, 0, 0, 10, 0, 1, 3, 610, 1, 5.303080775191325, D-LinkCam
0, 0, 0, 1, 0, 0, 1, 0, 3699, 1, 0, 0, 0, 0, 0, 0, 0, 0, 10, 0, 1, 3, 52, 0, 0, D-LinkCam
0, 0, 0, 1, 0, 0, 1, 0, 1387, 1, 0, 0, 0, 0, 0, 0, 0, 0, 10, 0, 3, 1, 52, 0, 0, D-LinkCam
0, 0, 0, 1, 0, 0, 1, 0, 1387, 1, 0, 0, 0, 0, 0, 0, 0, 0, 10, 0, 3, 1, 52, 0, 0, D-LinkCam
0, 0, 0, 1, 0, 0, 1, 0, 3699, 1, 0, 0, 0, 0, 0, 0, 0, 0, 10, 0, 1, 3, 52, 0, 0, D-LinkCam
0, 0, 0, 1, 0, 0, 0, 1, 0, 0, 0, 0, 0, 0, 0, 1, 0, 0, 10, 0, 2, 2, 155, 0, 0, D-LinkCam
0, 0, 0, 1, 0, 0, 0, 1, 0, 0, 0, 0, 0, 0, 0, 1, 0, 0, 10, 0, 2, 2, 155, 0, 0, D-LinkCam
0, 0, 0, 1, 0, 0, 1, 0, 65535, 1, 0, 0, 0, 0, 0, 0, 0, 0, 10, 0, 2, 1, 60, 0, 0, D-LinkCam
0, 0, 0, 1, 0, 0, 1, 0, 5792, 1, 0, 0, 0, 0, 0, 0, 0, 0, 10, 0, 1, 2, 60, 0, 0, D-LinkCam
0, 0, 0, 1, 0, 0, 1, 0, 1369, 1, 0, 0, 0, 0, 0, 0, 0, 0, 10, 0, 2, 1, 52, 0, 0, D-LinkCam
0, 0, 0, 1, 0, 0, 1, 0, 1369, 1, 0, 0, 0, 0, 0, 0, 0, 0, 10, 0, 2, 1, 743, 1, 5.529637039724279, D-LinkCam
0, 0, 0, 1, 0, 0, 1, 0, 3587, 1, 0, 0, 0, 0, 0, 0, 0, 0, 10, 0, 1, 2, 52, 0, 0, D-LinkCam
0, 0, 0, 1, 0, 0, 0, 1, 0, 0, 0, 0, 0, 0, 0, 1, 0, 0, 10, 0, 2, 2, 147, 0, 0, D-LinkCam
0, 0, 0, 1, 0, 0, 0, 1, 0, 0, 0, 0, 0, 0, 0, 1, 0, 0, 10, 0, 2, 2, 147, 0, 0, D-LinkCam
0, 0, 0, 1, 0, 0, 0, 1, 0, 0, 0, 0, 0, 0, 0, 1, 0, 0, 10, 0, 2, 2, 155, 0, 0, D-LinkCam
0, 0, 0, 1, 0, 0, 0, 1, 0, 0, 0, 0, 0, 0, 0, 1, 0, 0, 10, 0, 2, 2, 155, 0, 0, D-LinkCam
0, 0, 0, 1, 0, 0, 0, 1, 0, 0, 0, 0, 0, 0, 0, 1, 0, 0, 10, 0, 2, 2, 155, 0, 0, D-LinkCam
0, 0, 0, 1, 0, 0, 0, 1, 0, 0, 0, 0, 0, 0, 0, 1, 0, 0, 10, 0, 2, 2, 155, 0, 0, D-LinkCam
0, 0, 0, 1, 0, 0, 0, 1, 0, 0, 0, 0, 0, 0, 0, 1, 0, 0, 10, 0, 2, 2, 397, 0, 0, D-LinkCam
0, 0, 0, 1, 0, 0, 0, 1, 0, 0, 0, 0, 0, 0, 0, 1, 0, 0, 10, 0, 2, 2, 397, 0, 0, D-LinkCam
0, 0, 0, 1, 0, 0, 0, 1, 0, 0, 0, 0, 0, 0, 0, 1, 0, 0, 10, 0, 2, 2, 207, 0, 0, D-LinkCam
0, 0, 0, 1, 0, 0, 0, 1, 0, 0, 0, 0, 0, 0, 0, 1, 0, 0, 10, 0, 2, 2, 207, 0, 0, D-LinkCam
0, 0, 0, 1, 0, 0, 0, 1, 0, 0, 0, 0, 0, 0, 0, 1, 0, 0, 10, 0, 2, 2, 207, 0, 0, D-LinkCam
0, 0, 0, 1, 0, 0, 0, 1, 0, 0, 0, 0, 0, 0, 0, 1, 0, 0, 10, 0, 2, 2, 207, 0, 0, D-LinkCam
0, 0, 0, 1, 0, 0, 1, 0, 3587, 1, 0, 0, 0, 0, 0, 0, 0, 0, 10, 0, 1, 2, 1500, 1, 5.315899431866407, D-LinkCam
0, 0, 0, 1, 0, 0, 1, 0, 3587, 1, 0, 0, 0, 0, 0, 0, 0, 0, 10, 0, 1, 2, 1237, 1, 4.761446740528642, D-LinkCam
0, 0, 0, 1, 0, 0, 1, 0, 3587, 1, 0, 0, 0, 0, 0, 0, 0, 0, 10, 0, 1, 2, 52, 0, 0, D-LinkCam
0, 0, 0, 1, 0, 0, 1, 0, 1414, 1, 0, 0, 0, 0, 0, 0, 0, 0, 10, 0, 2, 1, 52, 0, 0, D-LinkCam
0, 0, 0, 1, 0, 0, 1, 0, 1460, 1, 0, 0, 0, 0, 0, 0, 0, 0, 10, 0, 2, 1, 52, 0, 0, D-LinkCam
0, 0, 0, 1, 0, 0, 1, 0, 1460, 1, 0, 0, 0, 0, 0, 0, 0, 0, 10, 0, 2, 1, 52, 0, 0, D-LinkCam
0, 0, 0, 1, 0, 0, 1, 0, 3587, 1, 0, 0, 0, 0, 0, 0, 0, 0, 10, 0, 1, 2, 52, 0, 0, D-LinkCam
0, 0, 0, 1, 0, 0, 1, 0, 65535, 1, 0, 0, 0, 0, 0, 0, 0, 0, 10, 0, 3, 1, 60, 0, 0, D-LinkCam
0, 0, 0, 1, 0, 0, 1, 0, 5792, 1, 0, 0, 0, 0, 0, 0, 0, 0, 10, 0, 1, 3, 60, 0, 0, D-LinkCam
0, 0, 0, 1, 0, 0, 1, 0, 1369, 1, 0, 0, 0, 0, 0, 0, 0, 0, 10, 0, 3, 1, 52, 0, 0, D-LinkCam
0, 0, 0, 1, 0, 0, 1, 0, 1369, 1, 0, 0, 0, 0, 0, 0, 0, 0, 10, 0, 3, 1, 1070, 1, 5.594018938329793, D-LinkCam
0, 0, 0, 1, 0, 0, 1, 0, 3914, 1, 0, 0, 0, 0, 0, 0, 0, 0, 10, 0, 1, 3, 52, 0, 0, D-LinkCam
0, 0, 0, 1, 0, 0, 0, 1, 0, 0, 0, 0, 0, 0, 0, 1, 0, 0, 10, 0, 2, 2, 397, 0, 0, D-LinkCam
0, 0, 0, 1, 0, 0, 0, 1, 0, 0, 0, 0, 0, 0, 0, 1, 0, 0, 10, 0, 2, 2, 397, 0, 0, D-LinkCam
0, 0, 0, 1, 0, 0, 0, 1, 0, 0, 0, 0, 0, 0, 0, 1, 0, 0, 10, 0, 2, 2, 207, 0, 0, D-LinkCam
0, 0, 0, 1, 0, 0, 0, 1, 0, 0, 0, 0, 0, 0, 0, 1, 0, 0, 10, 0, 2, 2, 207, 0, 0, D-LinkCam
0, 0, 0, 1, 0, 0, 0, 0, 0, 0, 0, 0, 0, 0, 0, 0, 0, 0, 10, 0, 0, 0, 48, 1, 2.2806721295208874, D-LinkCam
0, 0, 0, 1, 0, 0, 0, 0, 0, 0, 0, 0, 0, 0, 0, 0, 0, 0, 10, 0, 0, 0, 48, 1, 2.2806721295208874, D-LinkCam
0, 0, 0, 1, 0, 0, 0, 1, 0, 0, 0, 0, 0, 0, 0, 1, 0, 0, 10, 0, 2, 2, 207, 0, 0, D-LinkCam
0, 0, 0, 1, 0, 0, 0, 1, 0, 0, 0, 0, 0, 0, 0, 1, 0, 0, 10, 0, 2, 2, 207, 0, 0, D-LinkCam
0, 0, 0, 1, 0, 0, 0, 0, 0, 0, 0, 0, 0, 0, 0, 0, 0, 0, 10, 0, 0, 0, 40, 1, 2.091917186688699, D-LinkCam
0, 0, 0, 1, 0, 0, 0, 0, 0, 0, 0, 0, 0, 0, 0, 0, 0, 0, 10, 0, 0, 0, 40, 1, 2.091917186688699, D-LinkCam
0, 0, 0, 1, 0, 0, 0, 1, 0, 0, 0, 0, 0, 0, 0, 1, 0, 0, 10, 0, 2, 2, 91, 0, 0, D-LinkCam
0, 0, 0, 1, 0, 0, 0, 1, 0, 0, 0, 0, 0, 0, 0, 1, 0, 0, 10, 0, 2, 2, 91, 0, 0, D-LinkCam
0, 0, 0, 1, 0, 0, 0, 1, 0, 0, 0, 0, 0, 0, 0, 1, 0, 0, 10, 0, 2, 2, 112, 0, 0, D-LinkCam
0, 0, 0, 1, 0, 0, 0, 1, 0, 0, 0, 0, 0, 0, 0, 1, 0, 0, 10, 0, 2, 2, 112, 0, 0, D-LinkCam
0, 0, 0, 1, 0, 0, 0, 1, 0, 0, 0, 0, 0, 0, 0, 1, 0, 0, 10, 0, 2, 2, 108, 0, 0, D-LinkCam
0, 0, 0, 1, 0, 0, 0, 1, 0, 0, 0, 0, 0, 0, 0, 1, 0, 0, 10, 0, 2, 2, 108, 0, 0, D-LinkCam
0, 0, 0, 1, 0, 0, 0, 0, 0, 0, 0, 0, 0, 0, 0, 0, 0, 0, 10, 0, 0, 0, 48, 1, 2.2806721295208874, D-LinkCam
0, 0, 0, 1, 0, 0, 0, 0, 0, 0, 0, 0, 0, 0, 0, 0, 0, 0, 10, 0, 0, 0, 48, 1, 2.2806721295208874, D-LinkCam
0, 0, 0, 1, 0, 0, 0, 0, 0, 0, 0, 0, 0, 0, 0, 0, 0, 0, 10, 0, 0, 0, 40, 1, 2.216917186688699, D-LinkCam
0, 0, 0, 1, 0, 0, 0, 0, 0, 0, 0, 0, 0, 0, 0, 0, 0, 0, 10, 0, 0, 0, 40, 1, 2.216917186688699, D-LinkCam
0, 0, 0, 1, 0, 0, 1, 0, 3914, 1, 0, 0, 0, 0, 0, 0, 0, 0, 10, 0, 1, 3, 653, 1, 5.295370458607005, D-LinkCam
0, 0, 0, 1, 0, 0, 1, 0, 3914, 1, 0, 0, 0, 0, 0, 0, 0, 0, 10, 0, 1, 3, 52, 0, 0, D-LinkCam
0, 0, 0, 1, 0, 0, 0, 0, 0, 0, 0, 0, 0, 0, 0, 0, 0, 0, 10, 0, 0, 0, 40, 1, 2.216917186688699, D-LinkCam
0, 0, 0, 1, 0, 0, 0, 0, 0, 0, 0, 0, 0, 0, 0, 0, 0, 0, 10, 0, 0, 0, 40, 1, 2.216917186688699, D-LinkCam
0, 0, 0, 1, 0, 0, 1, 0, 1388, 1, 0, 0, 0, 0, 0, 0, 0, 0, 10, 0, 3, 1, 52, 0, 0, D-LinkCam
0, 0, 0, 1, 0, 0, 1, 0, 1388, 1, 0, 0, 0, 0, 0, 0, 0, 0, 10, 0, 3, 1, 52, 0, 0, D-LinkCam
0, 0, 0, 1, 0, 0, 1, 0, 1388, 1, 0, 0, 0, 0, 0, 0, 0, 0, 10, 0, 3, 1, 52, 0, 0, D-LinkCam
0, 0, 0, 1, 0, 0, 1, 0, 3914, 1, 0, 0, 0, 0, 0, 0, 0, 0, 10, 0, 1, 3, 52, 0, 0, D-LinkCam
0, 0, 0, 1, 0, 0, 1, 0, 65535, 1, 0, 0, 0, 0, 0, 0, 0, 0, 10, 0, 2, 1, 60, 0, 0, D-LinkCam
0, 0, 0, 1, 0, 0, 1, 0, 5792, 1, 0, 0, 0, 0, 0, 0, 0, 0, 10, 0, 1, 2, 60, 0, 0, D-LinkCam
0, 0, 0, 1, 0, 0, 1, 0, 1369, 1, 0, 0, 0, 0, 0, 0, 0, 0, 10, 0, 2, 1, 52, 0, 0, D-LinkCam
0, 0, 0, 1, 0, 0, 1, 0, 1369, 1, 0, 0, 0, 0, 0, 0, 0, 0, 10, 0, 2, 1, 745, 1, 5.545479038878241, D-LinkCam
0, 0, 0, 1, 0, 0, 1, 0, 3589, 1, 0, 0, 0, 0, 0, 0, 0, 0, 10, 0, 1, 2, 52, 0, 0, D-LinkCam
0, 0, 0, 1, 0, 0, 1, 0, 3589, 1, 0, 0, 0, 0, 0, 0, 0, 0, 10, 0, 1, 2, 1145, 1, 5.231175657533277, D-LinkCam
0, 0, 0, 1, 0, 0, 1, 0, 3589, 1, 0, 0, 0, 0, 0, 0, 0, 0, 10, 0, 1, 2, 52, 0, 0, D-LinkCam
0, 0, 0, 1, 0, 0, 1, 0, 1403, 1, 0, 0, 0, 0, 0, 0, 0, 0, 10, 0, 2, 1, 52, 0, 0, D-LinkCam
0, 0, 0, 1, 0, 0, 1, 0, 1403, 1, 0, 0, 0, 0, 0, 0, 0, 0, 10, 0, 2, 1, 52, 0, 0, D-LinkCam
0, 0, 0, 1, 0, 0, 1, 0, 3589, 1, 0, 0, 0, 0, 0, 0, 0, 0, 10, 0, 1, 2, 52, 0, 0, D-LinkCam
0, 0, 0, 1, 0, 0, 0, 1, 0, 0, 0, 0, 0, 0, 0, 1, 0, 0, 10, 0, 2, 2, 147, 0, 0, D-LinkCam
0, 0, 0, 1, 0, 0, 0, 1, 0, 0, 0, 0, 0, 0, 0, 1, 0, 0, 10, 0, 2, 2, 147, 0, 0, D-LinkCam
0, 0, 0, 1, 0, 0, 1, 0, 65535, 1, 0, 0, 0, 0, 0, 0, 0, 0, 10, 0, 2, 1, 60, 0, 0, D-LinkCam
0, 0, 0, 1, 0, 0, 1, 0, 5792, 1, 0, 0, 0, 0, 0, 0, 0, 0, 10, 0, 1, 2, 60, 0, 0, D-LinkCam
0, 0, 0, 1, 0, 0, 1, 0, 1369, 1, 0, 0, 0, 0, 0, 0, 0, 0, 10, 0, 2, 1, 52, 0, 0, D-LinkCam
0, 0, 0, 1, 0, 0, 1, 0, 1369, 1, 0, 0, 0, 0, 0, 0, 0, 0, 10, 0, 2, 1, 910, 1, 5.543269174780599, D-LinkCam
0, 0, 0, 1, 0, 0, 1, 0, 3754, 1, 0, 0, 0, 0, 0, 0, 0, 0, 10, 0, 1, 2, 52, 0, 0, D-LinkCam
0, 0, 0, 1, 0, 0, 0, 1, 0, 0, 0, 0, 0, 0, 0, 1, 0, 0, 10, 0, 2, 2, 149, 0, 0, D-LinkCam
0, 0, 0, 1, 0, 0, 0, 1, 0, 0, 0, 0, 0, 0, 0, 1, 0, 0, 10, 0, 2, 2, 149, 0, 0, D-LinkCam
0, 0, 0, 1, 0, 0, 1, 0, 3754, 1, 0, 0, 0, 0, 0, 0, 0, 0, 10, 0, 1, 2, 657, 1, 5.311704111601599, D-LinkCam
0, 0, 0, 1, 0, 0, 1, 0, 3754, 1, 0, 0, 0, 0, 0, 0, 0, 0, 10, 0, 1, 2, 52, 0, 0, D-LinkCam
0, 0, 0, 1, 0, 0, 1, 0, 1388, 1, 0, 0, 0, 0, 0, 0, 0, 0, 10, 0, 2, 1, 52, 0, 0, D-LinkCam
0, 0, 0, 1, 0, 0, 1, 0, 1388, 1, 0, 0, 0, 0, 0, 0, 0, 0, 10, 0, 2, 1, 52, 0, 0, D-LinkCam
0, 0, 0, 1, 0, 0, 1, 0, 3754, 1, 0, 0, 0, 0, 0, 0, 0, 0, 10, 0, 1, 2, 52, 0, 0, D-LinkCam
0, 0, 0, 1, 0, 0, 0, 1, 0, 0, 0, 0, 0, 0, 0, 1, 0, 0, 10, 0, 2, 2, 151, 0, 0, D-LinkCam
0, 0, 0, 1, 0, 0, 0, 1, 0, 0, 0, 0, 0, 0, 0, 1, 0, 0, 10, 0, 2, 2, 151, 0, 0, D-LinkCam
0, 0, 0, 1, 0, 0, 1, 0, 65535, 1, 0, 0, 0, 0, 0, 0, 0, 0, 10, 0, 3, 1, 60, 0, 0, D-LinkCam
0, 0, 0, 1, 0, 0, 1, 0, 5792, 1, 0, 0, 0, 0, 0, 0, 0, 0, 10, 0, 1, 3, 60, 0, 0, D-LinkCam
0, 0, 0, 1, 0, 0, 0, 1, 0, 0, 0, 0, 0, 0, 0, 1, 0, 0, 10, 0, 2, 2, 153, 0, 0, D-LinkCam
0, 0, 0, 1, 0, 0, 0, 1, 0, 0, 0, 0, 0, 0, 0, 1, 0, 0, 10, 0, 2, 2, 153, 0, 0, D-LinkCam
0, 0, 0, 1, 0, 0, 1, 0, 1369, 1, 0, 0, 0, 0, 0, 0, 0, 0, 10, 0, 3, 1, 52, 0, 0, D-LinkCam
0, 0, 0, 1, 0, 0, 1, 0, 1369, 1, 0, 0, 0, 0, 0, 0, 0, 0, 10, 0, 3, 1, 743, 1, 5.57919902190885, D-LinkCam
0, 0, 0, 1, 0, 0, 1, 0, 3587, 1, 0, 0, 0, 0, 0, 0, 0, 0, 10, 0, 1, 3, 52, 0, 0, D-LinkCam
0, 0, 0, 1, 0, 0, 0, 1, 0, 0, 0, 0, 0, 0, 0, 1, 0, 0, 10, 0, 2, 2, 147, 0, 0, D-LinkCam
0, 0, 0, 1, 0, 0, 0, 1, 0, 0, 0, 0, 0, 0, 0, 1, 0, 0, 10, 0, 2, 2, 147, 0, 0, D-LinkCam
0, 0, 0, 1, 0, 0, 0, 1, 0, 0, 0, 0, 0, 0, 0, 1, 0, 0, 10, 0, 2, 2, 153, 0, 0, D-LinkCam
0, 0, 0, 1, 0, 0, 0, 1, 0, 0, 0, 0, 0, 0, 0, 1, 0, 0, 10, 0, 2, 2, 153, 0, 0, D-LinkCam
0, 0, 0, 1, 0, 0, 0, 1, 0, 0, 0, 0, 0, 0, 0, 1, 0, 0, 10, 0, 2, 2, 155, 0, 0, D-LinkCam
0, 0, 0, 1, 0, 0, 0, 1, 0, 0, 0, 0, 0, 0, 0, 1, 0, 0, 10, 0, 2, 2, 155, 0, 0, D-LinkCam
0, 0, 0, 1, 0, 0, 0, 1, 0, 0, 0, 0, 0, 0, 0, 1, 0, 0, 10, 0, 2, 2, 153, 0, 0, D-LinkCam
0, 0, 0, 1, 0, 0, 0, 1, 0, 0, 0, 0, 0, 0, 0, 1, 0, 0, 10, 0, 2, 2, 153, 0, 0, D-LinkCam
0, 0, 0, 1, 0, 0, 0, 1, 0, 0, 0, 0, 0, 0, 0, 1, 0, 0, 10, 0, 2, 2, 147, 0, 0, D-LinkCam
0, 0, 0, 1, 0, 0, 0, 1, 0, 0, 0, 0, 0, 0, 0, 1, 0, 0, 10, 0, 2, 2, 147, 0, 0, D-LinkCam
0, 0, 0, 1, 0, 0, 0, 1, 0, 0, 0, 0, 0, 0, 0, 1, 0, 0, 10, 0, 2, 2, 153, 0, 0, D-LinkCam
0, 0, 0, 1, 0, 0, 0, 1, 0, 0, 0, 0, 0, 0, 0, 1, 0, 0, 10, 0, 2, 2, 153, 0, 0, D-LinkCam
0, 0, 0, 1, 0, 0, 0, 1, 0, 0, 0, 0, 0, 0, 0, 1, 0, 0, 10, 0, 2, 2, 155, 0, 0, D-LinkCam
0, 0, 0, 1, 0, 0, 0, 1, 0, 0, 0, 0, 0, 0, 0, 1, 0, 0, 10, 0, 2, 2, 155, 0, 0, D-LinkCam
0, 0, 0, 1, 0, 0, 0, 1, 0, 0, 0, 0, 0, 0, 0, 1, 0, 0, 10, 0, 2, 2, 397, 0, 0, D-LinkCam
0, 0, 0, 1, 0, 0, 0, 1, 0, 0, 0, 0, 0, 0, 0, 1, 0, 0, 10, 0, 2, 2, 397, 0, 0, D-LinkCam
0, 0, 0, 1, 0, 0, 0, 1, 0, 0, 0, 0, 0, 0, 0, 1, 0, 0, 10, 0, 2, 2, 153, 0, 0, D-LinkCam
0, 0, 0, 1, 0, 0, 0, 1, 0, 0, 0, 0, 0, 0, 0, 1, 0, 0, 10, 0, 2, 2, 153, 0, 0, D-LinkCam
0, 0, 0, 1, 0, 0, 0, 1, 0, 0, 0, 0, 0, 0, 0, 1, 0, 0, 10, 0, 2, 2, 131, 0, 0, D-LinkCam
0, 0, 0, 1, 0, 0, 0, 1, 0, 0, 0, 0, 0, 0, 0, 1, 0, 0, 10, 0, 2, 2, 131, 0, 0, D-LinkCam
0, 0, 0, 1, 0, 0, 0, 1, 0, 0, 0, 0, 0, 0, 0, 1, 0, 0, 10, 0, 2, 2, 68, 0, 0, D-LinkCam
0, 0, 0, 1, 0, 0, 0, 1, 0, 0, 0, 0, 0, 0, 0, 1, 0, 0, 10, 0, 2, 2, 68, 0, 0, D-LinkCam
0, 0, 0, 1, 0, 0, 0, 1, 0, 0, 0, 0, 0, 0, 0, 1, 0, 0, 10, 0, 2, 2, 133, 0, 0, D-LinkCam
0, 0, 0, 1, 0, 0, 0, 1, 0, 0, 0, 0, 0, 0, 0, 1, 0, 0, 10, 0, 2, 2, 133, 0, 0, D-LinkCam
0, 0, 0, 1, 0, 0, 0, 1, 0, 0, 0, 0, 0, 0, 0, 1, 0, 0, 10, 0, 2, 2, 70, 0, 0, D-LinkCam
0, 0, 0, 1, 0, 0, 0, 1, 0, 0, 0, 0, 0, 0, 0, 1, 0, 0, 10, 0, 2, 2, 70, 0, 0, D-LinkCam
0, 0, 0, 1, 0, 0, 0, 1, 0, 0, 0, 0, 0, 0, 0, 1, 0, 0, 10, 0, 2, 2, 93, 0, 0, D-LinkCam
0, 0, 0, 1, 0, 0, 0, 1, 0, 0, 0, 0, 0, 0, 0, 1, 0, 0, 10, 0, 2, 2, 93, 0, 0, D-LinkCam
0, 0, 0, 1, 0, 0, 0, 1, 0, 0, 0, 0, 0, 0, 0, 1, 0, 0, 10, 0, 2, 2, 131, 0, 0, D-LinkCam
0, 0, 0, 1, 0, 0, 0, 1, 0, 0, 0, 0, 0, 0, 0, 1, 0, 0, 10, 0, 2, 2, 131, 0, 0, D-LinkCam
0, 0, 0, 1, 0, 0, 0, 1, 0, 0, 0, 0, 0, 0, 0, 1, 0, 0, 10, 0, 2, 2, 168, 0, 0, D-LinkCam
0, 0, 0, 1, 0, 0, 0, 1, 0, 0, 0, 0, 0, 0, 0, 1, 0, 0, 10, 0, 2, 2, 168, 0, 0, D-LinkCam
0, 0, 0, 1, 0, 0, 0, 1, 0, 0, 0, 0, 0, 0, 1, 0, 0, 0, 10, 0, 2, 1, 64, 0, 0, D-LinkCam
0, 0, 0, 1, 0, 0, 0, 1, 0, 0, 0, 0, 0, 0, 1, 0, 0, 0, 10, 0, 1, 2, 389, 0, 0, D-LinkCam
0, 0, 0, 1, 0, 0, 1, 0, 5840, 0, 1, 0, 0, 0, 0, 0, 0, 0, 11, 0, 2, 1, 60, 0, 0, D-LinkCam
0, 0, 0, 1, 0, 0, 1, 0, 5792, 0, 1, 0, 0, 0, 0, 0, 0, 0, 11, 0, 1, 2, 60, 0, 0, D-LinkCam
0, 0, 0, 1, 0, 0, 1, 0, 2920, 0, 1, 0, 0, 0, 0, 0, 0, 0, 11, 0, 2, 1, 52, 0, 0, D-LinkCam
0, 0, 0, 1, 0, 0, 0, 1, 0, 0, 0, 0, 0, 0, 0, 1, 0, 0, 11, 0, 2, 2, 191, 0, 0, D-LinkCam
0, 0, 0, 1, 0, 0, 0, 1, 0, 0, 0, 0, 0, 0, 0, 1, 0, 0, 11, 0, 2, 2, 191, 0, 0, D-LinkCam
0, 0, 0, 1, 0, 0, 1, 0, 2920, 0, 1, 0, 0, 0, 0, 0, 0, 0, 11, 0, 2, 1, 179, 1, 4.275304103303635, D-LinkCam
0, 0, 0, 1, 0, 0, 1, 0, 12, 0, 1, 0, 0, 0, 0, 0, 0, 0, 11, 0, 1, 2, 52, 0, 0, D-LinkCam
0, 0, 0, 1, 0, 0, 1, 0, 12, 0, 1, 0, 0, 0, 0, 0, 0, 0, 11, 0, 1, 2, 1420, 1, 7.128395795716754, D-LinkCam
0, 0, 0, 1, 0, 0, 1, 0, 12, 0, 1, 0, 0, 0, 0, 0, 0, 0, 11, 0, 1, 2, 1420, 1, 7.284093565420018, D-LinkCam
0, 0, 0, 1, 0, 0, 1, 0, 4288, 0, 1, 0, 0, 0, 0, 0, 0, 0, 11, 0, 2, 1, 52, 0, 0, D-LinkCam
0, 0, 0, 1, 0, 0, 1, 0, 5656, 0, 1, 0, 0, 0, 0, 0, 0, 0, 11, 0, 2, 1, 52, 0, 0, D-LinkCam
0, 0, 0, 1, 0, 0, 1, 0, 12, 0, 1, 0, 0, 0, 0, 0, 0, 0, 11, 0, 1, 2, 826, 1, 7.441585501118172, D-LinkCam
0, 0, 0, 1, 0, 0, 1, 0, 7024, 0, 1, 0, 0, 0, 0, 0, 0, 0, 11, 0, 2, 1, 52, 0, 0, D-LinkCam
0, 0, 0, 1, 0, 0, 0, 1, 0, 0, 0, 0, 0, 0, 0, 1, 0, 0, 11, 0, 2, 2, 189, 0, 0, D-LinkCam
0, 0, 0, 1, 0, 0, 0, 1, 0, 0, 0, 0, 0, 0, 0, 1, 0, 0, 11, 0, 2, 2, 189, 0, 0, D-LinkCam
0, 0, 0, 1, 0, 0, 1, 0, 7024, 0, 1, 0, 0, 0, 0, 0, 0, 0, 11, 0, 2, 1, 378, 1, 7.311331424252365, D-LinkCam
0, 0, 0, 1, 0, 0, 1, 0, 14, 0, 1, 0, 0, 0, 0, 0, 0, 0, 11, 0, 1, 2, 111, 1, 5.5436599985143795, D-LinkCam
0, 0, 0, 1, 0, 0, 1, 0, 7024, 0, 1, 0, 0, 0, 0, 0, 0, 0, 11, 0, 2, 1, 52, 0, 0, D-LinkCam
0, 0, 0, 1, 0, 0, 1, 0, 7024, 0, 1, 0, 0, 0, 0, 0, 0, 0, 11, 0, 2, 1, 206, 1, 6.635887089421723, D-LinkCam
0, 0, 0, 1, 0, 0, 1, 0, 16, 0, 1, 0, 0, 0, 0, 0, 0, 0, 11, 0, 1, 2, 206, 1, 6.682117060063045, D-LinkCam
0, 0, 0, 1, 0, 0, 1, 0, 7024, 0, 1, 0, 0, 0, 0, 0, 0, 0, 11, 0, 2, 1, 52, 0, 0, D-LinkCam
0, 0, 0, 1, 0, 0, 1, 0, 7024, 0, 1, 0, 0, 0, 0, 0, 0, 0, 11, 0, 2, 1, 158, 1, 6.265471869575887, D-LinkCam
0, 0, 0, 1, 0, 0, 1, 0, 16, 0, 1, 0, 0, 0, 0, 0, 0, 0, 11, 0, 1, 2, 462, 1, 7.454495459362239, D-LinkCam
0, 0, 0, 1, 0, 0, 1, 0, 7024, 0, 1, 0, 0, 0, 0, 0, 0, 0, 11, 0, 2, 1, 52, 0, 0, D-LinkCam
0, 0, 0, 1, 0, 0, 0, 1, 0, 0, 0, 0, 0, 0, 0, 1, 0, 0, 11, 0, 2, 2, 397, 0, 0, D-LinkCam
0, 0, 0, 1, 0, 0, 0, 1, 0, 0, 0, 0, 0, 0, 0, 1, 0, 0, 11, 0, 2, 2, 397, 0, 0, D-LinkCam
0, 0, 0, 1, 0, 0, 0, 1, 0, 0, 0, 0, 0, 0, 0, 1, 0, 0, 11, 0, 2, 2, 205, 0, 0, D-LinkCam
0, 0, 0, 1, 0, 0, 0, 1, 0, 0, 0, 0, 0, 0, 0, 1, 0, 0, 11, 0, 2, 2, 205, 0, 0, D-LinkCam
0, 0, 0, 1, 0, 0, 0, 1, 0, 0, 0, 0, 0, 0, 0, 1, 0, 0, 11, 0, 2, 2, 207, 0, 0, D-LinkCam
0, 0, 0, 1, 0, 0, 0, 1, 0, 0, 0, 0, 0, 0, 0, 1, 0, 0, 11, 0, 2, 2, 207, 0, 0, D-LinkCam
0, 0, 0, 1, 0, 0, 0, 1, 0, 0, 0, 0, 0, 0, 0, 1, 0, 0, 11, 0, 2, 2, 205, 0, 0, D-LinkCam
0, 0, 0, 1, 0, 0, 0, 1, 0, 0, 0, 0, 0, 0, 0, 1, 0, 0, 11, 0, 2, 2, 205, 0, 0, D-LinkCam
0, 0, 0, 1, 0, 0, 1, 0, 3587, 1, 0, 0, 0, 0, 0, 0, 0, 0, 11, 0, 1, 3, 819, 1, 5.496910812939722, D-LinkCam
0, 0, 0, 1, 0, 0, 1, 0, 3587, 1, 0, 0, 0, 0, 0, 0, 0, 0, 11, 0, 1, 3, 52, 0, 0, D-LinkCam
0, 0, 0, 1, 0, 0, 1, 0, 7024, 0, 1, 0, 0, 0, 0, 0, 0, 0, 11, 0, 2, 1, 814, 1, 7.754859924513258, D-LinkCam
0, 0, 0, 1, 0, 0, 1, 0, 1393, 1, 0, 0, 0, 0, 0, 0, 0, 0, 11, 0, 3, 1, 52, 0, 0, D-LinkCam
0, 0, 0, 1, 0, 0, 1, 0, 1393, 1, 0, 0, 0, 0, 0, 0, 0, 0, 11, 0, 3, 1, 52, 0, 0, D-LinkCam
0, 0, 0, 1, 0, 0, 1, 0, 3587, 1, 0, 0, 0, 0, 0, 0, 0, 0, 11, 0, 1, 3, 52, 0, 0, D-LinkCam
0, 0, 0, 1, 0, 0, 1, 0, 19, 0, 1, 0, 0, 0, 0, 0, 0, 0, 11, 0, 1, 2, 270, 1, 6.984088210066415, D-LinkCam
0, 0, 0, 1, 0, 0, 1, 0, 7024, 0, 1, 0, 0, 0, 0, 0, 0, 0, 11, 0, 2, 1, 52, 0, 0, D-LinkCam
0, 0, 0, 1, 0, 0, 0, 1, 0, 0, 0, 0, 0, 0, 0, 1, 0, 0, 11, 0, 2, 2, 397, 0, 0, D-LinkCam
0, 0, 0, 1, 0, 0, 0, 1, 0, 0, 0, 0, 0, 0, 0, 1, 0, 0, 11, 0, 2, 2, 397, 0, 0, D-LinkCam
0, 0, 0, 1, 0, 0, 0, 1, 0, 0, 0, 0, 0, 0, 0, 1, 0, 0, 11, 0, 2, 2, 205, 0, 0, D-LinkCam
0, 0, 0, 1, 0, 0, 0, 1, 0, 0, 0, 0, 0, 0, 0, 1, 0, 0, 11, 0, 2, 2, 205, 0, 0, D-LinkCam
0, 0, 0, 1, 0, 0, 0, 1, 0, 0, 0, 0, 0, 0, 0, 1, 0, 0, 11, 0, 2, 2, 207, 0, 0, D-LinkCam
0, 0, 0, 1, 0, 0, 0, 1, 0, 0, 0, 0, 0, 0, 0, 1, 0, 0, 11, 0, 2, 2, 207, 0, 0, D-LinkCam
0, 0, 0, 1, 0, 0, 0, 1, 0, 0, 0, 0, 0, 0, 0, 1, 0, 0, 11, 0, 2, 2, 205, 0, 0, D-LinkCam
0, 0, 0, 1, 0, 0, 0, 1, 0, 0, 0, 0, 0, 0, 0, 1, 0, 0, 11, 0, 2, 2, 205, 0, 0, D-LinkCam
0, 0, 0, 1, 0, 0, 1, 0, 65535, 1, 0, 0, 0, 0, 0, 0, 0, 0, 11, 0, 3, 1, 60, 0, 0, D-LinkCam
0, 0, 0, 1, 0, 0, 1, 0, 5792, 1, 0, 0, 0, 0, 0, 0, 0, 0, 11, 0, 1, 3, 60, 0, 0, D-LinkCam
0, 0, 0, 1, 0, 0, 1, 0, 1369, 1, 0, 0, 0, 0, 0, 0, 0, 0, 11, 0, 3, 1, 52, 0, 0, D-LinkCam
0, 0, 0, 1, 0, 0, 1, 0, 1369, 1, 0, 0, 0, 0, 0, 0, 0, 0, 11, 0, 3, 1, 915, 1, 5.534590911286496, D-LinkCam
0, 0, 0, 1, 0, 0, 1, 0, 3759, 1, 0, 0, 0, 0, 0, 0, 0, 0, 11, 0, 1, 3, 52, 0, 0, D-LinkCam
0, 0, 0, 1, 0, 0, 1, 0, 3759, 1, 0, 0, 0, 0, 0, 0, 0, 0, 11, 0, 1, 3, 637, 1, 5.351519194448874, D-LinkCam
0, 0, 0, 1, 0, 0, 1, 0, 3759, 1, 0, 0, 0, 0, 0, 0, 0, 0, 11, 0, 1, 3, 52, 0, 0, D-LinkCam
0, 0, 0, 1, 0, 0, 1, 0, 1388, 1, 0, 0, 0, 0, 0, 0, 0, 0, 11, 0, 3, 1, 52, 0, 0, D-LinkCam
0, 0, 0, 1, 0, 0, 1, 0, 1388, 1, 0, 0, 0, 0, 0, 0, 0, 0, 11, 0, 3, 1, 52, 0, 0, D-LinkCam
0, 0, 0, 1, 0, 0, 1, 0, 3759, 1, 0, 0, 0, 0, 0, 0, 0, 0, 11, 0, 1, 3, 52, 0, 0, D-LinkCam
0, 0, 0, 1, 0, 0, 0, 1, 0, 0, 0, 0, 0, 0, 0, 1, 0, 0, 11, 0, 2, 2, 91, 0, 0, D-LinkCam
0, 0, 0, 1, 0, 0, 0, 1, 0, 0, 0, 0, 0, 0, 0, 1, 0, 0, 11, 0, 2, 2, 91, 0, 0, D-LinkCam
0, 0, 0, 1, 0, 0, 0, 1, 0, 0, 0, 0, 0, 0, 0, 1, 0, 0, 11, 0, 2, 2, 112, 0, 0, D-LinkCam
0, 0, 0, 1, 0, 0, 0, 1, 0, 0, 0, 0, 0, 0, 0, 1, 0, 0, 11, 0, 2, 2, 112, 0, 0, D-LinkCam
0, 0, 0, 1, 0, 0, 0, 1, 0, 0, 0, 0, 0, 0, 0, 1, 0, 0, 11, 0, 2, 2, 108, 0, 0, D-LinkCam
0, 0, 0, 1, 0, 0, 0, 1, 0, 0, 0, 0, 0, 0, 0, 1, 0, 0, 11, 0, 2, 2, 108, 0, 0, D-LinkCam
0, 0, 0, 1, 0, 0, 0, 1, 0, 0, 0, 0, 0, 0, 0, 1, 0, 0, 11, 0, 2, 2, 112, 0, 0, D-LinkCam
0, 0, 0, 1, 0, 0, 0, 1, 0, 0, 0, 0, 0, 0, 0, 1, 0, 0, 11, 0, 2, 2, 112, 0, 0, D-LinkCam
0, 0, 0, 1, 0, 0, 0, 0, 0, 0, 0, 0, 0, 0, 0, 0, 0, 0, 11, 0, 0, 0, 40, 1, 2.216917186688699, D-LinkCam
0, 0, 0, 1, 0, 0, 0, 0, 0, 0, 0, 0, 0, 0, 0, 0, 0, 0, 11, 0, 0, 0, 40, 1, 2.216917186688699, D-LinkCam
1, 0, 0, 0, 0, 0, 0, 0, 0, 0, 0, 0, 0, 0, 0, 0, 0, 0, 11, 0, 0, 0, 0, 0, 0, D-LinkCam
1, 0, 0, 0, 0, 0, 0, 0, 0, 0, 0, 0, 0, 0, 0, 0, 0, 0, 11, 0, 0, 0, 0, 0, 0, D-LinkCam
0, 0, 0, 1, 0, 0, 0, 1, 0, 0, 0, 0, 0, 1, 0, 0, 0, 0, 11, 0, 2, 2, 165, 1, 5.260068765825436, D-LinkCam
0, 0, 0, 1, 0, 0, 0, 1, 0, 0, 0, 0, 0, 1, 0, 0, 0, 0, 11, 0, 2, 2, 165, 1, 5.260068765825436, D-LinkCam
0, 0, 0, 1, 0, 0, 0, 0, 0, 0, 0, 0, 0, 0, 0, 0, 0, 0, 11, 0, 0, 0, 40, 1, 2.216917186688699, D-LinkCam
0, 0, 0, 1, 0, 0, 0, 0, 0, 0, 0, 0, 0, 0, 0, 0, 0, 0, 11, 0, 0, 0, 40, 1, 2.216917186688699, D-LinkCam
0, 0, 0, 1, 0, 0, 0, 1, 0, 0, 0, 0, 0, 0, 0, 1, 0, 0, 11, 0, 2, 2, 147, 0, 0, D-LinkCam
0, 0, 0, 1, 0, 0, 0, 1, 0, 0, 0, 0, 0, 0, 0, 1, 0, 0, 11, 0, 2, 2, 147, 0, 0, D-LinkCam
0, 0, 0, 1, 0, 0, 0, 1, 0, 0, 0, 0, 0, 0, 0, 1, 0, 0, 11, 0, 2, 2, 153, 0, 0, D-LinkCam
0, 0, 0, 1, 0, 0, 0, 1, 0, 0, 0, 0, 0, 0, 0, 1, 0, 0, 11, 0, 2, 2, 153, 0, 0, D-LinkCam
0, 0, 0, 1, 0, 0, 0, 1, 0, 0, 0, 0, 0, 0, 0, 1, 0, 0, 11, 0, 2, 2, 155, 0, 0, D-LinkCam
0, 0, 0, 1, 0, 0, 0, 1, 0, 0, 0, 0, 0, 0, 0, 1, 0, 0, 11, 0, 2, 2, 155, 0, 0, D-LinkCam
0, 0, 0, 1, 0, 0, 0, 1, 0, 0, 0, 0, 0, 0, 0, 1, 0, 0, 11, 0, 2, 2, 153, 0, 0, D-LinkCam
0, 0, 0, 1, 0, 0, 0, 1, 0, 0, 0, 0, 0, 0, 0, 1, 0, 0, 11, 0, 2, 2, 153, 0, 0, D-LinkCam
0, 0, 0, 1, 0, 0, 0, 1, 0, 0, 0, 0, 0, 0, 0, 1, 0, 0, 11, 0, 2, 2, 147, 0, 0, D-LinkCam
0, 0, 0, 1, 0, 0, 0, 1, 0, 0, 0, 0, 0, 0, 0, 1, 0, 0, 11, 0, 2, 2, 147, 0, 0, D-LinkCam
0, 0, 0, 1, 0, 0, 0, 1, 0, 0, 0, 0, 0, 0, 0, 1, 0, 0, 11, 0, 2, 2, 153, 0, 0, D-LinkCam
0, 0, 0, 1, 0, 0, 0, 1, 0, 0, 0, 0, 0, 0, 0, 1, 0, 0, 11, 0, 2, 2, 153, 0, 0, D-LinkCam
0, 0, 0, 1, 0, 0, 0, 1, 0, 0, 0, 0, 0, 0, 0, 1, 0, 0, 11, 0, 2, 2, 155, 0, 0, D-LinkCam
0, 0, 0, 1, 0, 0, 0, 1, 0, 0, 0, 0, 0, 0, 0, 1, 0, 0, 11, 0, 2, 2, 155, 0, 0, D-LinkCam
0, 0, 0, 1, 0, 0, 0, 1, 0, 0, 0, 0, 0, 0, 0, 1, 0, 0, 11, 0, 2, 2, 153, 0, 0, D-LinkCam
0, 0, 0, 1, 0, 0, 0, 1, 0, 0, 0, 0, 0, 0, 0, 1, 0, 0, 11, 0, 2, 2, 153, 0, 0, D-LinkCam
0, 0, 0, 1, 0, 0, 0, 1, 0, 0, 0, 0, 0, 0, 0, 1, 0, 0, 11, 0, 2, 2, 147, 0, 0, D-LinkCam
0, 0, 0, 1, 0, 0, 0, 1, 0, 0, 0, 0, 0, 0, 0, 1, 0, 0, 11, 0, 2, 2, 147, 0, 0, D-LinkCam
0, 0, 0, 1, 0, 0, 0, 1, 0, 0, 0, 0, 0, 0, 0, 1, 0, 0, 11, 0, 2, 2, 153, 0, 0, D-LinkCam
0, 0, 0, 1, 0, 0, 0, 1, 0, 0, 0, 0, 0, 0, 0, 1, 0, 0, 11, 0, 2, 2, 153, 0, 0, D-LinkCam
0, 0, 0, 1, 0, 0, 0, 1, 0, 0, 0, 0, 0, 0, 0, 1, 0, 0, 11, 0, 2, 2, 155, 0, 0, D-LinkCam
0, 0, 0, 1, 0, 0, 0, 1, 0, 0, 0, 0, 0, 0, 0, 1, 0, 0, 11, 0, 2, 2, 155, 0, 0, D-LinkCam
0, 0, 0, 1, 0, 0, 0, 1, 0, 0, 0, 0, 0, 0, 0, 1, 0, 0, 11, 0, 2, 2, 399, 0, 0, D-LinkCam
0, 0, 0, 1, 0, 0, 0, 1, 0, 0, 0, 0, 0, 0, 0, 1, 0, 0, 11, 0, 2, 2, 399, 0, 0, D-LinkCam
0, 0, 0, 1, 0, 0, 0, 1, 0, 0, 0, 0, 0, 0, 0, 1, 0, 0, 11, 0, 2, 2, 153, 0, 0, D-LinkCam
0, 0, 0, 1, 0, 0, 0, 1, 0, 0, 0, 0, 0, 0, 0, 1, 0, 0, 11, 0, 2, 2, 153, 0, 0, D-LinkCam
0, 0, 0, 1, 0, 0, 0, 1, 0, 0, 0, 0, 0, 0, 0, 1, 0, 0, 11, 0, 2, 2, 205, 0, 0, D-LinkCam
0, 0, 0, 1, 0, 0, 0, 1, 0, 0, 0, 0, 0, 0, 0, 1, 0, 0, 11, 0, 2, 2, 205, 0, 0, D-LinkCam
0, 0, 0, 1, 0, 0, 0, 1, 0, 0, 0, 0, 0, 0, 0, 1, 0, 0, 11, 0, 2, 2, 207, 0, 0, D-LinkCam
0, 0, 0, 1, 0, 0, 0, 1, 0, 0, 0, 0, 0, 0, 0, 1, 0, 0, 11, 0, 2, 2, 207, 0, 0, D-LinkCam
0, 0, 0, 1, 0, 0, 0, 1, 0, 0, 0, 0, 0, 0, 0, 1, 0, 0, 11, 0, 2, 2, 93, 0, 0, D-LinkCam
0, 0, 0, 1, 0, 0, 0, 1, 0, 0, 0, 0, 0, 0, 0, 1, 0, 0, 11, 0, 2, 2, 93, 0, 0, D-LinkCam
0, 0, 0, 1, 0, 0, 0, 1, 0, 0, 0, 0, 0, 0, 0, 1, 0, 0, 11, 0, 2, 2, 168, 0, 0, D-LinkCam
0, 0, 0, 1, 0, 0, 0, 1, 0, 0, 0, 0, 0, 0, 0, 1, 0, 0, 11, 0, 2, 2, 168, 0, 0, D-LinkCam
0, 0, 0, 1, 0, 0, 0, 1, 0, 0, 0, 0, 0, 0, 0, 1, 0, 0, 11, 0, 2, 2, 399, 0, 0, D-LinkCam
0, 0, 0, 1, 0, 0, 0, 1, 0, 0, 0, 0, 0, 0, 0, 1, 0, 0, 11, 0, 2, 2, 399, 0, 0, D-LinkCam
0, 0, 0, 1, 0, 0, 0, 1, 0, 0, 0, 0, 0, 0, 0, 1, 0, 0, 11, 0, 2, 2, 205, 0, 0, D-LinkCam
0, 0, 0, 1, 0, 0, 0, 1, 0, 0, 0, 0, 0, 0, 0, 1, 0, 0, 11, 0, 2, 2, 205, 0, 0, D-LinkCam
0, 0, 0, 1, 0, 0, 0, 1, 0, 0, 0, 0, 0, 0, 0, 1, 0, 0, 11, 0, 2, 2, 207, 0, 0, D-LinkCam
0, 0, 0, 1, 0, 0, 0, 1, 0, 0, 0, 0, 0, 0, 0, 1, 0, 0, 11, 0, 2, 2, 207, 0, 0, D-LinkCam
0, 0, 0, 1, 0, 0, 0, 1, 0, 0, 0, 0, 0, 0, 0, 1, 0, 0, 11, 0, 2, 2, 205, 0, 0, D-LinkCam
0, 0, 0, 1, 0, 0, 0, 1, 0, 0, 0, 0, 0, 0, 0, 1, 0, 0, 11, 0, 2, 2, 205, 0, 0, D-LinkCam
0, 0, 0, 1, 0, 0, 0, 1, 0, 0, 0, 0, 0, 0, 0, 0, 0, 0, 11, 0, 3, 3, 345, 1, 1.7580557821103453, D-LinkCam
0, 0, 0, 1, 0, 0, 0, 1, 0, 0, 0, 0, 0, 0, 0, 0, 0, 0, 11, 0, 3, 3, 345, 1, 1.7580557821103453, D-LinkCam
0, 0, 0, 1, 0, 0, 0, 1, 0, 0, 0, 0, 0, 0, 0, 1, 0, 0, 11, 0, 2, 2, 399, 0, 0, D-LinkCam
0, 0, 0, 1, 0, 0, 0, 1, 0, 0, 0, 0, 0, 0, 0, 1, 0, 0, 11, 0, 2, 2, 399, 0, 0, D-LinkCam
0, 0, 0, 1, 0, 0, 0, 1, 0, 0, 0, 0, 0, 0, 0, 1, 0, 0, 11, 0, 2, 2, 205, 0, 0, D-LinkCam
0, 0, 0, 1, 0, 0, 0, 1, 0, 0, 0, 0, 0, 0, 0, 1, 0, 0, 11, 0, 2, 2, 205, 0, 0, D-LinkCam
0, 0, 0, 1, 0, 0, 0, 1, 0, 0, 0, 0, 0, 0, 0, 1, 0, 0, 11, 0, 2, 2, 207, 0, 0, D-LinkCam
0, 0, 0, 1, 0, 0, 0, 1, 0, 0, 0, 0, 0, 0, 0, 1, 0, 0, 11, 0, 2, 2, 207, 0, 0, D-LinkCam
0, 0, 0, 1, 0, 0, 0, 1, 0, 0, 0, 0, 0, 0, 0, 1, 0, 0, 11, 0, 2, 2, 205, 0, 0, D-LinkCam
0, 0, 0, 1, 0, 0, 0, 1, 0, 0, 0, 0, 0, 0, 0, 1, 0, 0, 11, 0, 2, 2, 205, 0, 0, D-LinkCam
0, 0, 0, 1, 0, 0, 0, 1, 0, 0, 0, 0, 0, 1, 0, 0, 0, 0, 11, 0, 2, 2, 160, 1, 5.2101031920342145, D-LinkCam
0, 0, 0, 1, 0, 0, 0, 1, 0, 0, 0, 0, 0, 1, 0, 0, 0, 0, 11, 0, 2, 2, 160, 1, 5.2101031920342145, D-LinkCam
0, 0, 0, 1, 0, 0, 0, 1, 0, 0, 0, 0, 0, 0, 0, 1, 0, 0, 11, 0, 2, 2, 399, 0, 0, D-LinkCam
0, 0, 0, 1, 0, 0, 0, 1, 0, 0, 0, 0, 0, 0, 0, 1, 0, 0, 11, 0, 2, 2, 399, 0, 0, D-LinkCam
0, 0, 0, 1, 0, 0, 0, 1, 0, 0, 0, 0, 0, 0, 0, 1, 0, 0, 11, 0, 2, 2, 205, 0, 0, D-LinkCam
0, 0, 0, 1, 0, 0, 0, 1, 0, 0, 0, 0, 0, 0, 0, 1, 0, 0, 11, 0, 2, 2, 205, 0, 0, D-LinkCam
0, 0, 0, 1, 0, 0, 0, 1, 0, 0, 0, 0, 0, 0, 0, 1, 0, 0, 11, 0, 2, 2, 207, 0, 0, D-LinkCam
0, 0, 0, 1, 0, 0, 0, 1, 0, 0, 0, 0, 0, 0, 0, 1, 0, 0, 11, 0, 2, 2, 207, 0, 0, D-LinkCam
0, 0, 0, 1, 0, 0, 0, 1, 0, 0, 0, 0, 0, 0, 0, 1, 0, 0, 11, 0, 2, 2, 205, 0, 0, D-LinkCam
0, 0, 0, 1, 0, 0, 0, 1, 0, 0, 0, 0, 0, 0, 0, 1, 0, 0, 11, 0, 2, 2, 205, 0, 0, D-LinkCam
0, 0, 0, 1, 0, 0, 0, 0, 0, 0, 0, 0, 0, 0, 0, 0, 0, 0, 11, 0, 0, 0, 40, 1, 2.216917186688699, D-LinkCam
0, 0, 0, 1, 0, 0, 0, 0, 0, 0, 0, 0, 0, 0, 0, 0, 0, 0, 11, 0, 0, 0, 40, 1, 2.216917186688699, D-LinkCam
0, 0, 0, 1, 0, 0, 0, 1, 0, 0, 0, 0, 0, 1, 0, 0, 0, 0, 11, 0, 2, 2, 161, 1, 5.189670387329765, D-LinkCam
0, 0, 0, 1, 0, 0, 0, 1, 0, 0, 0, 0, 0, 1, 0, 0, 0, 0, 11, 0, 2, 2, 161, 1, 5.189670387329765, D-LinkCam
0, 0, 0, 1, 0, 0, 0, 1, 0, 0, 0, 0, 0, 1, 0, 0, 0, 0, 11, 0, 2, 2, 129, 1, 5.021188463311641, D-LinkCam
0, 0, 0, 1, 0, 0, 0, 1, 0, 0, 0, 0, 0, 1, 0, 0, 0, 0, 11, 0, 2, 2, 129, 1, 5.021188463311641, D-LinkCam
0, 0, 0, 1, 0, 0, 0, 1, 0, 0, 0, 0, 0, 0, 0, 1, 0, 0, 11, 0, 2, 2, 399, 0, 0, D-LinkCam
0, 0, 0, 1, 0, 0, 0, 1, 0, 0, 0, 0, 0, 0, 0, 1, 0, 0, 11, 0, 2, 2, 399, 0, 0, D-LinkCam
0, 0, 0, 1, 0, 0, 0, 1, 0, 0, 0, 0, 0, 0, 0, 1, 0, 0, 11, 0, 2, 2, 205, 0, 0, D-LinkCam
0, 0, 0, 1, 0, 0, 0, 1, 0, 0, 0, 0, 0, 0, 0, 1, 0, 0, 11, 0, 2, 2, 205, 0, 0, D-LinkCam
0, 0, 0, 1, 0, 0, 0, 1, 0, 0, 0, 0, 0, 0, 0, 1, 0, 0, 11, 0, 2, 2, 207, 0, 0, D-LinkCam
0, 0, 0, 1, 0, 0, 0, 1, 0, 0, 0, 0, 0, 0, 0, 1, 0, 0, 11, 0, 2, 2, 207, 0, 0, D-LinkCam
0, 0, 0, 1, 0, 0, 0, 1, 0, 0, 0, 0, 0, 0, 0, 1, 0, 0, 11, 0, 2, 2, 205, 0, 0, D-LinkCam
0, 0, 0, 1, 0, 0, 0, 1, 0, 0, 0, 0, 0, 0, 0, 1, 0, 0, 11, 0, 2, 2, 205, 0, 0, D-LinkCam
0, 0, 0, 1, 0, 0, 0, 1, 0, 0, 0, 0, 0, 1, 0, 0, 0, 0, 11, 0, 3, 2, 165, 1, 5.260068765825436, D-LinkCam
0, 0, 0, 1, 0, 0, 0, 1, 0, 0, 0, 0, 0, 1, 0, 0, 0, 0, 11, 0, 3, 2, 165, 1, 5.260068765825436, D-LinkCam
0, 0, 0, 1, 0, 0, 0, 1, 0, 0, 0, 0, 0, 0, 0, 1, 0, 0, 11, 0, 2, 2, 63, 0, 0, D-LinkCam
0, 0, 0, 1, 0, 0, 0, 1, 0, 0, 0, 0, 0, 0, 0, 1, 0, 0, 11, 0, 2, 2, 63, 0, 0, D-LinkCam
0, 0, 0, 1, 0, 0, 0, 1, 0, 0, 0, 0, 0, 0, 0, 1, 0, 0, 11, 0, 2, 2, 324, 0, 0, D-LinkCam
0, 0, 0, 1, 0, 0, 0, 1, 0, 0, 0, 0, 0, 0, 0, 1, 0, 0, 11, 0, 2, 2, 324, 0, 0, D-LinkCam
0, 0, 0, 1, 0, 0, 0, 1, 0, 0, 0, 0, 0, 0, 0, 1, 0, 0, 11, 0, 2, 2, 97, 0, 0, D-LinkCam
0, 0, 0, 1, 0, 0, 0, 1, 0, 0, 0, 0, 0, 0, 0, 1, 0, 0, 11, 0, 2, 2, 97, 0, 0, D-LinkCam
0, 0, 0, 1, 0, 0, 0, 1, 0, 0, 0, 0, 0, 0, 0, 1, 0, 0, 11, 0, 2, 2, 97, 0, 0, D-LinkCam
0, 0, 0, 1, 0, 0, 0, 1, 0, 0, 0, 0, 0, 0, 0, 1, 0, 0, 11, 0, 2, 2, 97, 0, 0, D-LinkCam
0, 0, 0, 1, 0, 0, 0, 1, 0, 0, 0, 0, 0, 1, 0, 0, 0, 0, 11, 0, 3, 2, 160, 1, 5.2101031920342145, D-LinkCam
0, 0, 0, 1, 0, 0, 0, 1, 0, 0, 0, 0, 0, 1, 0, 0, 0, 0, 11, 0, 3, 2, 160, 1, 5.2101031920342145, D-LinkCam
0, 0, 0, 1, 0, 0, 0, 1, 0, 0, 0, 0, 0, 1, 0, 0, 0, 0, 11, 0, 3, 2, 161, 1, 5.189670387329765, D-LinkCam
0, 0, 0, 1, 0, 0, 0, 1, 0, 0, 0, 0, 0, 1, 0, 0, 0, 0, 11, 0, 3, 2, 161, 1, 5.189670387329765, D-LinkCam
0, 0, 0, 1, 0, 0, 0, 1, 0, 0, 0, 0, 0, 0, 0, 1, 0, 0, 11, 0, 2, 2, 399, 0, 0, D-LinkCam
0, 0, 0, 1, 0, 0, 0, 1, 0, 0, 0, 0, 0, 0, 0, 1, 0, 0, 11, 0, 2, 2, 399, 0, 0, D-LinkCam
0, 0, 0, 1, 0, 0, 0, 1, 0, 0, 0, 0, 0, 0, 0, 1, 0, 0, 11, 0, 2, 2, 205, 0, 0, D-LinkCam
0, 0, 0, 1, 0, 0, 0, 1, 0, 0, 0, 0, 0, 0, 0, 1, 0, 0, 11, 0, 2, 2, 205, 0, 0, D-LinkCam
0, 0, 0, 1, 0, 0, 0, 1, 0, 0, 0, 0, 0, 0, 0, 1, 0, 0, 11, 0, 2, 2, 207, 0, 0, D-LinkCam
0, 0, 0, 1, 0, 0, 0, 1, 0, 0, 0, 0, 0, 0, 0, 1, 0, 0, 11, 0, 2, 2, 207, 0, 0, D-LinkCam
0, 0, 0, 1, 0, 0, 0, 1, 0, 0, 0, 0, 0, 0, 0, 1, 0, 0, 11, 0, 2, 2, 205, 0, 0, D-LinkCam
0, 0, 0, 1, 0, 0, 0, 1, 0, 0, 0, 0, 0, 0, 0, 1, 0, 0, 11, 0, 2, 2, 205, 0, 0, D-LinkCam
0, 0, 0, 1, 0, 0, 0, 1, 0, 0, 0, 0, 0, 0, 0, 0, 0, 0, 11, 0, 3, 3, 345, 1, 1.7580557821103453, D-LinkCam
0, 0, 0, 1, 0, 0, 0, 1, 0, 0, 0, 0, 0, 0, 0, 0, 0, 0, 11, 0, 3, 3, 345, 1, 1.7580557821103453, D-LinkCam
0, 0, 0, 1, 0, 0, 0, 1, 0, 0, 0, 0, 0, 1, 0, 0, 0, 0, 11, 0, 3, 2, 129, 1, 5.021188463311641, D-LinkCam
0, 0, 0, 1, 0, 0, 0, 1, 0, 0, 0, 0, 0, 1, 0, 0, 0, 0, 11, 0, 3, 2, 129, 1, 5.021188463311641, D-LinkCam
0, 0, 0, 1, 0, 0, 0, 1, 0, 0, 0, 0, 0, 1, 0, 0, 0, 0, 11, 0, 2, 2, 165, 1, 5.260068765825436, D-LinkCam
0, 0, 0, 1, 0, 0, 0, 1, 0, 0, 0, 0, 0, 1, 0, 0, 0, 0, 11, 0, 2, 2, 165, 1, 5.260068765825436, D-LinkCam
0, 0, 0, 1, 0, 0, 0, 1, 0, 0, 0, 0, 0, 1, 0, 0, 0, 0, 11, 0, 2, 2, 160, 1, 5.2101031920342145, D-LinkCam
0, 0, 0, 1, 0, 0, 0, 1, 0, 0, 0, 0, 0, 1, 0, 0, 0, 0, 11, 0, 2, 2, 160, 1, 5.2101031920342145, D-LinkCam
0, 0, 0, 1, 0, 0, 1, 0, 7024, 0, 1, 0, 0, 0, 0, 0, 0, 0, 11, 0, 2, 1, 366, 1, 7.3600275067901375, D-LinkCam
0, 0, 0, 1, 0, 0, 1, 0, 22, 0, 1, 0, 0, 0, 0, 0, 0, 0, 11, 0, 1, 2, 142, 1, 6.1027469851224, D-LinkCam
0, 0, 0, 1, 0, 0, 1, 0, 7024, 0, 1, 0, 0, 0, 0, 0, 0, 0, 11, 0, 2, 1, 52, 0, 0, D-LinkCam
0, 0, 0, 1, 0, 0, 1, 0, 22, 0, 1, 0, 0, 0, 0, 0, 0, 0, 11, 0, 1, 2, 270, 1, 7.120668198648148, D-LinkCam
0, 0, 0, 1, 0, 0, 1, 0, 7024, 0, 1, 0, 0, 0, 0, 0, 0, 0, 11, 0, 2, 1, 52, 0, 0, D-LinkCam
0, 0, 0, 1, 0, 0, 0, 1, 0, 0, 0, 0, 0, 1, 0, 0, 0, 0, 11, 0, 2, 2, 161, 1, 5.189670387329765, D-LinkCam
0, 0, 0, 1, 0, 0, 0, 1, 0, 0, 0, 0, 0, 1, 0, 0, 0, 0, 11, 0, 2, 2, 161, 1, 5.189670387329765, D-LinkCam
1, 0, 0, 0, 0, 0, 0, 0, 0, 0, 0, 0, 0, 0, 0, 0, 0, 0, 11, 0, 0, 0, 0, 0, 0, D-LinkCam
1, 0, 0, 0, 0, 0, 0, 0, 0, 0, 0, 0, 0, 0, 0, 0, 0, 0, 11, 0, 0, 0, 0, 0, 0, D-LinkCam
0, 0, 0, 1, 0, 0, 0, 1, 0, 0, 0, 0, 0, 1, 0, 0, 0, 0, 11, 0, 2, 2, 129, 1, 5.021188463311641, D-LinkCam
0, 0, 0, 1, 0, 0, 0, 1, 0, 0, 0, 0, 0, 1, 0, 0, 0, 0, 11, 0, 2, 2, 129, 1, 5.021188463311641, D-LinkCam
0, 0, 0, 1, 0, 0, 0, 1, 0, 0, 0, 0, 0, 0, 0, 0, 0, 0, 11, 0, 3, 3, 345, 1, 1.7580557821103453, D-LinkCam
0, 0, 0, 1, 0, 0, 0, 1, 0, 0, 0, 0, 0, 0, 0, 0, 0, 0, 11, 0, 3, 3, 345, 1, 1.7580557821103453, D-LinkCam
0, 0, 0, 1, 0, 0, 0, 1, 0, 0, 0, 0, 0, 0, 0, 1, 0, 0, 11, 0, 2, 2, 399, 0, 0, D-LinkCam
0, 0, 0, 1, 0, 0, 0, 1, 0, 0, 0, 0, 0, 0, 0, 1, 0, 0, 11, 0, 2, 2, 399, 0, 0, D-LinkCam
0, 0, 0, 1, 0, 0, 0, 1, 0, 0, 0, 0, 0, 0, 0, 1, 0, 0, 11, 0, 2, 2, 205, 0, 0, D-LinkCam
0, 0, 0, 1, 0, 0, 0, 1, 0, 0, 0, 0, 0, 0, 0, 1, 0, 0, 11, 0, 2, 2, 205, 0, 0, D-LinkCam
0, 0, 0, 1, 0, 0, 0, 1, 0, 0, 0, 0, 0, 0, 0, 1, 0, 0, 11, 0, 2, 2, 207, 0, 0, D-LinkCam
0, 0, 0, 1, 0, 0, 0, 1, 0, 0, 0, 0, 0, 0, 0, 1, 0, 0, 11, 0, 2, 2, 207, 0, 0, D-LinkCam
0, 0, 0, 1, 0, 0, 0, 1, 0, 0, 0, 0, 0, 0, 0, 1, 0, 0, 11, 0, 2, 2, 205, 0, 0, D-LinkCam
0, 0, 0, 1, 0, 0, 0, 1, 0, 0, 0, 0, 0, 0, 0, 1, 0, 0, 11, 0, 2, 2, 205, 0, 0, D-LinkCam
0, 0, 0, 1, 0, 0, 0, 1, 0, 0, 0, 0, 0, 1, 0, 0, 0, 0, 11, 0, 2, 2, 313, 1, 5.359205229981012, D-LinkCam
0, 0, 0, 1, 0, 0, 0, 1, 0, 0, 0, 0, 0, 1, 0, 0, 0, 0, 11, 0, 2, 2, 313, 1, 5.359205229981012, D-LinkCam
0, 0, 0, 1, 0, 0, 0, 1, 0, 0, 0, 0, 0, 1, 0, 0, 0, 0, 11, 0, 2, 2, 293, 1, 5.4274714739108, D-LinkCam
0, 0, 0, 1, 0, 0, 0, 1, 0, 0, 0, 0, 0, 1, 0, 0, 0, 0, 11, 0, 2, 2, 293, 1, 5.4274714739108, D-LinkCam
0, 0, 0, 1, 0, 0, 0, 1, 0, 0, 0, 0, 0, 1, 0, 0, 0, 0, 11, 0, 2, 2, 313, 1, 5.359205229981012, D-LinkCam
0, 0, 0, 1, 0, 0, 0, 1, 0, 0, 0, 0, 0, 1, 0, 0, 0, 0, 11, 0, 2, 2, 313, 1, 5.359205229981012, D-LinkCam
0, 0, 0, 1, 0, 0, 0, 1, 0, 0, 0, 0, 0, 1, 0, 0, 0, 0, 11, 0, 2, 2, 293, 1, 5.4274714739108, D-LinkCam
0, 0, 0, 1, 0, 0, 0, 1, 0, 0, 0, 0, 0, 1, 0, 0, 0, 0, 11, 0, 2, 2, 293, 1, 5.4274714739108, D-LinkCam
