0, 0, 0, 0, 0, 0, 0, 0, 0, 0, 0, 0, 0, 0, 0, 0, 0, 0, 0, 0, 0, 0, 0, 0, 0, D-LinkHomeHub
0, 0, 0, 1, 0, 0, 0, 1, 0, 0, 0, 1, 1, 0, 0, 0, 0, 0, 1, 0, 1, 1, 337, 0, 0, D-LinkHomeHub
0, 0, 0, 1, 0, 0, 0, 1, 0, 0, 0, 1, 1, 0, 0, 0, 0, 0, 2, 0, 1, 1, 328, 0, 0, D-LinkHomeHub
0, 0, 0, 1, 0, 0, 0, 1, 0, 0, 0, 1, 1, 0, 0, 0, 0, 0, 2, 0, 1, 1, 349, 0, 0, D-LinkHomeHub
0, 0, 0, 1, 0, 0, 0, 1, 0, 0, 0, 1, 1, 0, 0, 0, 0, 0, 2, 0, 1, 1, 334, 0, 0, D-LinkHomeHub
0, 0, 0, 0, 0, 0, 0, 0, 0, 0, 0, 0, 0, 0, 0, 0, 0, 0, 2, 0, 0, 0, 1, 0, 0, D-LinkHomeHub
1, 0, 0, 0, 0, 0, 0, 0, 0, 0, 0, 0, 0, 0, 0, 0, 0, 0, 2, 0, 0, 0, 0, 0, 0, D-LinkHomeHub
1, 0, 0, 0, 0, 0, 0, 0, 0, 0, 0, 0, 0, 0, 0, 0, 0, 0, 2, 0, 0, 0, 0, 0, 0, D-LinkHomeHub
0, 0, 0, 1, 0, 0, 0, 1, 0, 0, 0, 0, 0, 0, 1, 0, 0, 0, 3, 0, 2, 1, 60, 0, 0, D-LinkHomeHub
0, 0, 0, 1, 0, 0, 0, 1, 0, 0, 0, 0, 0, 0, 1, 0, 0, 0, 3, 0, 1, 2, 92, 0, 0, D-LinkHomeHub
0, 0, 0, 1, 0, 0, 0, 1, 0, 0, 0, 0, 0, 0, 0, 0, 1, 0, 4, 0, 3, 1, 76, 0, 0, D-LinkHomeHub
0, 0, 0, 1, 0, 0, 0, 1, 0, 0, 0, 0, 0, 0, 0, 0, 1, 0, 4, 0, 1, 3, 76, 0, 0, D-LinkHomeHub
0, 0, 0, 1, 0, 0, 0, 0, 0, 0, 0, 0, 0, 0, 0, 0, 0, 0, 5, 0, 0, 0, 40, 1, 2.216917186688699, D-LinkHomeHub
0, 0, 0, 1, 0, 0, 1, 0, 843, 1, 0, 0, 0, 0, 0, 0, 0, 0, 5, 0, 3, 1, 52, 0, 0, D-LinkHomeHub
1, 0, 0, 0, 0, 0, 0, 0, 0, 0, 0, 0, 0, 0, 0, 0, 0, 0, 5, 0, 0, 0, 0, 0, 0, D-LinkHomeHub
1, 0, 0, 0, 0, 0, 0, 0, 0, 0, 0, 0, 0, 0, 0, 0, 0, 0, 5, 0, 0, 0, 0, 0, 0, D-LinkHomeHub
0, 0, 0, 1, 0, 0, 1, 0, 0, 1, 0, 0, 0, 0, 0, 0, 0, 0, 6, 0, 1, 3, 40, 0, 0, D-LinkHomeHub
0, 0, 0, 1, 0, 0, 0, 1, 0, 0, 0, 0, 0, 0, 0, 1, 0, 0, 7, 0, 2, 2, 319, 0, 0, D-LinkHomeHub
0, 0, 0, 1, 0, 0, 0, 1, 0, 0, 0, 0, 0, 0, 0, 1, 0, 0, 7, 0, 2, 2, 319, 0, 0, D-LinkHomeHub
0, 0, 0, 0, 0, 0, 0, 0, 0, 0, 0, 0, 0, 0, 0, 0, 0, 0, 7, 0, 0, 0, 1, 0, 0, D-LinkHomeHub
0, 0, 0, 1, 0, 0, 0, 1, 0, 0, 0, 0, 0, 0, 0, 1, 0, 0, 7, 0, 2, 2, 319, 0, 0, D-LinkHomeHub
0, 0, 0, 1, 0, 0, 0, 1, 0, 0, 0, 0, 0, 0, 0, 1, 0, 0, 7, 0, 2, 2, 295, 0, 0, D-LinkHomeHub
0, 0, 0, 0, 0, 0, 0, 0, 0, 0, 0, 0, 0, 0, 0, 0, 0, 0, 7, 0, 0, 0, 0, 0, 0, D-LinkHomeHub
0, 0, 0, 1, 0, 0, 0, 0, 0, 0, 0, 0, 0, 0, 0, 0, 0, 0, 7, 0, 0, 0, 48, 1, 2.197338796187554, D-LinkHomeHub
0, 0, 0, 1, 0, 0, 0, 1, 0, 0, 0, 0, 0, 0, 0, 1, 0, 0, 7, 0, 2, 2, 63, 0, 0, D-LinkHomeHub
0, 0, 0, 1, 0, 0, 0, 1, 0, 0, 0, 0, 0, 0, 0, 1, 0, 0, 7, 0, 2, 2, 285, 0, 0, D-LinkHomeHub
0, 0, 0, 1, 0, 0, 0, 1, 0, 0, 0, 0, 0, 0, 0, 1, 0, 0, 7, 0, 2, 2, 91, 0, 0, D-LinkHomeHub
0, 0, 0, 1, 0, 0, 0, 1, 0, 0, 0, 0, 0, 0, 0, 1, 0, 0, 7, 0, 2, 2, 83, 0, 0, D-LinkHomeHub
0, 0, 0, 1, 0, 0, 0, 1, 0, 0, 0, 0, 0, 0, 0, 1, 0, 0, 7, 0, 2, 2, 285, 0, 0, D-LinkHomeHub
0, 0, 0, 1, 0, 0, 0, 1, 0, 0, 0, 0, 0, 0, 1, 0, 0, 0, 7, 0, 2, 1, 60, 0, 0, D-LinkHomeHub
0, 0, 0, 1, 0, 0, 0, 1, 0, 0, 0, 0, 0, 0, 1, 0, 0, 0, 7, 0, 1, 2, 381, 0, 0, D-LinkHomeHub
0, 0, 0, 1, 0, 0, 0, 1, 0, 0, 0, 0, 0, 0, 1, 0, 0, 0, 7, 0, 2, 1, 99, 0, 0, D-LinkHomeHub
0, 0, 0, 1, 0, 0, 0, 1, 0, 0, 0, 0, 0, 0, 1, 0, 0, 0, 7, 0, 1, 2, 155, 0, 0, D-LinkHomeHub
0, 0, 0, 1, 0, 0, 0, 1, 0, 0, 0, 0, 0, 0, 1, 0, 0, 0, 7, 0, 3, 1, 60, 0, 0, D-LinkHomeHub
0, 0, 0, 1, 0, 0, 0, 1, 0, 0, 0, 0, 0, 0, 1, 0, 0, 0, 7, 0, 1, 3, 357, 0, 0, D-LinkHomeHub
0, 0, 0, 1, 0, 0, 1, 0, 5840, 1, 0, 0, 0, 0, 0, 0, 0, 0, 8, 0, 3, 1, 60, 0, 0, D-LinkHomeHub
0, 0, 0, 1, 0, 0, 0, 1, 0, 0, 0, 0, 0, 0, 0, 1, 0, 0, 8, 0, 2, 2, 285, 0, 0, D-LinkHomeHub
0, 0, 0, 1, 0, 0, 1, 0, 14480, 1, 0, 0, 0, 0, 0, 0, 0, 0, 8, 0, 1, 3, 60, 0, 0, D-LinkHomeHub
0, 0, 0, 1, 0, 0, 1, 0, 2920, 1, 0, 0, 0, 0, 0, 0, 0, 0, 8, 0, 3, 1, 52, 0, 0, D-LinkHomeHub
0, 0, 0, 1, 0, 0, 1, 0, 2920, 1, 0, 0, 0, 0, 0, 0, 0, 0, 8, 0, 3, 1, 189, 1, 5.364730783545417, D-LinkHomeHub
0, 0, 0, 1, 0, 0, 1, 0, 61, 1, 0, 0, 0, 0, 0, 0, 0, 0, 8, 0, 1, 3, 52, 0, 0, D-LinkHomeHub
0, 0, 0, 1, 0, 0, 1, 0, 61, 1, 0, 0, 0, 0, 0, 0, 0, 0, 8, 0, 1, 3, 253, 1, 5.284674262334768, D-LinkHomeHub
0, 0, 0, 1, 0, 0, 1, 0, 3456, 1, 0, 0, 0, 0, 0, 0, 0, 0, 8, 0, 3, 1, 52, 0, 0, D-LinkHomeHub
0, 0, 0, 1, 0, 0, 0, 1, 0, 0, 0, 0, 0, 0, 0, 1, 0, 0, 8, 0, 2, 2, 374, 0, 0, D-LinkHomeHub
0, 0, 0, 1, 0, 0, 0, 1, 0, 0, 0, 0, 0, 0, 0, 1, 0, 0, 8, 0, 2, 2, 83, 0, 0, D-LinkHomeHub
0, 0, 0, 1, 0, 0, 0, 1, 0, 0, 0, 0, 0, 0, 0, 1, 0, 0, 8, 0, 2, 2, 235, 0, 0, D-LinkHomeHub
0, 0, 0, 1, 0, 0, 0, 1, 0, 0, 0, 0, 0, 0, 0, 1, 0, 0, 8, 0, 2, 2, 70, 0, 0, D-LinkHomeHub
0, 0, 0, 0, 0, 0, 0, 0, 0, 0, 0, 0, 0, 0, 0, 0, 0, 0, 8, 0, 0, 0, 1, 0, 0, D-LinkHomeHub
0, 0, 0, 1, 0, 0, 1, 0, 3456, 1, 0, 0, 0, 0, 0, 0, 0, 0, 8, 0, 3, 1, 52, 0, 0, D-LinkHomeHub
0, 0, 0, 1, 0, 0, 1, 0, 61, 1, 0, 0, 0, 0, 0, 0, 0, 0, 8, 0, 1, 3, 52, 0, 0, D-LinkHomeHub
0, 0, 0, 1, 0, 0, 1, 0, 3456, 1, 0, 0, 0, 0, 0, 0, 0, 0, 8, 0, 3, 1, 52, 0, 0, D-LinkHomeHub
0, 0, 0, 1, 0, 0, 0, 1, 0, 0, 0, 0, 0, 0, 0, 1, 0, 0, 8, 0, 2, 2, 374, 0, 0, D-LinkHomeHub
0, 0, 0, 1, 0, 0, 0, 1, 0, 0, 0, 0, 0, 0, 0, 1, 0, 0, 8, 0, 2, 2, 83, 0, 0, D-LinkHomeHub
0, 0, 0, 0, 0, 0, 0, 0, 0, 0, 0, 0, 0, 0, 0, 0, 0, 0, 8, 0, 0, 0, 0, 0, 0, D-LinkHomeHub
0, 0, 0, 1, 0, 0, 0, 0, 0, 0, 0, 0, 0, 0, 0, 0, 0, 0, 8, 0, 0, 0, 40, 1, 2.091917186688699, D-LinkHomeHub
0, 0, 0, 1, 0, 0, 0, 1, 0, 0, 0, 0, 0, 0, 0, 1, 0, 0, 8, 0, 2, 2, 279, 0, 0, D-LinkHomeHub
0, 0, 0, 1, 0, 0, 0, 1, 0, 0, 0, 0, 0, 0, 0, 1, 0, 0, 8, 0, 2, 2, 70, 0, 0, D-LinkHomeHub
1, 0, 0, 0, 0, 0, 0, 0, 0, 0, 0, 0, 0, 0, 0, 0, 0, 0, 8, 0, 0, 0, 0, 0, 0, D-LinkHomeHub
1, 0, 0, 0, 0, 0, 0, 0, 0, 0, 0, 0, 0, 0, 0, 0, 0, 0, 8, 0, 0, 0, 0, 0, 0, D-LinkHomeHub
0, 0, 0, 1, 0, 0, 0, 1, 0, 0, 0, 0, 0, 1, 0, 0, 0, 0, 9, 0, 3, 2, 254, 1, 5.4208121333436585, D-LinkHomeHub
0, 0, 0, 1, 0, 0, 0, 1, 0, 0, 0, 0, 0, 1, 0, 0, 0, 0, 9, 0, 3, 2, 254, 1, 5.4208121333436585, D-LinkHomeHub
0, 0, 0, 1, 0, 0, 0, 1, 0, 0, 0, 0, 0, 1, 0, 0, 0, 0, 9, 0, 3, 2, 263, 1, 5.300069188503459, D-LinkHomeHub
0, 0, 0, 1, 0, 0, 0, 0, 0, 0, 0, 0, 0, 0, 0, 0, 0, 0, 9, 0, 0, 0, 40, 1, 2.646782221599798, D-LinkHomeHub
0, 0, 0, 1, 0, 0, 0, 1, 0, 0, 0, 0, 0, 1, 0, 0, 0, 0, 9, 0, 3, 2, 263, 1, 5.300069188503459, D-LinkHomeHub
0, 0, 0, 1, 0, 0, 0, 1, 0, 0, 0, 0, 0, 1, 0, 0, 0, 0, 9, 0, 3, 2, 318, 1, 5.449389226608324, D-LinkHomeHub
0, 0, 0, 1, 0, 0, 0, 1, 0, 0, 0, 0, 0, 1, 0, 0, 0, 0, 9, 0, 3, 2, 318, 1, 5.449389226608324, D-LinkHomeHub
0, 0, 0, 1, 0, 0, 0, 1, 0, 0, 0, 0, 0, 1, 0, 0, 0, 0, 9, 0, 3, 2, 328, 1, 5.486983621276838, D-LinkHomeHub
0, 0, 0, 1, 0, 0, 0, 1, 0, 0, 0, 0, 0, 1, 0, 0, 0, 0, 9, 0, 3, 2, 328, 1, 5.486983621276838, D-LinkHomeHub
0, 0, 0, 1, 0, 0, 0, 1, 0, 0, 0, 0, 0, 1, 0, 0, 0, 0, 9, 0, 3, 2, 304, 1, 5.481503182055824, D-LinkHomeHub
0, 0, 0, 1, 0, 0, 0, 1, 0, 0, 0, 0, 0, 1, 0, 0, 0, 0, 9, 0, 3, 2, 304, 1, 5.481503182055824, D-LinkHomeHub
0, 0, 0, 1, 0, 0, 0, 1, 0, 0, 0, 0, 0, 1, 0, 0, 0, 0, 9, 0, 3, 2, 313, 1, 5.416407827622477, D-LinkHomeHub
0, 0, 0, 1, 0, 0, 0, 1, 0, 0, 0, 0, 0, 1, 0, 0, 0, 0, 9, 0, 3, 2, 313, 1, 5.416407827622477, D-LinkHomeHub
0, 0, 0, 1, 0, 0, 0, 1, 0, 0, 0, 0, 0, 1, 0, 0, 0, 0, 9, 0, 3, 2, 368, 1, 5.490761659988864, D-LinkHomeHub
0, 0, 0, 1, 0, 0, 0, 1, 0, 0, 0, 0, 0, 1, 0, 0, 0, 0, 9, 0, 3, 2, 368, 1, 5.490761659988864, D-LinkHomeHub
0, 0, 0, 1, 0, 0, 0, 1, 0, 0, 0, 0, 0, 1, 0, 0, 0, 0, 9, 0, 3, 2, 378, 1, 5.525772312399178, D-LinkHomeHub
0, 0, 0, 1, 0, 0, 0, 1, 0, 0, 0, 0, 0, 1, 0, 0, 0, 0, 9, 0, 3, 2, 378, 1, 5.525772312399178, D-LinkHomeHub
0, 0, 0, 1, 0, 0, 0, 1, 0, 0, 0, 0, 0, 0, 0, 1, 0, 0, 9, 0, 2, 2, 374, 0, 0, D-LinkHomeHub
0, 0, 0, 1, 0, 0, 0, 1, 0, 0, 0, 0, 0, 0, 0, 1, 0, 0, 9, 0, 2, 2, 83, 0, 0, D-LinkHomeHub
0, 0, 0, 0, 0, 0, 0, 0, 0, 0, 0, 0, 0, 0, 0, 0, 0, 0, 9, 0, 0, 0, 1, 0, 0, D-LinkHomeHub
1, 0, 0, 0, 0, 0, 0, 0, 0, 0, 0, 0, 0, 0, 0, 0, 0, 0, 9, 0, 0, 0, 0, 0, 0, D-LinkHomeHub
1, 0, 0, 0, 0, 0, 0, 0, 0, 0, 0, 0, 0, 0, 0, 0, 0, 0, 9, 0, 0, 0, 0, 0, 0, D-LinkHomeHub
0, 0, 0, 0, 0, 0, 0, 0, 0, 0, 0, 0, 0, 0, 0, 0, 0, 0, 9, 0, 0, 0, 0, 0, 0, D-LinkHomeHub
0, 0, 0, 1, 0, 0, 0, 0, 0, 0, 0, 0, 0, 0, 0, 0, 0, 0, 9, 0, 0, 0, 40, 1, 2.646782221599798, D-LinkHomeHub
0, 0, 0, 1, 0, 0, 0, 1, 0, 0, 0, 0, 0, 0, 1, 0, 0, 0, 9, 0, 2, 1, 60, 0, 0, D-LinkHomeHub
0, 0, 0, 1, 0, 0, 0, 1, 0, 0, 0, 0, 0, 0, 1, 0, 0, 0, 9, 0, 1, 2, 92, 0, 0, D-LinkHomeHub
0, 0, 0, 1, 0, 0, 0, 1, 0, 0, 0, 0, 0, 0, 0, 0, 1, 0, 10, 0, 3, 1, 76, 0, 0, D-LinkHomeHub
0, 0, 0, 1, 0, 0, 0, 1, 0, 0, 0, 0, 0, 0, 0, 0, 1, 0, 10, 0, 1, 3, 76, 0, 0, D-LinkHomeHub
1, 0, 0, 0, 0, 0, 0, 0, 0, 0, 0, 0, 0, 0, 0, 0, 0, 0, 10, 0, 0, 0, 0, 0, 0, D-LinkHomeHub
1, 0, 0, 0, 0, 0, 0, 0, 0, 0, 0, 0, 0, 0, 0, 0, 0, 0, 10, 0, 0, 0, 0, 0, 0, D-LinkHomeHub
0, 0, 0, 1, 0, 0, 1, 0, 65535, 1, 0, 0, 0, 0, 0, 0, 0, 0, 10, 0, 2, 1, 60, 0, 0, D-LinkHomeHub
1, 0, 0, 0, 0, 0, 0, 0, 0, 0, 0, 0, 0, 0, 0, 0, 0, 0, 10, 0, 0, 0, 0, 0, 0, D-LinkHomeHub
1, 0, 0, 0, 0, 0, 0, 0, 0, 0, 0, 0, 0, 0, 0, 0, 0, 0, 10, 0, 0, 0, 0, 0, 0, D-LinkHomeHub
0, 0, 0, 1, 0, 0, 1, 0, 5792, 1, 0, 0, 0, 0, 0, 0, 0, 0, 10, 0, 1, 2, 60, 0, 0, D-LinkHomeHub
0, 0, 0, 1, 0, 0, 1, 0, 685, 1, 0, 0, 0, 0, 0, 0, 0, 0, 10, 0, 2, 1, 52, 0, 0, D-LinkHomeHub
0, 0, 0, 1, 0, 0, 1, 0, 685, 1, 0, 0, 0, 0, 0, 0, 0, 0, 10, 0, 2, 1, 745, 1, 5.359043259289731, D-LinkHomeHub
0, 0, 0, 1, 0, 0, 1, 0, 3589, 1, 0, 0, 0, 0, 0, 0, 0, 0, 10, 0, 1, 2, 52, 0, 0, D-LinkHomeHub
0, 0, 0, 1, 0, 0, 1, 0, 3589, 1, 0, 0, 0, 0, 0, 0, 0, 0, 10, 0, 1, 2, 675, 1, 5.544677482252435, D-LinkHomeHub
0, 0, 0, 1, 0, 0, 1, 0, 695, 1, 0, 0, 0, 0, 0, 0, 0, 0, 10, 0, 2, 1, 52, 0, 0, D-LinkHomeHub
0, 0, 0, 1, 0, 0, 1, 0, 695, 1, 0, 0, 0, 0, 0, 0, 0, 0, 10, 0, 2, 1, 855, 1, 5.567252207750056, D-LinkHomeHub
0, 0, 0, 1, 0, 0, 1, 0, 4392, 1, 0, 0, 0, 0, 0, 0, 0, 0, 10, 0, 1, 2, 52, 0, 0, D-LinkHomeHub
0, 0, 0, 1, 0, 0, 1, 0, 4392, 1, 0, 0, 0, 0, 0, 0, 0, 0, 10, 0, 1, 2, 567, 1, 5.376164470257897, D-LinkHomeHub
0, 0, 0, 1, 0, 0, 1, 0, 704, 1, 0, 0, 0, 0, 0, 0, 0, 0, 10, 0, 2, 1, 52, 0, 0, D-LinkHomeHub
0, 0, 0, 1, 0, 0, 1, 0, 4392, 1, 0, 0, 0, 0, 0, 0, 0, 0, 10, 0, 1, 2, 52, 0, 0, D-LinkHomeHub
0, 0, 0, 1, 0, 0, 1, 0, 704, 1, 0, 0, 0, 0, 0, 0, 0, 0, 10, 0, 2, 1, 52, 0, 0, D-LinkHomeHub
0, 0, 0, 1, 0, 0, 1, 0, 704, 1, 0, 0, 0, 0, 0, 0, 0, 0, 10, 0, 2, 1, 52, 0, 0, D-LinkHomeHub
0, 0, 0, 1, 0, 0, 1, 0, 4392, 1, 0, 0, 0, 0, 0, 0, 0, 0, 10, 0, 1, 2, 52, 0, 0, D-LinkHomeHub
0, 0, 0, 1, 0, 0, 1, 0, 65535, 1, 0, 0, 0, 0, 0, 0, 0, 0, 10, 0, 2, 1, 60, 0, 0, D-LinkHomeHub
0, 0, 0, 1, 0, 0, 1, 0, 5792, 1, 0, 0, 0, 0, 0, 0, 0, 0, 10, 0, 1, 2, 60, 0, 0, D-LinkHomeHub
0, 0, 0, 1, 0, 0, 1, 0, 685, 1, 0, 0, 0, 0, 0, 0, 0, 0, 10, 0, 2, 1, 52, 0, 0, D-LinkHomeHub
0, 0, 0, 1, 0, 0, 1, 0, 685, 1, 0, 0, 0, 0, 0, 0, 0, 0, 10, 0, 2, 1, 743, 1, 5.5513366588773705, D-LinkHomeHub
0, 0, 0, 1, 0, 0, 1, 0, 3587, 1, 0, 0, 0, 0, 0, 0, 0, 0, 10, 0, 1, 2, 52, 0, 0, D-LinkHomeHub
0, 0, 0, 1, 0, 0, 1, 0, 3587, 1, 0, 0, 0, 0, 0, 0, 0, 0, 10, 0, 1, 2, 1500, 1, 5.298238148536041, D-LinkHomeHub
0, 0, 0, 1, 0, 0, 1, 0, 3587, 1, 0, 0, 0, 0, 0, 0, 0, 0, 10, 0, 1, 2, 1500, 1, 4.711169399679205, D-LinkHomeHub
0, 0, 0, 1, 0, 0, 1, 0, 3587, 1, 0, 0, 0, 0, 0, 0, 0, 0, 10, 0, 1, 2, 824, 1, 4.801012745155759, D-LinkHomeHub
0, 0, 0, 1, 0, 0, 1, 0, 707, 1, 0, 0, 0, 0, 0, 0, 0, 0, 10, 0, 2, 1, 52, 0, 0, D-LinkHomeHub
0, 0, 0, 1, 0, 0, 1, 0, 730, 1, 0, 0, 0, 0, 0, 0, 0, 0, 10, 0, 2, 1, 52, 0, 0, D-LinkHomeHub
0, 0, 0, 1, 0, 0, 1, 0, 753, 1, 0, 0, 0, 0, 0, 0, 0, 0, 10, 0, 2, 1, 52, 0, 0, D-LinkHomeHub
0, 0, 0, 1, 0, 0, 1, 0, 753, 1, 0, 0, 0, 0, 0, 0, 0, 0, 10, 0, 2, 1, 943, 1, 5.522211074650786, D-LinkHomeHub
0, 0, 0, 1, 0, 0, 1, 0, 4478, 1, 0, 0, 0, 0, 0, 0, 0, 0, 10, 0, 1, 2, 52, 0, 0, D-LinkHomeHub
0, 0, 0, 1, 0, 0, 0, 1, 0, 0, 0, 0, 0, 0, 0, 1, 0, 0, 10, 0, 2, 2, 374, 0, 0, D-LinkHomeHub
0, 0, 0, 1, 0, 0, 0, 1, 0, 0, 0, 0, 0, 0, 0, 1, 0, 0, 10, 0, 2, 2, 83, 0, 0, D-LinkHomeHub
0, 0, 0, 1, 0, 0, 0, 1, 0, 0, 0, 0, 0, 0, 0, 1, 0, 0, 10, 0, 2, 2, 295, 0, 0, D-LinkHomeHub
0, 0, 0, 1, 0, 0, 1, 0, 4478, 1, 0, 0, 0, 0, 0, 0, 0, 0, 10, 0, 1, 2, 610, 1, 5.343327786278011, D-LinkHomeHub
0, 0, 0, 1, 0, 0, 1, 0, 775, 1, 0, 0, 0, 0, 0, 0, 0, 0, 10, 0, 2, 1, 52, 0, 0, D-LinkHomeHub
0, 0, 0, 1, 0, 0, 1, 0, 775, 1, 0, 0, 0, 0, 0, 0, 0, 0, 10, 0, 2, 1, 922, 1, 5.537767211966462, D-LinkHomeHub
0, 0, 0, 1, 0, 0, 1, 0, 5369, 1, 0, 0, 0, 0, 0, 0, 0, 0, 10, 0, 1, 2, 52, 0, 0, D-LinkHomeHub
0, 0, 0, 1, 0, 0, 1, 0, 5369, 1, 0, 0, 0, 0, 0, 0, 0, 0, 10, 0, 1, 2, 614, 1, 5.363798745858338, D-LinkHomeHub
0, 0, 0, 1, 0, 0, 1, 0, 798, 1, 0, 0, 0, 0, 0, 0, 0, 0, 10, 0, 2, 1, 52, 0, 0, D-LinkHomeHub
0, 0, 0, 1, 0, 0, 1, 0, 798, 1, 0, 0, 0, 0, 0, 0, 0, 0, 10, 0, 2, 1, 735, 1, 5.577232664237093, D-LinkHomeHub
0, 0, 0, 1, 0, 0, 1, 0, 6260, 1, 0, 0, 0, 0, 0, 0, 0, 0, 10, 0, 1, 2, 52, 0, 0, D-LinkHomeHub
0, 0, 0, 1, 0, 0, 0, 1, 0, 0, 0, 0, 0, 0, 1, 0, 0, 0, 10, 0, 3, 1, 63, 0, 0, D-LinkHomeHub
0, 0, 0, 1, 0, 0, 0, 1, 0, 0, 0, 0, 0, 0, 1, 0, 0, 0, 10, 0, 1, 3, 359, 0, 0, D-LinkHomeHub
0, 0, 0, 1, 0, 0, 1, 0, 5840, 0, 1, 0, 0, 0, 0, 0, 0, 0, 11, 0, 2, 1, 60, 0, 0, D-LinkHomeHub
0, 0, 0, 1, 0, 0, 1, 0, 17898, 0, 1, 0, 0, 0, 0, 0, 0, 0, 11, 0, 1, 2, 60, 0, 0, D-LinkHomeHub
0, 0, 0, 1, 0, 0, 1, 0, 2920, 0, 1, 0, 0, 0, 0, 0, 0, 0, 11, 0, 2, 1, 52, 0, 0, D-LinkHomeHub
0, 0, 0, 1, 0, 0, 1, 0, 2920, 0, 1, 0, 0, 0, 0, 0, 0, 0, 11, 0, 2, 1, 259, 1, 4.731331664571874, D-LinkHomeHub
0, 0, 0, 1, 0, 0, 1, 0, 75, 0, 1, 0, 0, 0, 0, 0, 0, 0, 11, 0, 1, 2, 52, 0, 0, D-LinkHomeHub
0, 0, 0, 1, 0, 0, 1, 0, 75, 0, 1, 0, 0, 0, 0, 0, 0, 0, 11, 0, 1, 2, 1420, 1, 7.143854073579564, D-LinkHomeHub
0, 0, 0, 1, 0, 0, 1, 0, 75, 0, 1, 0, 0, 0, 0, 0, 0, 0, 11, 0, 1, 2, 1420, 1, 7.246205454900595, D-LinkHomeHub
0, 0, 0, 1, 0, 0, 1, 0, 75, 0, 1, 0, 0, 0, 0, 0, 0, 0, 11, 0, 1, 2, 1133, 1, 7.660624450330209, D-LinkHomeHub
0, 0, 0, 1, 0, 0, 1, 0, 4288, 0, 1, 0, 0, 0, 0, 0, 0, 0, 11, 0, 2, 1, 52, 0, 0, D-LinkHomeHub
0, 0, 0, 1, 0, 0, 1, 0, 7024, 0, 1, 0, 0, 0, 0, 0, 0, 0, 11, 0, 2, 1, 52, 0, 0, D-LinkHomeHub
0, 0, 0, 1, 0, 0, 1, 0, 5656, 0, 1, 0, 0, 0, 0, 0, 0, 0, 11, 0, 2, 1, 52, 0, 0, D-LinkHomeHub
0, 0, 0, 1, 0, 0, 1, 0, 7024, 0, 1, 0, 0, 0, 0, 0, 0, 0, 11, 0, 2, 1, 186, 1, 6.416882336280978, D-LinkHomeHub
0, 0, 0, 1, 0, 0, 1, 0, 79, 0, 1, 0, 0, 0, 0, 0, 0, 0, 11, 0, 1, 2, 286, 1, 7.018555691666929, D-LinkHomeHub
0, 0, 0, 1, 0, 0, 1, 0, 7024, 0, 1, 0, 0, 0, 0, 0, 0, 0, 11, 0, 2, 1, 52, 0, 0, D-LinkHomeHub
0, 0, 0, 1, 0, 0, 1, 0, 7024, 0, 1, 0, 0, 0, 0, 0, 0, 0, 11, 0, 2, 1, 558, 1, 7.572438407930601, D-LinkHomeHub
0, 0, 0, 1, 0, 0, 1, 0, 83, 0, 1, 0, 0, 0, 0, 0, 0, 0, 11, 0, 1, 2, 52, 0, 0, D-LinkHomeHub
0, 0, 0, 1, 0, 0, 1, 0, 83, 0, 1, 0, 0, 0, 0, 0, 0, 0, 11, 0, 1, 2, 601, 1, 7.596616298665489, D-LinkHomeHub
0, 0, 0, 1, 0, 0, 1, 0, 83, 0, 1, 0, 0, 0, 0, 0, 0, 0, 11, 0, 1, 2, 89, 1, 5.047291203466791, D-LinkHomeHub
0, 0, 0, 1, 0, 0, 1, 0, 8392, 0, 1, 0, 0, 0, 0, 0, 0, 0, 11, 0, 2, 1, 52, 0, 0, D-LinkHomeHub
0, 0, 0, 1, 0, 0, 1, 0, 8392, 0, 1, 0, 0, 0, 0, 0, 0, 0, 11, 0, 2, 1, 52, 0, 0, D-LinkHomeHub
0, 0, 0, 1, 0, 0, 1, 0, 8392, 0, 1, 0, 0, 0, 0, 0, 0, 0, 11, 0, 2, 1, 52, 0, 0, D-LinkHomeHub
0, 0, 0, 1, 0, 0, 0, 1, 0, 0, 0, 0, 0, 0, 0, 1, 0, 0, 11, 0, 2, 2, 319, 0, 0, D-LinkHomeHub
0, 0, 0, 1, 0, 0, 0, 1, 0, 0, 0, 0, 0, 0, 0, 1, 0, 0, 11, 0, 2, 2, 319, 0, 0, D-LinkHomeHub
0, 0, 0, 1, 0, 0, 1, 0, 5840, 0, 1, 0, 0, 0, 0, 0, 0, 0, 11, 0, 2, 1, 60, 0, 0, D-LinkHomeHub
0, 0, 0, 1, 0, 0, 1, 0, 17898, 0, 1, 0, 0, 0, 0, 0, 0, 0, 11, 0, 1, 2, 60, 0, 0, D-LinkHomeHub
0, 0, 0, 1, 0, 0, 1, 0, 2920, 0, 1, 0, 0, 0, 0, 0, 0, 0, 11, 0, 2, 1, 52, 0, 0, D-LinkHomeHub
0, 0, 0, 1, 0, 0, 1, 0, 2920, 0, 1, 0, 0, 0, 0, 0, 0, 0, 11, 0, 2, 1, 259, 1, 4.763585178182221, D-LinkHomeHub
0, 0, 0, 1, 0, 0, 1, 0, 75, 0, 1, 0, 0, 0, 0, 0, 0, 0, 11, 0, 1, 2, 52, 0, 0, D-LinkHomeHub
0, 0, 0, 1, 0, 0, 1, 0, 75, 0, 1, 0, 0, 0, 0, 0, 0, 0, 11, 0, 1, 2, 1420, 1, 7.163071000165071, D-LinkHomeHub
0, 0, 0, 1, 0, 0, 1, 0, 75, 0, 1, 0, 0, 0, 0, 0, 0, 0, 11, 0, 1, 2, 1420, 1, 7.246205454900595, D-LinkHomeHub
0, 0, 0, 1, 0, 0, 1, 0, 75, 0, 1, 0, 0, 0, 0, 0, 0, 0, 11, 0, 1, 2, 1133, 1, 7.65873287117613, D-LinkHomeHub
0, 0, 0, 1, 0, 0, 1, 0, 4288, 0, 1, 0, 0, 0, 0, 0, 0, 0, 11, 0, 2, 1, 52, 0, 0, D-LinkHomeHub
0, 0, 0, 1, 0, 0, 1, 0, 7024, 0, 1, 0, 0, 0, 0, 0, 0, 0, 11, 0, 2, 1, 52, 0, 0, D-LinkHomeHub
0, 0, 0, 1, 0, 0, 1, 0, 5656, 0, 1, 0, 0, 0, 0, 0, 0, 0, 11, 0, 2, 1, 52, 0, 0, D-LinkHomeHub
0, 0, 0, 1, 0, 0, 0, 1, 0, 0, 0, 0, 0, 0, 0, 1, 0, 0, 11, 0, 2, 2, 319, 0, 0, D-LinkHomeHub
0, 0, 0, 1, 0, 0, 1, 0, 7024, 0, 1, 0, 0, 0, 0, 0, 0, 0, 11, 0, 2, 1, 186, 1, 6.281324149442316, D-LinkHomeHub
0, 0, 0, 1, 0, 0, 1, 0, 79, 0, 1, 0, 0, 0, 0, 0, 0, 0, 11, 0, 1, 2, 286, 1, 6.999736768616039, D-LinkHomeHub
0, 0, 0, 1, 0, 0, 1, 0, 7024, 0, 1, 0, 0, 0, 0, 0, 0, 0, 11, 0, 2, 1, 52, 0, 0, D-LinkHomeHub
0, 0, 0, 1, 0, 0, 1, 0, 7024, 0, 1, 0, 0, 0, 0, 0, 0, 0, 11, 0, 2, 1, 574, 1, 7.591776101347658, D-LinkHomeHub
0, 0, 0, 1, 0, 0, 1, 0, 83, 0, 1, 0, 0, 0, 0, 0, 0, 0, 11, 0, 1, 2, 52, 0, 0, D-LinkHomeHub
0, 0, 0, 1, 0, 0, 1, 0, 7024, 0, 1, 0, 0, 0, 0, 0, 0, 0, 11, 0, 2, 1, 766, 1, 7.731178276993967, D-LinkHomeHub
0, 0, 0, 1, 0, 0, 1, 0, 89, 0, 1, 0, 0, 0, 0, 0, 0, 0, 11, 0, 1, 2, 52, 0, 0, D-LinkHomeHub
0, 0, 0, 1, 0, 0, 1, 0, 5840, 0, 1, 0, 0, 0, 0, 0, 0, 0, 11, 0, 2, 1, 60, 0, 0, D-LinkHomeHub
0, 0, 0, 1, 0, 0, 1, 0, 17898, 0, 1, 0, 0, 0, 0, 0, 0, 0, 11, 0, 1, 2, 60, 0, 0, D-LinkHomeHub
0, 0, 0, 1, 0, 0, 1, 0, 2920, 0, 1, 0, 0, 0, 0, 0, 0, 0, 11, 0, 2, 1, 52, 0, 0, D-LinkHomeHub
0, 0, 0, 1, 0, 0, 0, 1, 0, 0, 0, 0, 0, 0, 0, 1, 0, 0, 11, 0, 2, 2, 164, 0, 0, D-LinkHomeHub
0, 0, 0, 1, 0, 0, 0, 1, 0, 0, 0, 0, 0, 0, 0, 1, 0, 0, 11, 0, 2, 2, 253, 0, 0, D-LinkHomeHub
0, 0, 0, 1, 0, 0, 1, 0, 2920, 0, 1, 0, 0, 0, 0, 0, 0, 0, 11, 0, 2, 1, 259, 1, 4.690440874974241, D-LinkHomeHub
0, 0, 0, 1, 0, 0, 1, 0, 75, 0, 1, 0, 0, 0, 0, 0, 0, 0, 11, 0, 1, 2, 52, 0, 0, D-LinkHomeHub
0, 0, 0, 1, 0, 0, 1, 0, 75, 0, 1, 0, 0, 0, 0, 0, 0, 0, 11, 0, 1, 2, 1420, 1, 7.1407103805388035, D-LinkHomeHub
0, 0, 0, 1, 0, 0, 1, 0, 75, 0, 1, 0, 0, 0, 0, 0, 0, 0, 11, 0, 1, 2, 1420, 1, 7.246205454900595, D-LinkHomeHub
0, 0, 0, 1, 0, 0, 1, 0, 75, 0, 1, 0, 0, 0, 0, 0, 0, 0, 11, 0, 1, 2, 1133, 1, 7.657907474811075, D-LinkHomeHub
0, 0, 0, 1, 0, 0, 1, 0, 4288, 0, 1, 0, 0, 0, 0, 0, 0, 0, 11, 0, 2, 1, 52, 0, 0, D-LinkHomeHub
0, 0, 0, 1, 0, 0, 1, 0, 5656, 0, 1, 0, 0, 0, 0, 0, 0, 0, 11, 0, 2, 1, 52, 0, 0, D-LinkHomeHub
0, 0, 0, 1, 0, 0, 1, 0, 7024, 0, 1, 0, 0, 0, 0, 0, 0, 0, 11, 0, 2, 1, 52, 0, 0, D-LinkHomeHub
0, 0, 0, 1, 0, 0, 0, 1, 0, 0, 0, 0, 0, 0, 1, 0, 0, 0, 11, 0, 2, 1, 60, 0, 0, D-LinkHomeHub
0, 0, 0, 1, 0, 0, 0, 1, 0, 0, 0, 0, 0, 0, 1, 0, 0, 0, 11, 0, 1, 2, 92, 0, 0, D-LinkHomeHub
0, 0, 0, 1, 0, 0, 0, 1, 0, 0, 0, 0, 0, 0, 0, 0, 1, 0, 11, 0, 3, 1, 76, 0, 0, D-LinkHomeHub
0, 0, 0, 1, 0, 0, 1, 0, 89, 0, 1, 0, 0, 0, 0, 0, 0, 0, 11, 0, 1, 2, 649, 1, 7.664192578086779, D-LinkHomeHub
0, 0, 0, 1, 0, 0, 1, 0, 8392, 0, 1, 0, 0, 0, 0, 0, 0, 0, 11, 0, 2, 1, 52, 0, 0, D-LinkHomeHub
0, 0, 0, 1, 0, 0, 1, 0, 7024, 0, 1, 0, 0, 0, 0, 0, 0, 0, 11, 0, 2, 1, 186, 1, 6.4616584556839625, D-LinkHomeHub
0, 0, 0, 1, 0, 0, 1, 0, 79, 0, 1, 0, 0, 0, 0, 0, 0, 0, 11, 0, 1, 2, 286, 1, 6.921849749431498, D-LinkHomeHub
0, 0, 0, 1, 0, 0, 1, 0, 7024, 0, 1, 0, 0, 0, 0, 0, 0, 0, 11, 0, 2, 1, 52, 0, 0, D-LinkHomeHub
0, 0, 0, 1, 0, 0, 0, 1, 0, 0, 0, 0, 0, 0, 0, 0, 1, 0, 11, 0, 1, 3, 76, 0, 0, D-LinkHomeHub
0, 0, 0, 1, 0, 0, 1, 0, 7024, 0, 1, 0, 0, 0, 0, 0, 0, 0, 11, 0, 2, 1, 446, 1, 7.416317414853099, D-LinkHomeHub
0, 0, 0, 1, 0, 0, 1, 0, 8392, 0, 1, 0, 0, 0, 0, 0, 0, 0, 11, 0, 2, 1, 52, 0, 0, D-LinkHomeHub
0, 0, 0, 1, 0, 0, 1, 0, 89, 0, 1, 0, 0, 0, 0, 0, 0, 0, 11, 0, 1, 2, 89, 1, 5.047291203466791, D-LinkHomeHub
0, 0, 0, 1, 0, 0, 1, 0, 89, 0, 1, 0, 0, 0, 0, 0, 0, 0, 11, 0, 1, 2, 52, 0, 0, D-LinkHomeHub
0, 0, 0, 1, 0, 0, 1, 0, 0, 0, 1, 0, 0, 0, 0, 0, 0, 0, 11, 0, 2, 1, 40, 0, 0, D-LinkHomeHub
0, 0, 0, 1, 0, 0, 1, 0, 0, 0, 1, 0, 0, 0, 0, 0, 0, 0, 11, 0, 2, 1, 40, 0, 0, D-LinkHomeHub
0, 0, 0, 1, 0, 0, 1, 0, 6260, 1, 0, 0, 0, 0, 0, 0, 0, 0, 11, 0, 1, 2, 864, 1, 5.727935981186887, D-LinkHomeHub
0, 0, 0, 1, 0, 0, 1, 0, 83, 0, 1, 0, 0, 0, 0, 0, 0, 0, 11, 0, 1, 2, 52, 0, 0, D-LinkHomeHub
0, 0, 0, 1, 0, 0, 0, 1, 0, 0, 0, 0, 0, 0, 0, 1, 0, 0, 11, 0, 2, 2, 285, 0, 0, D-LinkHomeHub
0, 0, 0, 1, 0, 0, 1, 0, 821, 1, 0, 0, 0, 0, 0, 0, 0, 0, 11, 0, 2, 1, 52, 0, 0, D-LinkHomeHub
0, 0, 0, 1, 0, 0, 0, 1, 0, 0, 0, 0, 0, 0, 0, 1, 0, 0, 11, 0, 2, 2, 285, 0, 0, D-LinkHomeHub
0, 0, 0, 1, 0, 0, 0, 1, 0, 0, 0, 0, 0, 0, 0, 1, 0, 0, 11, 0, 2, 2, 285, 0, 0, D-LinkHomeHub
0, 0, 0, 1, 0, 0, 0, 1, 0, 0, 0, 0, 0, 0, 1, 0, 0, 0, 11, 0, 3, 1, 66, 0, 0, D-LinkHomeHub
0, 0, 0, 1, 0, 0, 0, 1, 0, 0, 0, 0, 0, 0, 1, 0, 0, 0, 11, 0, 1, 3, 354, 0, 0, D-LinkHomeHub
0, 0, 0, 1, 0, 0, 1, 0, 5840, 1, 0, 0, 0, 0, 0, 0, 0, 0, 12, 0, 3, 1, 60, 0, 0, D-LinkHomeHub
0, 0, 0, 1, 0, 0, 1, 0, 821, 1, 0, 0, 0, 0, 0, 0, 0, 0, 12, 0, 2, 1, 893, 1, 5.535551702981251, D-LinkHomeHub
0, 0, 0, 1, 0, 0, 1, 0, 7151, 1, 0, 0, 0, 0, 0, 0, 0, 0, 12, 0, 1, 2, 52, 0, 0, D-LinkHomeHub
0, 0, 0, 1, 0, 0, 1, 0, 83, 0, 1, 0, 0, 0, 0, 0, 0, 0, 12, 0, 1, 2, 457, 1, 7.374804881845868, D-LinkHomeHub
0, 0, 0, 1, 0, 0, 1, 0, 83, 0, 1, 0, 0, 0, 0, 0, 0, 0, 12, 0, 1, 2, 89, 1, 4.918780730435345, D-LinkHomeHub
0, 0, 0, 1, 0, 0, 1, 0, 8392, 0, 1, 0, 0, 0, 0, 0, 0, 0, 12, 0, 2, 1, 52, 0, 0, D-LinkHomeHub
0, 0, 0, 1, 0, 0, 1, 0, 8392, 0, 1, 0, 0, 0, 0, 0, 0, 0, 12, 0, 2, 1, 52, 0, 0, D-LinkHomeHub
0, 0, 0, 1, 0, 0, 0, 1, 0, 0, 0, 0, 0, 0, 1, 0, 0, 0, 12, 0, 3, 1, 65, 0, 0, D-LinkHomeHub
0, 0, 0, 1, 0, 0, 0, 1, 0, 0, 0, 0, 0, 0, 1, 0, 0, 0, 12, 0, 1, 3, 81, 0, 0, D-LinkHomeHub
0, 0, 0, 1, 0, 0, 1, 0, 5840, 0, 1, 0, 0, 0, 0, 0, 0, 0, 13, 0, 2, 1, 60, 0, 0, D-LinkHomeHub
0, 0, 0, 1, 0, 0, 1, 0, 2048, 0, 1, 0, 0, 0, 0, 0, 0, 0, 13, 0, 1, 2, 52, 0, 0, D-LinkHomeHub
0, 0, 0, 1, 0, 0, 1, 0, 2920, 0, 1, 0, 0, 0, 0, 0, 0, 0, 13, 0, 2, 1, 40, 0, 0, D-LinkHomeHub
0, 0, 0, 1, 0, 0, 1, 0, 2920, 0, 1, 0, 0, 0, 0, 0, 0, 0, 13, 0, 2, 1, 247, 1, 4.75993837865486, D-LinkHomeHub
0, 0, 0, 1, 0, 0, 1, 0, 390, 0, 1, 0, 0, 0, 0, 0, 0, 0, 13, 0, 1, 2, 40, 0, 0, D-LinkHomeHub
0, 0, 0, 1, 0, 0, 1, 0, 390, 0, 1, 0, 0, 0, 0, 0, 0, 0, 13, 0, 1, 2, 98, 1, 4.926019826075672, D-LinkHomeHub
0, 0, 0, 1, 0, 0, 1, 0, 390, 0, 1, 0, 0, 0, 0, 0, 0, 0, 13, 0, 1, 2, 1420, 1, 7.214506932345419, D-LinkHomeHub
0, 0, 0, 1, 0, 0, 1, 0, 2920, 0, 1, 0, 0, 0, 0, 0, 0, 0, 13, 0, 2, 1, 40, 0, 0, D-LinkHomeHub
0, 0, 0, 1, 0, 0, 1, 0, 390, 0, 1, 0, 0, 0, 0, 0, 0, 0, 13, 0, 1, 2, 1420, 1, 7.1070261665549275, D-LinkHomeHub
0, 0, 0, 1, 0, 0, 1, 0, 390, 0, 1, 0, 0, 0, 0, 0, 0, 0, 13, 0, 1, 2, 686, 1, 7.530092497800246, D-LinkHomeHub
0, 0, 0, 1, 0, 0, 1, 0, 4300, 0, 1, 0, 0, 0, 0, 0, 0, 0, 13, 0, 2, 1, 40, 0, 0, D-LinkHomeHub
0, 0, 0, 1, 0, 0, 1, 0, 7060, 0, 1, 0, 0, 0, 0, 0, 0, 0, 13, 0, 2, 1, 40, 0, 0, D-LinkHomeHub
0, 0, 0, 1, 0, 0, 1, 0, 5680, 0, 1, 0, 0, 0, 0, 0, 0, 0, 13, 0, 2, 1, 40, 0, 0, D-LinkHomeHub
0, 0, 0, 1, 0, 0, 1, 0, 390, 0, 1, 0, 0, 0, 0, 0, 0, 0, 13, 0, 1, 2, 376, 1, 7.299234638409759, D-LinkHomeHub
0, 0, 0, 1, 0, 0, 1, 0, 390, 0, 1, 0, 0, 0, 0, 0, 0, 0, 13, 0, 1, 2, 49, 1, 2.2810361125534233, D-LinkHomeHub
0, 0, 0, 1, 0, 0, 1, 0, 7060, 0, 1, 0, 0, 0, 0, 0, 0, 0, 13, 0, 2, 1, 40, 0, 0, D-LinkHomeHub
0, 0, 0, 1, 0, 0, 1, 0, 7060, 0, 1, 0, 0, 0, 0, 0, 0, 0, 13, 0, 2, 1, 40, 0, 0, D-LinkHomeHub
0, 0, 0, 1, 0, 0, 0, 1, 0, 0, 0, 0, 0, 0, 0, 1, 0, 0, 13, 0, 2, 2, 374, 0, 0, D-LinkHomeHub
0, 0, 0, 1, 0, 0, 0, 1, 0, 0, 0, 0, 0, 0, 0, 1, 0, 0, 13, 0, 2, 2, 83, 0, 0, D-LinkHomeHub
0, 0, 0, 1, 0, 0, 1, 0, 17898, 1, 0, 0, 0, 0, 0, 0, 0, 0, 13, 0, 1, 3, 60, 0, 0, D-LinkHomeHub
0, 0, 0, 1, 0, 0, 1, 0, 2920, 1, 0, 0, 0, 0, 0, 0, 0, 0, 13, 0, 3, 1, 52, 0, 0, D-LinkHomeHub
0, 0, 0, 1, 0, 0, 1, 0, 2920, 1, 0, 0, 0, 0, 0, 0, 0, 0, 13, 0, 3, 1, 251, 1, 5.399075928367371, D-LinkHomeHub
0, 0, 0, 1, 0, 0, 1, 0, 75, 1, 0, 0, 0, 0, 0, 0, 0, 0, 13, 0, 1, 3, 52, 0, 0, D-LinkHomeHub
0, 0, 0, 1, 0, 0, 1, 0, 75, 1, 0, 0, 0, 0, 0, 0, 0, 0, 13, 0, 1, 3, 257, 1, 5.2694936948309925, D-LinkHomeHub
0, 0, 0, 1, 0, 0, 1, 0, 3456, 1, 0, 0, 0, 0, 0, 0, 0, 0, 13, 0, 3, 1, 52, 0, 0, D-LinkHomeHub
0, 0, 0, 1, 0, 0, 1, 0, 3456, 1, 0, 0, 0, 0, 0, 0, 0, 0, 13, 0, 3, 1, 52, 0, 0, D-LinkHomeHub
0, 0, 0, 1, 0, 0, 1, 0, 7060, 0, 1, 0, 0, 0, 0, 0, 0, 0, 13, 0, 2, 1, 174, 1, 6.399043832358864, D-LinkHomeHub
0, 0, 0, 1, 0, 0, 1, 0, 390, 0, 1, 0, 0, 0, 0, 0, 0, 0, 13, 0, 1, 2, 159, 1, 6.306253897616282, D-LinkHomeHub
0, 0, 0, 1, 0, 0, 1, 0, 390, 0, 1, 0, 0, 0, 0, 0, 0, 0, 13, 0, 1, 2, 46, 1, 1.7924812503605778, D-LinkHomeHub
0, 0, 0, 1, 0, 0, 1, 0, 390, 0, 1, 0, 0, 0, 0, 0, 0, 0, 13, 0, 1, 2, 93, 1, 5.487262199805395, D-LinkHomeHub
0, 0, 0, 1, 0, 0, 1, 0, 7060, 0, 1, 0, 0, 0, 0, 0, 0, 0, 13, 0, 2, 1, 40, 0, 0, D-LinkHomeHub
0, 0, 0, 1, 0, 0, 1, 0, 7060, 0, 1, 0, 0, 0, 0, 0, 0, 0, 13, 0, 2, 1, 40, 0, 0, D-LinkHomeHub
0, 0, 0, 1, 0, 0, 1, 0, 7060, 0, 1, 0, 0, 0, 0, 0, 0, 0, 13, 0, 2, 1, 40, 0, 0, D-LinkHomeHub
0, 0, 0, 1, 0, 0, 0, 1, 0, 0, 0, 0, 0, 0, 0, 1, 0, 0, 13, 0, 2, 2, 235, 0, 0, D-LinkHomeHub
0, 0, 0, 1, 0, 0, 0, 1, 0, 0, 0, 0, 0, 0, 0, 1, 0, 0, 13, 0, 2, 2, 70, 0, 0, D-LinkHomeHub
0, 0, 0, 1, 0, 0, 1, 0, 8392, 0, 1, 0, 0, 0, 0, 0, 0, 0, 13, 0, 2, 1, 52, 0, 0, D-LinkHomeHub
0, 0, 0, 1, 0, 0, 1, 0, 7060, 0, 1, 0, 0, 0, 0, 0, 0, 0, 13, 0, 2, 1, 242, 1, 6.9821301707206445, D-LinkHomeHub
0, 0, 0, 1, 0, 0, 1, 0, 390, 0, 1, 0, 0, 0, 0, 0, 0, 0, 13, 0, 1, 2, 40, 0, 0, D-LinkHomeHub
0, 0, 0, 1, 0, 0, 1, 0, 75, 1, 0, 0, 0, 0, 0, 0, 0, 0, 13, 0, 1, 3, 52, 0, 0, D-LinkHomeHub
0, 0, 0, 1, 0, 0, 1, 0, 3456, 1, 0, 0, 0, 0, 0, 0, 0, 0, 13, 0, 3, 1, 52, 0, 0, D-LinkHomeHub
0, 0, 0, 1, 0, 0, 1, 0, 7151, 1, 0, 0, 0, 0, 0, 0, 0, 0, 13, 0, 1, 2, 578, 1, 5.415525934215317, D-LinkHomeHub
0, 0, 0, 1, 0, 0, 1, 0, 843, 1, 0, 0, 0, 0, 0, 0, 0, 0, 13, 0, 2, 1, 52, 0, 0, D-LinkHomeHub
0, 0, 0, 1, 0, 0, 0, 1, 0, 0, 0, 0, 0, 0, 0, 1, 0, 0, 13, 0, 2, 2, 374, 0, 0, D-LinkHomeHub
0, 0, 0, 1, 0, 0, 0, 1, 0, 0, 0, 0, 0, 0, 0, 1, 0, 0, 13, 0, 2, 2, 83, 0, 0, D-LinkHomeHub
0, 0, 0, 1, 0, 0, 0, 1, 0, 0, 0, 0, 0, 0, 0, 1, 0, 0, 13, 0, 2, 2, 295, 0, 0, D-LinkHomeHub
0, 0, 0, 1, 0, 0, 1, 0, 390, 0, 1, 0, 0, 0, 0, 0, 0, 0, 13, 0, 1, 2, 77, 1, 5.101345257520845, D-LinkHomeHub
0, 0, 0, 1, 0, 0, 1, 0, 390, 0, 1, 0, 0, 0, 0, 0, 0, 0, 13, 0, 1, 2, 1101, 1, 7.80565179945667, D-LinkHomeHub
0, 0, 0, 1, 0, 0, 1, 0, 7060, 0, 1, 0, 0, 0, 0, 0, 0, 0, 13, 0, 2, 1, 40, 0, 0, D-LinkHomeHub
0, 0, 0, 1, 0, 0, 1, 0, 8440, 0, 1, 0, 0, 0, 0, 0, 0, 0, 13, 0, 2, 1, 40, 0, 0, D-LinkHomeHub
0, 0, 0, 1, 0, 0, 1, 0, 5840, 0, 1, 0, 0, 0, 0, 0, 0, 0, 13, 0, 2, 1, 60, 0, 0, D-LinkHomeHub
0, 0, 0, 1, 0, 0, 1, 0, 2048, 0, 1, 0, 0, 0, 0, 0, 0, 0, 13, 0, 1, 2, 52, 0, 0, D-LinkHomeHub
0, 0, 0, 1, 0, 0, 1, 0, 2920, 0, 1, 0, 0, 0, 0, 0, 0, 0, 13, 0, 2, 1, 40, 0, 0, D-LinkHomeHub
0, 0, 0, 1, 0, 0, 1, 0, 2920, 0, 1, 0, 0, 0, 0, 0, 0, 0, 13, 0, 2, 1, 247, 1, 4.761216941488146, D-LinkHomeHub
0, 0, 0, 1, 0, 0, 1, 0, 390, 0, 1, 0, 0, 0, 0, 0, 0, 0, 13, 0, 1, 2, 40, 0, 0, D-LinkHomeHub
0, 0, 0, 1, 0, 0, 1, 0, 390, 0, 1, 0, 0, 0, 0, 0, 0, 0, 13, 0, 1, 2, 98, 1, 4.878521765693543, D-LinkHomeHub
0, 0, 0, 1, 0, 0, 1, 0, 2920, 0, 1, 0, 0, 0, 0, 0, 0, 0, 13, 0, 2, 1, 40, 0, 0, D-LinkHomeHub
0, 0, 0, 1, 0, 0, 1, 0, 390, 0, 1, 0, 0, 0, 0, 0, 0, 0, 13, 0, 1, 2, 1420, 1, 7.214506932345419, D-LinkHomeHub
0, 0, 0, 1, 0, 0, 1, 0, 390, 0, 1, 0, 0, 0, 0, 0, 0, 0, 13, 0, 1, 2, 1420, 1, 7.1070261665549275, D-LinkHomeHub
0, 0, 0, 1, 0, 0, 1, 0, 390, 0, 1, 0, 0, 0, 0, 0, 0, 0, 13, 0, 1, 2, 686, 1, 7.530092497800246, D-LinkHomeHub
0, 0, 0, 1, 0, 0, 1, 0, 4300, 0, 1, 0, 0, 0, 0, 0, 0, 0, 13, 0, 2, 1, 40, 0, 0, D-LinkHomeHub
0, 0, 0, 1, 0, 0, 1, 0, 5680, 0, 1, 0, 0, 0, 0, 0, 0, 0, 13, 0, 2, 1, 40, 0, 0, D-LinkHomeHub
0, 0, 0, 1, 0, 0, 1, 0, 7060, 0, 1, 0, 0, 0, 0, 0, 0, 0, 13, 0, 2, 1, 40, 0, 0, D-LinkHomeHub
0, 0, 0, 1, 0, 0, 1, 0, 390, 0, 1, 0, 0, 0, 0, 0, 0, 0, 13, 0, 1, 2, 376, 1, 7.297258077734373, D-LinkHomeHub
0, 0, 0, 1, 0, 0, 1, 0, 390, 0, 1, 0, 0, 0, 0, 0, 0, 0, 13, 0, 1, 2, 49, 1, 2.2810361125534233, D-LinkHomeHub
0, 0, 0, 1, 0, 0, 1, 0, 7060, 0, 1, 0, 0, 0, 0, 0, 0, 0, 13, 0, 2, 1, 40, 0, 0, D-LinkHomeHub
0, 0, 0, 1, 0, 0, 1, 0, 7060, 0, 1, 0, 0, 0, 0, 0, 0, 0, 13, 0, 2, 1, 40, 0, 0, D-LinkHomeHub
0, 0, 0, 1, 0, 0, 1, 0, 7060, 0, 1, 0, 0, 0, 0, 0, 0, 0, 13, 0, 2, 1, 174, 1, 6.472925433328195, D-LinkHomeHub
0, 0, 0, 1, 0, 0, 1, 0, 390, 0, 1, 0, 0, 0, 0, 0, 0, 0, 13, 0, 1, 2, 159, 1, 6.373480788372584, D-LinkHomeHub
0, 0, 0, 1, 0, 0, 1, 0, 390, 0, 1, 0, 0, 0, 0, 0, 0, 0, 13, 0, 1, 2, 46, 1, 1.7924812503605778, D-LinkHomeHub
0, 0, 0, 1, 0, 0, 1, 0, 390, 0, 1, 0, 0, 0, 0, 0, 0, 0, 13, 0, 1, 2, 93, 1, 5.411790501692188, D-LinkHomeHub
0, 0, 0, 1, 0, 0, 1, 0, 7060, 0, 1, 0, 0, 0, 0, 0, 0, 0, 13, 0, 2, 1, 40, 0, 0, D-LinkHomeHub
0, 0, 0, 1, 0, 0, 1, 0, 390, 0, 1, 0, 0, 0, 0, 0, 0, 0, 13, 0, 1, 2, 93, 1, 5.411790501692188, D-LinkHomeHub
0, 0, 0, 1, 0, 0, 1, 0, 7060, 0, 1, 0, 0, 0, 0, 0, 0, 0, 13, 0, 2, 1, 52, 0, 0, D-LinkHomeHub
0, 0, 0, 1, 0, 0, 1, 0, 7060, 0, 1, 0, 0, 0, 0, 0, 0, 0, 13, 0, 2, 1, 242, 1, 6.828568041964934, D-LinkHomeHub
0, 0, 0, 1, 0, 0, 1, 0, 390, 0, 1, 0, 0, 0, 0, 0, 0, 0, 13, 0, 1, 2, 40, 0, 0, D-LinkHomeHub
0, 0, 0, 1, 0, 0, 1, 0, 8440, 0, 1, 0, 0, 0, 0, 0, 0, 0, 13, 0, 2, 1, 1106, 1, 7.809151888413646, D-LinkHomeHub
0, 0, 0, 1, 0, 0, 1, 0, 657, 0, 1, 0, 0, 0, 0, 0, 0, 0, 13, 0, 1, 2, 40, 0, 0, D-LinkHomeHub
0, 0, 0, 1, 0, 0, 0, 1, 0, 0, 0, 0, 0, 0, 1, 0, 0, 0, 13, 0, 2, 1, 63, 0, 0, D-LinkHomeHub
0, 0, 0, 1, 0, 0, 0, 1, 0, 0, 0, 0, 0, 0, 1, 0, 0, 0, 13, 0, 1, 2, 359, 0, 0, D-LinkHomeHub
0, 0, 0, 1, 0, 0, 1, 0, 5840, 1, 0, 0, 0, 0, 0, 0, 0, 0, 14, 0, 3, 1, 60, 0, 0, D-LinkHomeHub
0, 0, 0, 1, 0, 0, 1, 0, 17898, 1, 0, 0, 0, 0, 0, 0, 0, 0, 14, 0, 1, 3, 60, 0, 0, D-LinkHomeHub
0, 0, 0, 1, 0, 0, 1, 0, 2920, 1, 0, 0, 0, 0, 0, 0, 0, 0, 14, 0, 3, 1, 52, 0, 0, D-LinkHomeHub
1, 0, 0, 0, 0, 0, 0, 0, 0, 0, 0, 0, 0, 0, 0, 0, 0, 0, 14, 0, 0, 0, 0, 0, 0, D-LinkHomeHub
1, 0, 0, 0, 0, 0, 0, 0, 0, 0, 0, 0, 0, 0, 0, 0, 0, 0, 14, 0, 0, 0, 0, 0, 0, D-LinkHomeHub
0, 0, 0, 1, 0, 0, 1, 0, 2920, 1, 0, 0, 0, 0, 0, 0, 0, 0, 14, 0, 3, 1, 348, 1, 5.887411447299165, D-LinkHomeHub
0, 0, 0, 1, 0, 0, 1, 0, 75, 1, 0, 0, 0, 0, 0, 0, 0, 0, 14, 0, 1, 3, 52, 0, 0, D-LinkHomeHub
0, 0, 0, 1, 0, 0, 1, 0, 75, 1, 0, 0, 0, 0, 0, 0, 0, 0, 14, 0, 1, 3, 545, 1, 5.98270634457788, D-LinkHomeHub
0, 0, 0, 1, 0, 0, 1, 0, 3456, 1, 0, 0, 0, 0, 0, 0, 0, 0, 14, 0, 3, 1, 52, 0, 0, D-LinkHomeHub
0, 0, 0, 1, 0, 0, 1, 0, 3456, 1, 0, 0, 0, 0, 0, 0, 0, 0, 14, 0, 3, 1, 52, 0, 0, D-LinkHomeHub
0, 0, 0, 1, 0, 0, 1, 0, 75, 1, 0, 0, 0, 0, 0, 0, 0, 0, 14, 0, 1, 3, 52, 0, 0, D-LinkHomeHub
0, 0, 0, 1, 0, 0, 1, 0, 3456, 1, 0, 0, 0, 0, 0, 0, 0, 0, 14, 0, 3, 1, 52, 0, 0, D-LinkHomeHub
0, 0, 0, 1, 0, 0, 0, 1, 0, 0, 0, 0, 0, 0, 0, 1, 0, 0, 14, 0, 2, 2, 319, 0, 0, D-LinkHomeHub
0, 0, 0, 1, 0, 0, 0, 1, 0, 0, 0, 0, 0, 0, 0, 1, 0, 0, 14, 0, 2, 2, 319, 0, 0, D-LinkHomeHub
0, 0, 0, 1, 0, 0, 0, 1, 0, 0, 0, 0, 0, 0, 0, 1, 0, 0, 14, 0, 2, 2, 319, 0, 0, D-LinkHomeHub
0, 0, 0, 1, 0, 0, 0, 1, 0, 0, 0, 0, 0, 0, 0, 1, 0, 0, 14, 0, 2, 2, 295, 0, 0, D-LinkHomeHub
0, 0, 0, 1, 0, 0, 0, 1, 0, 0, 0, 0, 0, 0, 0, 1, 0, 0, 14, 0, 2, 2, 287, 0, 0, D-LinkHomeHub
0, 0, 0, 1, 0, 0, 0, 1, 0, 0, 0, 0, 0, 0, 1, 0, 0, 0, 14, 0, 2, 1, 72, 0, 0, D-LinkHomeHub
0, 0, 0, 1, 0, 0, 0, 1, 0, 0, 0, 0, 0, 0, 1, 0, 0, 0, 14, 0, 1, 2, 289, 0, 0, D-LinkHomeHub
0, 0, 0, 1, 0, 0, 1, 0, 5840, 1, 0, 0, 0, 0, 0, 0, 0, 0, 15, 0, 2, 1, 60, 0, 0, D-LinkHomeHub
0, 0, 0, 1, 0, 0, 1, 0, 5840, 1, 0, 0, 0, 0, 0, 0, 0, 0, 15, 0, 1, 2, 52, 0, 0, D-LinkHomeHub
0, 0, 0, 1, 0, 0, 1, 0, 2920, 1, 0, 0, 0, 0, 0, 0, 0, 0, 15, 0, 2, 1, 40, 0, 0, D-LinkHomeHub
0, 0, 0, 1, 0, 0, 1, 0, 2920, 1, 0, 0, 0, 0, 0, 0, 0, 0, 15, 0, 2, 1, 244, 1, 5.222654202834848, D-LinkHomeHub
0, 0, 0, 1, 0, 0, 1, 0, 62, 1, 0, 0, 0, 0, 0, 0, 0, 0, 15, 0, 1, 2, 40, 0, 0, D-LinkHomeHub
0, 0, 0, 1, 0, 0, 1, 0, 62, 1, 0, 0, 0, 0, 0, 0, 0, 0, 15, 0, 1, 2, 409, 1, 5.686315482069221, D-LinkHomeHub
0, 0, 0, 1, 0, 0, 1, 0, 62, 1, 0, 0, 0, 0, 0, 0, 0, 0, 15, 0, 1, 2, 1420, 1, 2.730923623745703, D-LinkHomeHub
0, 0, 0, 1, 0, 0, 1, 0, 62, 1, 0, 0, 0, 0, 0, 0, 0, 0, 15, 0, 1, 2, 1420, 1, 2.1611106914672984, D-LinkHomeHub
0, 0, 0, 1, 0, 0, 1, 0, 62, 1, 0, 0, 0, 0, 0, 0, 0, 0, 15, 0, 1, 2, 1420, 1, 2.077292107003582, D-LinkHomeHub
0, 0, 0, 1, 0, 0, 1, 0, 3456, 1, 0, 0, 0, 0, 0, 0, 0, 0, 15, 0, 2, 1, 40, 0, 0, D-LinkHomeHub
0, 0, 0, 1, 0, 0, 1, 0, 4836, 1, 0, 0, 0, 0, 0, 0, 0, 0, 15, 0, 2, 1, 40, 0, 0, D-LinkHomeHub
0, 0, 0, 1, 0, 0, 1, 0, 6216, 1, 0, 0, 0, 0, 0, 0, 0, 0, 15, 0, 2, 1, 40, 0, 0, D-LinkHomeHub
0, 0, 0, 1, 0, 0, 1, 0, 7596, 1, 0, 0, 0, 0, 0, 0, 0, 0, 15, 0, 2, 1, 40, 0, 0, D-LinkHomeHub
0, 0, 0, 1, 0, 0, 0, 1, 0, 0, 0, 0, 0, 0, 0, 1, 0, 0, 15, 0, 2, 2, 287, 0, 0, D-LinkHomeHub
0, 0, 0, 1, 0, 0, 1, 0, 62, 1, 0, 0, 0, 0, 0, 0, 0, 0, 15, 0, 1, 2, 1420, 1, 2.114604090839043, D-LinkHomeHub
0, 0, 0, 1, 0, 0, 1, 0, 62, 1, 0, 0, 0, 0, 0, 0, 0, 0, 15, 0, 1, 2, 1420, 1, 3.8007070276544, D-LinkHomeHub
0, 0, 0, 1, 0, 0, 1, 0, 62, 1, 0, 0, 0, 0, 0, 0, 0, 0, 15, 0, 1, 2, 1420, 1, 3.6806542234951123, D-LinkHomeHub
0, 0, 0, 1, 0, 0, 1, 0, 62, 1, 0, 0, 0, 0, 0, 0, 0, 0, 15, 0, 1, 2, 1420, 1, 3.77089710465132, D-LinkHomeHub
0, 0, 0, 1, 0, 0, 1, 0, 62, 1, 0, 0, 0, 0, 0, 0, 0, 0, 15, 0, 1, 2, 1420, 1, 3.7398068972365874, D-LinkHomeHub
0, 0, 0, 1, 0, 0, 1, 0, 62, 1, 0, 0, 0, 0, 0, 0, 0, 0, 15, 0, 1, 2, 1420, 1, 3.7456793085290596, D-LinkHomeHub
0, 0, 0, 1, 0, 0, 1, 0, 62, 1, 0, 0, 0, 0, 0, 0, 0, 0, 15, 0, 1, 2, 1420, 1, 3.5992643187847415, D-LinkHomeHub
0, 0, 0, 1, 0, 0, 1, 0, 62, 1, 0, 0, 0, 0, 0, 0, 0, 0, 15, 0, 1, 2, 1420, 1, 4.850193245768116, D-LinkHomeHub
0, 0, 0, 1, 0, 0, 1, 0, 62, 1, 0, 0, 0, 0, 0, 0, 0, 0, 15, 0, 1, 2, 1420, 1, 4.855464600236787, D-LinkHomeHub
0, 0, 0, 1, 0, 0, 1, 0, 62, 1, 0, 0, 0, 0, 0, 0, 0, 0, 15, 0, 1, 2, 1420, 1, 5.007747171029861, D-LinkHomeHub
0, 0, 0, 1, 0, 0, 1, 0, 8976, 1, 0, 0, 0, 0, 0, 0, 0, 0, 15, 0, 2, 1, 40, 0, 0, D-LinkHomeHub
0, 0, 0, 1, 0, 0, 1, 0, 62, 1, 0, 0, 0, 0, 0, 0, 0, 0, 15, 0, 1, 2, 1420, 1, 4.924630968216569, D-LinkHomeHub
0, 0, 0, 1, 0, 0, 1, 0, 10356, 1, 0, 0, 0, 0, 0, 0, 0, 0, 15, 0, 2, 1, 40, 0, 0, D-LinkHomeHub
0, 0, 0, 1, 0, 0, 1, 0, 11736, 1, 0, 0, 0, 0, 0, 0, 0, 0, 15, 0, 2, 1, 40, 0, 0, D-LinkHomeHub
0, 0, 0, 1, 0, 0, 1, 0, 13116, 1, 0, 0, 0, 0, 0, 0, 0, 0, 15, 0, 2, 1, 40, 0, 0, D-LinkHomeHub
0, 0, 0, 1, 0, 0, 1, 0, 14496, 1, 0, 0, 0, 0, 0, 0, 0, 0, 15, 0, 2, 1, 40, 0, 0, D-LinkHomeHub
0, 0, 0, 1, 0, 0, 1, 0, 15876, 1, 0, 0, 0, 0, 0, 0, 0, 0, 15, 0, 2, 1, 40, 0, 0, D-LinkHomeHub
0, 0, 0, 1, 0, 0, 1, 0, 17256, 1, 0, 0, 0, 0, 0, 0, 0, 0, 15, 0, 2, 1, 40, 0, 0, D-LinkHomeHub
0, 0, 0, 1, 0, 0, 1, 0, 17256, 1, 0, 0, 0, 0, 0, 0, 0, 0, 15, 0, 2, 1, 40, 0, 0, D-LinkHomeHub
0, 0, 0, 1, 0, 0, 1, 0, 17256, 1, 0, 0, 0, 0, 0, 0, 0, 0, 15, 0, 2, 1, 40, 0, 0, D-LinkHomeHub
0, 0, 0, 1, 0, 0, 1, 0, 17256, 1, 0, 0, 0, 0, 0, 0, 0, 0, 15, 0, 2, 1, 40, 0, 0, D-LinkHomeHub
0, 0, 0, 1, 0, 0, 1, 0, 17256, 1, 0, 0, 0, 0, 0, 0, 0, 0, 15, 0, 2, 1, 40, 0, 0, D-LinkHomeHub
0, 0, 0, 1, 0, 0, 1, 0, 62, 1, 0, 0, 0, 0, 0, 0, 0, 0, 15, 0, 1, 2, 1420, 1, 4.958588506866464, D-LinkHomeHub
0, 0, 0, 1, 0, 0, 1, 0, 62, 1, 0, 0, 0, 0, 0, 0, 0, 0, 15, 0, 1, 2, 1420, 1, 4.94461072548134, D-LinkHomeHub
0, 0, 0, 1, 0, 0, 1, 0, 62, 1, 0, 0, 0, 0, 0, 0, 0, 0, 15, 0, 1, 2, 1420, 1, 4.7814276518959975, D-LinkHomeHub
0, 0, 0, 1, 0, 0, 1, 0, 62, 1, 0, 0, 0, 0, 0, 0, 0, 0, 15, 0, 1, 2, 1420, 1, 2.4665569613157574, D-LinkHomeHub
0, 0, 0, 1, 0, 0, 1, 0, 62, 1, 0, 0, 0, 0, 0, 0, 0, 0, 15, 0, 1, 2, 1420, 1, 4.973759657247839, D-LinkHomeHub
0, 0, 0, 1, 0, 0, 1, 0, 62, 1, 0, 0, 0, 0, 0, 0, 0, 0, 15, 0, 1, 2, 1420, 1, 5.097069646720429, D-LinkHomeHub
0, 0, 0, 1, 0, 0, 1, 0, 62, 1, 0, 0, 0, 0, 0, 0, 0, 0, 15, 0, 1, 2, 1420, 1, 5.6556161423555835, D-LinkHomeHub
0, 0, 0, 1, 0, 0, 1, 0, 62, 1, 0, 0, 0, 0, 0, 0, 0, 0, 15, 0, 1, 2, 1420, 1, 5.285242843465958, D-LinkHomeHub
0, 0, 0, 1, 0, 0, 1, 0, 62, 1, 0, 0, 0, 0, 0, 0, 0, 0, 15, 0, 1, 2, 1420, 1, 5.347328398122208, D-LinkHomeHub
0, 0, 0, 1, 0, 0, 1, 0, 62, 1, 0, 0, 0, 0, 0, 0, 0, 0, 15, 0, 1, 2, 1420, 1, 5.26569561513121, D-LinkHomeHub
0, 0, 0, 1, 0, 0, 1, 0, 17256, 1, 0, 0, 0, 0, 0, 0, 0, 0, 15, 0, 2, 1, 40, 0, 0, D-LinkHomeHub
0, 0, 0, 1, 0, 0, 1, 0, 62, 1, 0, 0, 0, 0, 0, 0, 0, 0, 15, 0, 1, 2, 1420, 1, 5.278256898044144, D-LinkHomeHub
0, 0, 0, 1, 0, 0, 1, 0, 62, 1, 0, 0, 0, 0, 0, 0, 0, 0, 15, 0, 1, 2, 1420, 1, 5.349099863607543, D-LinkHomeHub
0, 0, 0, 1, 0, 0, 1, 0, 62, 1, 0, 0, 0, 0, 0, 0, 0, 0, 15, 0, 1, 2, 1420, 1, 5.534686202817798, D-LinkHomeHub
0, 0, 0, 1, 0, 0, 1, 0, 62, 1, 0, 0, 0, 0, 0, 0, 0, 0, 15, 0, 1, 2, 1420, 1, 5.370323481303243, D-LinkHomeHub
0, 0, 0, 1, 0, 0, 1, 0, 62, 1, 0, 0, 0, 0, 0, 0, 0, 0, 15, 0, 1, 2, 1420, 1, 4.875670238357002, D-LinkHomeHub
0, 0, 0, 1, 0, 0, 1, 0, 62, 1, 0, 0, 0, 0, 0, 0, 0, 0, 15, 0, 1, 2, 1420, 1, 5.364523970492011, D-LinkHomeHub
0, 0, 0, 1, 0, 0, 1, 0, 62, 1, 0, 0, 0, 0, 0, 0, 0, 0, 15, 0, 1, 2, 1420, 1, 5.310067600704496, D-LinkHomeHub
0, 0, 0, 1, 0, 0, 1, 0, 17256, 1, 0, 0, 0, 0, 0, 0, 0, 0, 15, 0, 2, 1, 40, 0, 0, D-LinkHomeHub
0, 0, 0, 1, 0, 0, 1, 0, 62, 1, 0, 0, 0, 0, 0, 0, 0, 0, 15, 0, 1, 2, 1420, 1, 5.497944889120247, D-LinkHomeHub
0, 0, 0, 1, 0, 0, 1, 0, 62, 1, 0, 0, 0, 0, 0, 0, 0, 0, 15, 0, 1, 2, 1420, 1, 5.221742077199157, D-LinkHomeHub
0, 0, 0, 1, 0, 0, 1, 0, 62, 1, 0, 0, 0, 0, 0, 0, 0, 0, 15, 0, 1, 2, 1420, 1, 5.401987491357247, D-LinkHomeHub
0, 0, 0, 1, 0, 0, 1, 0, 62, 1, 0, 0, 0, 0, 0, 0, 0, 0, 15, 0, 1, 2, 1420, 1, 5.384243359146959, D-LinkHomeHub
0, 0, 0, 1, 0, 0, 1, 0, 17256, 1, 0, 0, 0, 0, 0, 0, 0, 0, 15, 0, 2, 1, 40, 0, 0, D-LinkHomeHub
0, 0, 0, 1, 0, 0, 1, 0, 17256, 1, 0, 0, 0, 0, 0, 0, 0, 0, 15, 0, 2, 1, 40, 0, 0, D-LinkHomeHub
0, 0, 0, 1, 0, 0, 1, 0, 17256, 1, 0, 0, 0, 0, 0, 0, 0, 0, 15, 0, 2, 1, 40, 0, 0, D-LinkHomeHub
0, 0, 0, 1, 0, 0, 1, 0, 17256, 1, 0, 0, 0, 0, 0, 0, 0, 0, 15, 0, 2, 1, 40, 0, 0, D-LinkHomeHub
0, 0, 0, 1, 0, 0, 1, 0, 17256, 1, 0, 0, 0, 0, 0, 0, 0, 0, 15, 0, 2, 1, 40, 0, 0, D-LinkHomeHub
0, 0, 0, 1, 0, 0, 1, 0, 62, 1, 0, 0, 0, 0, 0, 0, 0, 0, 15, 0, 1, 2, 1420, 1, 5.5625415018337705, D-LinkHomeHub
0, 0, 0, 1, 0, 0, 1, 0, 62, 1, 0, 0, 0, 0, 0, 0, 0, 0, 15, 0, 1, 2, 1420, 1, 5.231363152344971, D-LinkHomeHub
0, 0, 0, 1, 0, 0, 1, 0, 17256, 1, 0, 0, 0, 0, 0, 0, 0, 0, 15, 0, 2, 1, 40, 0, 0, D-LinkHomeHub
0, 0, 0, 1, 0, 0, 1, 0, 17256, 1, 0, 0, 0, 0, 0, 0, 0, 0, 15, 0, 2, 1, 40, 0, 0, D-LinkHomeHub
0, 0, 0, 1, 0, 0, 1, 0, 17256, 1, 0, 0, 0, 0, 0, 0, 0, 0, 15, 0, 2, 1, 40, 0, 0, D-LinkHomeHub
0, 0, 0, 1, 0, 0, 1, 0, 17256, 1, 0, 0, 0, 0, 0, 0, 0, 0, 15, 0, 2, 1, 40, 0, 0, D-LinkHomeHub
0, 0, 0, 1, 0, 0, 1, 0, 17256, 1, 0, 0, 0, 0, 0, 0, 0, 0, 15, 0, 2, 1, 40, 0, 0, D-LinkHomeHub
0, 0, 0, 1, 0, 0, 0, 1, 0, 0, 0, 0, 0, 0, 0, 1, 0, 0, 15, 0, 2, 2, 376, 0, 0, D-LinkHomeHub
0, 0, 0, 1, 0, 0, 0, 1, 0, 0, 0, 0, 0, 0, 0, 1, 0, 0, 15, 0, 2, 2, 83, 0, 0, D-LinkHomeHub
0, 0, 0, 1, 0, 0, 1, 0, 62, 1, 0, 0, 0, 0, 0, 0, 0, 0, 15, 0, 1, 2, 1420, 1, 5.473314668504278, D-LinkHomeHub
0, 0, 0, 1, 0, 0, 1, 0, 62, 1, 0, 0, 0, 0, 0, 0, 0, 0, 15, 0, 1, 2, 1420, 1, 5.465774236461332, D-LinkHomeHub
0, 0, 0, 1, 0, 0, 1, 0, 62, 1, 0, 0, 0, 0, 0, 0, 0, 0, 15, 0, 1, 2, 1420, 1, 5.530094685186079, D-LinkHomeHub
0, 0, 0, 1, 0, 0, 1, 0, 62, 1, 0, 0, 0, 0, 0, 0, 0, 0, 15, 0, 1, 2, 1420, 1, 5.3864971845341625, D-LinkHomeHub
0, 0, 0, 1, 0, 0, 1, 0, 62, 1, 0, 0, 0, 0, 0, 0, 0, 0, 15, 0, 1, 2, 1420, 1, 5.690429843465573, D-LinkHomeHub
0, 0, 0, 1, 0, 0, 1, 0, 62, 1, 0, 0, 0, 0, 0, 0, 0, 0, 15, 0, 1, 2, 1420, 1, 5.1167824084993665, D-LinkHomeHub
0, 0, 0, 1, 0, 0, 1, 0, 62, 1, 0, 0, 0, 0, 0, 0, 0, 0, 15, 0, 1, 2, 1420, 1, 5.786207995300465, D-LinkHomeHub
0, 0, 0, 1, 0, 0, 1, 0, 62, 1, 0, 0, 0, 0, 0, 0, 0, 0, 15, 0, 1, 2, 1420, 1, 5.331948293674498, D-LinkHomeHub
0, 0, 0, 1, 0, 0, 1, 0, 62, 1, 0, 0, 0, 0, 0, 0, 0, 0, 15, 0, 1, 2, 1420, 1, 5.681841436387229, D-LinkHomeHub
0, 0, 0, 1, 0, 0, 1, 0, 62, 1, 0, 0, 0, 0, 0, 0, 0, 0, 15, 0, 1, 2, 1420, 1, 5.676929463090623, D-LinkHomeHub
0, 0, 0, 1, 0, 0, 1, 0, 62, 1, 0, 0, 0, 0, 0, 0, 0, 0, 15, 0, 1, 2, 1420, 1, 5.527297899881221, D-LinkHomeHub
0, 0, 0, 1, 0, 0, 1, 0, 17256, 1, 0, 0, 0, 0, 0, 0, 0, 0, 15, 0, 2, 1, 40, 0, 0, D-LinkHomeHub
0, 0, 0, 1, 0, 0, 1, 0, 62, 1, 0, 0, 0, 0, 0, 0, 0, 0, 15, 0, 1, 2, 1420, 1, 5.544847427637153, D-LinkHomeHub
0, 0, 0, 1, 0, 0, 1, 0, 62, 1, 0, 0, 0, 0, 0, 0, 0, 0, 15, 0, 1, 2, 1420, 1, 5.5664169583201115, D-LinkHomeHub
0, 0, 0, 1, 0, 0, 1, 0, 62, 1, 0, 0, 0, 0, 0, 0, 0, 0, 15, 0, 1, 2, 1420, 1, 5.408183253691421, D-LinkHomeHub
0, 0, 0, 1, 0, 0, 1, 0, 17256, 1, 0, 0, 0, 0, 0, 0, 0, 0, 15, 0, 2, 1, 40, 0, 0, D-LinkHomeHub
0, 0, 0, 1, 0, 0, 1, 0, 62, 1, 0, 0, 0, 0, 0, 0, 0, 0, 15, 0, 1, 2, 1420, 1, 5.154227505479874, D-LinkHomeHub
0, 0, 0, 1, 0, 0, 1, 0, 62, 1, 0, 0, 0, 0, 0, 0, 0, 0, 15, 0, 1, 2, 1420, 1, 5.507773834846968, D-LinkHomeHub
0, 0, 0, 1, 0, 0, 1, 0, 17256, 1, 0, 0, 0, 0, 0, 0, 0, 0, 15, 0, 2, 1, 40, 0, 0, D-LinkHomeHub
0, 0, 0, 1, 0, 0, 1, 0, 62, 1, 0, 0, 0, 0, 0, 0, 0, 0, 15, 0, 1, 2, 1420, 1, 5.30073409341788, D-LinkHomeHub
0, 0, 0, 1, 0, 0, 1, 0, 17256, 1, 0, 0, 0, 0, 0, 0, 0, 0, 15, 0, 2, 1, 40, 0, 0, D-LinkHomeHub
0, 0, 0, 1, 0, 0, 1, 0, 62, 1, 0, 0, 0, 0, 0, 0, 0, 0, 15, 0, 1, 2, 1420, 1, 5.219474663148283, D-LinkHomeHub
0, 0, 0, 1, 0, 0, 1, 0, 62, 1, 0, 0, 0, 0, 0, 0, 0, 0, 15, 0, 1, 2, 1420, 1, 5.286285058898195, D-LinkHomeHub
0, 0, 0, 1, 0, 0, 1, 0, 62, 1, 0, 0, 0, 0, 0, 0, 0, 0, 15, 0, 1, 2, 1420, 1, 5.297218087487517, D-LinkHomeHub
0, 0, 0, 1, 0, 0, 1, 0, 17256, 1, 0, 0, 0, 0, 0, 0, 0, 0, 15, 0, 2, 1, 40, 0, 0, D-LinkHomeHub
0, 0, 0, 1, 0, 0, 1, 0, 62, 1, 0, 0, 0, 0, 0, 0, 0, 0, 15, 0, 1, 2, 1420, 1, 4.875361268902374, D-LinkHomeHub
0, 0, 0, 1, 0, 0, 1, 0, 62, 1, 0, 0, 0, 0, 0, 0, 0, 0, 15, 0, 1, 2, 1420, 1, 5.449849955802119, D-LinkHomeHub
0, 0, 0, 1, 0, 0, 1, 0, 17256, 1, 0, 0, 0, 0, 0, 0, 0, 0, 15, 0, 2, 1, 40, 0, 0, D-LinkHomeHub
0, 0, 0, 1, 0, 0, 1, 0, 62, 1, 0, 0, 0, 0, 0, 0, 0, 0, 15, 0, 1, 2, 1420, 1, 5.08737044337475, D-LinkHomeHub
0, 0, 0, 1, 0, 0, 1, 0, 62, 1, 0, 0, 0, 0, 0, 0, 0, 0, 15, 0, 1, 2, 1420, 1, 5.297521767990526, D-LinkHomeHub
0, 0, 0, 1, 0, 0, 1, 0, 17256, 1, 0, 0, 0, 0, 0, 0, 0, 0, 15, 0, 2, 1, 40, 0, 0, D-LinkHomeHub
0, 0, 0, 1, 0, 0, 1, 0, 17256, 1, 0, 0, 0, 0, 0, 0, 0, 0, 15, 0, 2, 1, 40, 0, 0, D-LinkHomeHub
0, 0, 0, 1, 0, 0, 1, 0, 17256, 1, 0, 0, 0, 0, 0, 0, 0, 0, 15, 0, 2, 1, 40, 0, 0, D-LinkHomeHub
0, 0, 0, 1, 0, 0, 1, 0, 17256, 1, 0, 0, 0, 0, 0, 0, 0, 0, 15, 0, 2, 1, 40, 0, 0, D-LinkHomeHub
0, 0, 0, 1, 0, 0, 1, 0, 17256, 1, 0, 0, 0, 0, 0, 0, 0, 0, 15, 0, 2, 1, 40, 0, 0, D-LinkHomeHub
0, 0, 0, 1, 0, 0, 1, 0, 17256, 1, 0, 0, 0, 0, 0, 0, 0, 0, 15, 0, 2, 1, 40, 0, 0, D-LinkHomeHub
0, 0, 0, 1, 0, 0, 0, 1, 0, 0, 0, 0, 0, 0, 0, 1, 0, 0, 15, 0, 2, 2, 251, 0, 0, D-LinkHomeHub
0, 0, 0, 1, 0, 0, 1, 0, 62, 1, 0, 0, 0, 0, 0, 0, 0, 0, 15, 0, 1, 2, 1420, 1, 5.109996052731554, D-LinkHomeHub
0, 0, 0, 1, 0, 0, 1, 0, 17256, 1, 0, 0, 0, 0, 0, 0, 0, 0, 15, 0, 2, 1, 40, 0, 0, D-LinkHomeHub
0, 0, 0, 1, 0, 0, 1, 0, 62, 1, 0, 0, 0, 0, 0, 0, 0, 0, 15, 0, 1, 2, 1420, 1, 5.456200378731883, D-LinkHomeHub
0, 0, 0, 1, 0, 0, 1, 0, 62, 1, 0, 0, 0, 0, 0, 0, 0, 0, 15, 0, 1, 2, 1420, 1, 5.443684361184711, D-LinkHomeHub
0, 0, 0, 1, 0, 0, 1, 0, 62, 1, 0, 0, 0, 0, 0, 0, 0, 0, 15, 0, 1, 2, 1420, 1, 5.230799057132779, D-LinkHomeHub
0, 0, 0, 1, 0, 0, 1, 0, 62, 1, 0, 0, 0, 0, 0, 0, 0, 0, 15, 0, 1, 2, 1420, 1, 5.460171943296695, D-LinkHomeHub
0, 0, 0, 1, 0, 0, 1, 0, 62, 1, 0, 0, 0, 0, 0, 0, 0, 0, 15, 0, 1, 2, 1420, 1, 5.4909014292362155, D-LinkHomeHub
0, 0, 0, 1, 0, 0, 1, 0, 62, 1, 0, 0, 0, 0, 0, 0, 0, 0, 15, 0, 1, 2, 1420, 1, 5.382450979339012, D-LinkHomeHub
0, 0, 0, 1, 0, 0, 1, 0, 62, 1, 0, 0, 0, 0, 0, 0, 0, 0, 15, 0, 1, 2, 1420, 1, 5.4478861340712585, D-LinkHomeHub
0, 0, 0, 1, 0, 0, 1, 0, 62, 1, 0, 0, 0, 0, 0, 0, 0, 0, 15, 0, 1, 2, 1420, 1, 5.233950262173533, D-LinkHomeHub
0, 0, 0, 1, 0, 0, 1, 0, 17256, 1, 0, 0, 0, 0, 0, 0, 0, 0, 15, 0, 2, 1, 40, 0, 0, D-LinkHomeHub
0, 0, 0, 1, 0, 0, 1, 0, 62, 1, 0, 0, 0, 0, 0, 0, 0, 0, 15, 0, 1, 2, 1420, 1, 5.585581440053738, D-LinkHomeHub
0, 0, 0, 1, 0, 0, 1, 0, 62, 1, 0, 0, 0, 0, 0, 0, 0, 0, 15, 0, 1, 2, 1420, 1, 5.350871711797608, D-LinkHomeHub
0, 0, 0, 1, 0, 0, 1, 0, 17256, 1, 0, 0, 0, 0, 0, 0, 0, 0, 15, 0, 2, 1, 40, 0, 0, D-LinkHomeHub
0, 0, 0, 1, 0, 0, 1, 0, 17256, 1, 0, 0, 0, 0, 0, 0, 0, 0, 15, 0, 2, 1, 40, 0, 0, D-LinkHomeHub
0, 0, 0, 1, 0, 0, 1, 0, 62, 1, 0, 0, 0, 0, 0, 0, 0, 0, 15, 0, 1, 2, 1420, 1, 5.430979554477184, D-LinkHomeHub
0, 0, 0, 1, 0, 0, 1, 0, 62, 1, 0, 0, 0, 0, 0, 0, 0, 0, 15, 0, 1, 2, 1420, 1, 5.472285822764095, D-LinkHomeHub
0, 0, 0, 1, 0, 0, 1, 0, 62, 1, 0, 0, 0, 0, 0, 0, 0, 0, 15, 0, 1, 2, 1420, 1, 5.196988097284849, D-LinkHomeHub
0, 0, 0, 1, 0, 0, 1, 0, 17256, 1, 0, 0, 0, 0, 0, 0, 0, 0, 15, 0, 2, 1, 40, 0, 0, D-LinkHomeHub
0, 0, 0, 1, 0, 0, 1, 0, 62, 1, 0, 0, 0, 0, 0, 0, 0, 0, 15, 0, 1, 2, 1420, 1, 5.155919703278177, D-LinkHomeHub
0, 0, 0, 1, 0, 0, 1, 0, 17256, 1, 0, 0, 0, 0, 0, 0, 0, 0, 15, 0, 2, 1, 40, 0, 0, D-LinkHomeHub
0, 0, 0, 1, 0, 0, 1, 0, 62, 1, 0, 0, 0, 0, 0, 0, 0, 0, 15, 0, 1, 2, 1420, 1, 5.217166361809217, D-LinkHomeHub
0, 0, 0, 1, 0, 0, 1, 0, 62, 1, 0, 0, 0, 0, 0, 0, 0, 0, 15, 0, 1, 2, 1420, 1, 5.276864121058845, D-LinkHomeHub
0, 0, 0, 1, 0, 0, 1, 0, 62, 1, 0, 0, 0, 0, 0, 0, 0, 0, 15, 0, 1, 2, 1420, 1, 5.402380103352205, D-LinkHomeHub
0, 0, 0, 1, 0, 0, 1, 0, 62, 1, 0, 0, 0, 0, 0, 0, 0, 0, 15, 0, 1, 2, 1420, 1, 4.7825321308218625, D-LinkHomeHub
0, 0, 0, 1, 0, 0, 1, 0, 17256, 1, 0, 0, 0, 0, 0, 0, 0, 0, 15, 0, 2, 1, 40, 0, 0, D-LinkHomeHub
0, 0, 0, 1, 0, 0, 1, 0, 62, 1, 0, 0, 0, 0, 0, 0, 0, 0, 15, 0, 1, 2, 1420, 1, 5.02706433684884, D-LinkHomeHub
0, 0, 0, 1, 0, 0, 1, 0, 17256, 1, 0, 0, 0, 0, 0, 0, 0, 0, 15, 0, 2, 1, 40, 0, 0, D-LinkHomeHub
0, 0, 0, 1, 0, 0, 1, 0, 62, 1, 0, 0, 0, 0, 0, 0, 0, 0, 15, 0, 1, 2, 1420, 1, 5.09481773166707, D-LinkHomeHub
0, 0, 0, 1, 0, 0, 1, 0, 62, 1, 0, 0, 0, 0, 0, 0, 0, 0, 15, 0, 1, 2, 1420, 1, 5.283793151032643, D-LinkHomeHub
0, 0, 0, 1, 0, 0, 1, 0, 62, 1, 0, 0, 0, 0, 0, 0, 0, 0, 15, 0, 1, 2, 1420, 1, 5.203903253628281, D-LinkHomeHub
0, 0, 0, 1, 0, 0, 1, 0, 62, 1, 0, 0, 0, 0, 0, 0, 0, 0, 15, 0, 1, 2, 1420, 1, 5.055781809089851, D-LinkHomeHub
0, 0, 0, 1, 0, 0, 1, 0, 62, 1, 0, 0, 0, 0, 0, 0, 0, 0, 15, 0, 1, 2, 1420, 1, 5.161310134587382, D-LinkHomeHub
0, 0, 0, 1, 0, 0, 1, 0, 17256, 1, 0, 0, 0, 0, 0, 0, 0, 0, 15, 0, 2, 1, 40, 0, 0, D-LinkHomeHub
0, 0, 0, 1, 0, 0, 1, 0, 17256, 1, 0, 0, 0, 0, 0, 0, 0, 0, 15, 0, 2, 1, 40, 0, 0, D-LinkHomeHub
0, 0, 0, 1, 0, 0, 1, 0, 17256, 1, 0, 0, 0, 0, 0, 0, 0, 0, 15, 0, 2, 1, 40, 0, 0, D-LinkHomeHub
0, 0, 0, 1, 0, 0, 1, 0, 17256, 1, 0, 0, 0, 0, 0, 0, 0, 0, 15, 0, 2, 1, 40, 0, 0, D-LinkHomeHub
0, 0, 0, 1, 0, 0, 1, 0, 17256, 1, 0, 0, 0, 0, 0, 0, 0, 0, 15, 0, 2, 1, 40, 0, 0, D-LinkHomeHub
0, 0, 0, 1, 0, 0, 1, 0, 62, 1, 0, 0, 0, 0, 0, 0, 0, 0, 15, 0, 1, 2, 1420, 1, 5.502622482103859, D-LinkHomeHub
0, 0, 0, 1, 0, 0, 1, 0, 17256, 1, 0, 0, 0, 0, 0, 0, 0, 0, 15, 0, 2, 1, 40, 0, 0, D-LinkHomeHub
0, 0, 0, 1, 0, 0, 1, 0, 62, 1, 0, 0, 0, 0, 0, 0, 0, 0, 15, 0, 1, 2, 1420, 1, 5.3908657536234275, D-LinkHomeHub
0, 0, 0, 1, 0, 0, 1, 0, 62, 1, 0, 0, 0, 0, 0, 0, 0, 0, 15, 0, 1, 2, 1420, 1, 5.068891040775588, D-LinkHomeHub
0, 0, 0, 1, 0, 0, 1, 0, 62, 1, 0, 0, 0, 0, 0, 0, 0, 0, 15, 0, 1, 2, 1420, 1, 5.116309171268528, D-LinkHomeHub
0, 0, 0, 1, 0, 0, 1, 0, 62, 1, 0, 0, 0, 0, 0, 0, 0, 0, 15, 0, 1, 2, 1420, 1, 5.381671026164456, D-LinkHomeHub
0, 0, 0, 1, 0, 0, 1, 0, 62, 1, 0, 0, 0, 0, 0, 0, 0, 0, 15, 0, 1, 2, 1420, 1, 5.3485576590882316, D-LinkHomeHub
0, 0, 0, 1, 0, 0, 1, 0, 62, 1, 0, 0, 0, 0, 0, 0, 0, 0, 15, 0, 1, 2, 1420, 1, 5.102810050813757, D-LinkHomeHub
0, 0, 0, 1, 0, 0, 1, 0, 62, 1, 0, 0, 0, 0, 0, 0, 0, 0, 15, 0, 1, 2, 1420, 1, 5.403695109252658, D-LinkHomeHub
0, 0, 0, 1, 0, 0, 1, 0, 62, 1, 0, 0, 0, 0, 0, 0, 0, 0, 15, 0, 1, 2, 1420, 1, 5.4695730718115625, D-LinkHomeHub
0, 0, 0, 1, 0, 0, 1, 0, 17256, 1, 0, 0, 0, 0, 0, 0, 0, 0, 15, 0, 2, 1, 40, 0, 0, D-LinkHomeHub
0, 0, 0, 1, 0, 0, 1, 0, 62, 1, 0, 0, 0, 0, 0, 0, 0, 0, 15, 0, 1, 2, 1420, 1, 5.403960519580477, D-LinkHomeHub
0, 0, 0, 1, 0, 0, 1, 0, 62, 1, 0, 0, 0, 0, 0, 0, 0, 0, 15, 0, 1, 2, 1420, 1, 5.526464215964459, D-LinkHomeHub
0, 0, 0, 1, 0, 0, 1, 0, 17256, 1, 0, 0, 0, 0, 0, 0, 0, 0, 15, 0, 2, 1, 40, 0, 0, D-LinkHomeHub
0, 0, 0, 1, 0, 0, 1, 0, 17256, 1, 0, 0, 0, 0, 0, 0, 0, 0, 15, 0, 2, 1, 40, 0, 0, D-LinkHomeHub
0, 0, 0, 1, 0, 0, 1, 0, 62, 1, 0, 0, 0, 0, 0, 0, 0, 0, 15, 0, 1, 2, 1420, 1, 5.075108763849266, D-LinkHomeHub
0, 0, 0, 1, 0, 0, 1, 0, 62, 1, 0, 0, 0, 0, 0, 0, 0, 0, 15, 0, 1, 2, 1420, 1, 5.308068952008803, D-LinkHomeHub
0, 0, 0, 1, 0, 0, 1, 0, 62, 1, 0, 0, 0, 0, 0, 0, 0, 0, 15, 0, 1, 2, 1420, 1, 5.383688774708533, D-LinkHomeHub
0, 0, 0, 1, 0, 0, 1, 0, 62, 1, 0, 0, 0, 0, 0, 0, 0, 0, 15, 0, 1, 2, 1420, 1, 5.133865223186165, D-LinkHomeHub
0, 0, 0, 1, 0, 0, 1, 0, 17256, 1, 0, 0, 0, 0, 0, 0, 0, 0, 15, 0, 2, 1, 40, 0, 0, D-LinkHomeHub
0, 0, 0, 1, 0, 0, 1, 0, 17256, 1, 0, 0, 0, 0, 0, 0, 0, 0, 15, 0, 2, 1, 40, 0, 0, D-LinkHomeHub
0, 0, 0, 1, 0, 0, 1, 0, 62, 1, 0, 0, 0, 0, 0, 0, 0, 0, 15, 0, 1, 2, 1420, 1, 5.421429105000646, D-LinkHomeHub
0, 0, 0, 1, 0, 0, 1, 0, 62, 1, 0, 0, 0, 0, 0, 0, 0, 0, 15, 0, 1, 2, 1420, 1, 5.109296659025601, D-LinkHomeHub
0, 0, 0, 1, 0, 0, 1, 0, 17256, 1, 0, 0, 0, 0, 0, 0, 0, 0, 15, 0, 2, 1, 40, 0, 0, D-LinkHomeHub
0, 0, 0, 1, 0, 0, 1, 0, 17256, 1, 0, 0, 0, 0, 0, 0, 0, 0, 15, 0, 2, 1, 40, 0, 0, D-LinkHomeHub
0, 0, 0, 1, 0, 0, 1, 0, 62, 1, 0, 0, 0, 0, 0, 0, 0, 0, 15, 0, 1, 2, 1420, 1, 5.319386598854075, D-LinkHomeHub
0, 0, 0, 1, 0, 0, 1, 0, 62, 1, 0, 0, 0, 0, 0, 0, 0, 0, 15, 0, 1, 2, 1420, 1, 5.2899064825809425, D-LinkHomeHub
0, 0, 0, 1, 0, 0, 1, 0, 17256, 1, 0, 0, 0, 0, 0, 0, 0, 0, 15, 0, 2, 1, 40, 0, 0, D-LinkHomeHub
0, 0, 0, 1, 0, 0, 1, 0, 62, 1, 0, 0, 0, 0, 0, 0, 0, 0, 15, 0, 1, 2, 1420, 1, 5.491272900994314, D-LinkHomeHub
0, 0, 0, 1, 0, 0, 1, 0, 62, 1, 0, 0, 0, 0, 0, 0, 0, 0, 15, 0, 1, 2, 1420, 1, 5.463715106151265, D-LinkHomeHub
0, 0, 0, 1, 0, 0, 1, 0, 62, 1, 0, 0, 0, 0, 0, 0, 0, 0, 15, 0, 1, 2, 1420, 1, 5.409014136051818, D-LinkHomeHub
0, 0, 0, 1, 0, 0, 1, 0, 62, 1, 0, 0, 0, 0, 0, 0, 0, 0, 15, 0, 1, 2, 1420, 1, 5.097346047445943, D-LinkHomeHub
0, 0, 0, 1, 0, 0, 1, 0, 62, 1, 0, 0, 0, 0, 0, 0, 0, 0, 15, 0, 1, 2, 1420, 1, 5.333796889268264, D-LinkHomeHub
0, 0, 0, 1, 0, 0, 1, 0, 62, 1, 0, 0, 0, 0, 0, 0, 0, 0, 15, 0, 1, 2, 1420, 1, 5.699723051819274, D-LinkHomeHub
0, 0, 0, 1, 0, 0, 1, 0, 17256, 1, 0, 0, 0, 0, 0, 0, 0, 0, 15, 0, 2, 1, 40, 0, 0, D-LinkHomeHub
0, 0, 0, 1, 0, 0, 1, 0, 17256, 1, 0, 0, 0, 0, 0, 0, 0, 0, 15, 0, 2, 1, 40, 0, 0, D-LinkHomeHub
0, 0, 0, 1, 0, 0, 1, 0, 17256, 1, 0, 0, 0, 0, 0, 0, 0, 0, 15, 0, 2, 1, 40, 0, 0, D-LinkHomeHub
0, 0, 0, 1, 0, 0, 1, 0, 17256, 1, 0, 0, 0, 0, 0, 0, 0, 0, 15, 0, 2, 1, 40, 0, 0, D-LinkHomeHub
0, 0, 0, 1, 0, 0, 1, 0, 62, 1, 0, 0, 0, 0, 0, 0, 0, 0, 15, 0, 1, 2, 1420, 1, 5.25607058242582, D-LinkHomeHub
0, 0, 0, 1, 0, 0, 1, 0, 62, 1, 0, 0, 0, 0, 0, 0, 0, 0, 15, 0, 1, 2, 1420, 1, 5.237200913131109, D-LinkHomeHub
0, 0, 0, 1, 0, 0, 1, 0, 62, 1, 0, 0, 0, 0, 0, 0, 0, 0, 15, 0, 1, 2, 1420, 1, 5.55513985244056, D-LinkHomeHub
0, 0, 0, 1, 0, 0, 1, 0, 62, 1, 0, 0, 0, 0, 0, 0, 0, 0, 15, 0, 1, 2, 1420, 1, 5.003145340693103, D-LinkHomeHub
0, 0, 0, 1, 0, 0, 1, 0, 62, 1, 0, 0, 0, 0, 0, 0, 0, 0, 15, 0, 1, 2, 1420, 1, 4.949889585313942, D-LinkHomeHub
0, 0, 0, 1, 0, 0, 1, 0, 62, 1, 0, 0, 0, 0, 0, 0, 0, 0, 15, 0, 1, 2, 1420, 1, 5.019573939086128, D-LinkHomeHub
0, 0, 0, 1, 0, 0, 1, 0, 62, 1, 0, 0, 0, 0, 0, 0, 0, 0, 15, 0, 1, 2, 1420, 1, 5.104700340425013, D-LinkHomeHub
0, 0, 0, 1, 0, 0, 1, 0, 17256, 1, 0, 0, 0, 0, 0, 0, 0, 0, 15, 0, 2, 1, 40, 0, 0, D-LinkHomeHub
0, 0, 0, 1, 0, 0, 1, 0, 17256, 1, 0, 0, 0, 0, 0, 0, 0, 0, 15, 0, 2, 1, 40, 0, 0, D-LinkHomeHub
0, 0, 0, 1, 0, 0, 1, 0, 62, 1, 0, 0, 0, 0, 0, 0, 0, 0, 15, 0, 1, 2, 1420, 1, 5.33442276230578, D-LinkHomeHub
0, 0, 0, 1, 0, 0, 1, 0, 62, 1, 0, 0, 0, 0, 0, 0, 0, 0, 15, 0, 1, 2, 1420, 1, 5.249866845275546, D-LinkHomeHub
0, 0, 0, 1, 0, 0, 1, 0, 62, 1, 0, 0, 0, 0, 0, 0, 0, 0, 15, 0, 1, 2, 1420, 1, 5.357818867124383, D-LinkHomeHub
0, 0, 0, 1, 0, 0, 1, 0, 17256, 1, 0, 0, 0, 0, 0, 0, 0, 0, 15, 0, 2, 1, 40, 0, 0, D-LinkHomeHub
0, 0, 0, 1, 0, 0, 1, 0, 62, 1, 0, 0, 0, 0, 0, 0, 0, 0, 15, 0, 1, 2, 1420, 1, 5.1979292523020515, D-LinkHomeHub
0, 0, 0, 1, 0, 0, 1, 0, 62, 1, 0, 0, 0, 0, 0, 0, 0, 0, 15, 0, 1, 2, 1420, 1, 5.266938517098682, D-LinkHomeHub
0, 0, 0, 1, 0, 0, 1, 0, 17256, 1, 0, 0, 0, 0, 0, 0, 0, 0, 15, 0, 2, 1, 40, 0, 0, D-LinkHomeHub
0, 0, 0, 1, 0, 0, 1, 0, 62, 1, 0, 0, 0, 0, 0, 0, 0, 0, 15, 0, 1, 2, 1420, 1, 5.164929194152125, D-LinkHomeHub
0, 0, 0, 1, 0, 0, 1, 0, 17256, 1, 0, 0, 0, 0, 0, 0, 0, 0, 15, 0, 2, 1, 40, 0, 0, D-LinkHomeHub
0, 0, 0, 1, 0, 0, 1, 0, 17256, 1, 0, 0, 0, 0, 0, 0, 0, 0, 15, 0, 2, 1, 40, 0, 0, D-LinkHomeHub
0, 0, 0, 1, 0, 0, 1, 0, 62, 1, 0, 0, 0, 0, 0, 0, 0, 0, 15, 0, 1, 2, 1420, 1, 5.174891191650379, D-LinkHomeHub
0, 0, 0, 1, 0, 0, 1, 0, 62, 1, 0, 0, 0, 0, 0, 0, 0, 0, 15, 0, 1, 2, 1420, 1, 5.2837523552921954, D-LinkHomeHub
0, 0, 0, 1, 0, 0, 1, 0, 62, 1, 0, 0, 0, 0, 0, 0, 0, 0, 15, 0, 1, 2, 1420, 1, 5.5299531119180125, D-LinkHomeHub
0, 0, 0, 1, 0, 0, 1, 0, 62, 1, 0, 0, 0, 0, 0, 0, 0, 0, 15, 0, 1, 2, 1420, 1, 5.435217913752525, D-LinkHomeHub
0, 0, 0, 1, 0, 0, 1, 0, 62, 1, 0, 0, 0, 0, 0, 0, 0, 0, 15, 0, 1, 2, 1420, 1, 5.571823643875398, D-LinkHomeHub
0, 0, 0, 1, 0, 0, 1, 0, 62, 1, 0, 0, 0, 0, 0, 0, 0, 0, 15, 0, 1, 2, 1420, 1, 5.4354483940776195, D-LinkHomeHub
0, 0, 0, 1, 0, 0, 1, 0, 62, 1, 0, 0, 0, 0, 0, 0, 0, 0, 15, 0, 1, 2, 1420, 1, 5.615938108690147, D-LinkHomeHub
0, 0, 0, 1, 0, 0, 1, 0, 62, 1, 0, 0, 0, 0, 0, 0, 0, 0, 15, 0, 1, 2, 1420, 1, 5.209388362308538, D-LinkHomeHub
0, 0, 0, 1, 0, 0, 1, 0, 17256, 1, 0, 0, 0, 0, 0, 0, 0, 0, 15, 0, 2, 1, 40, 0, 0, D-LinkHomeHub
0, 0, 0, 1, 0, 0, 1, 0, 62, 1, 0, 0, 0, 0, 0, 0, 0, 0, 15, 0, 1, 2, 1420, 1, 5.509417581231691, D-LinkHomeHub
0, 0, 0, 1, 0, 0, 1, 0, 17256, 1, 0, 0, 0, 0, 0, 0, 0, 0, 15, 0, 2, 1, 40, 0, 0, D-LinkHomeHub
0, 0, 0, 1, 0, 0, 1, 0, 62, 1, 0, 0, 0, 0, 0, 0, 0, 0, 15, 0, 1, 2, 1420, 1, 5.29915657740201, D-LinkHomeHub
0, 0, 0, 1, 0, 0, 1, 0, 62, 1, 0, 0, 0, 0, 0, 0, 0, 0, 15, 0, 1, 2, 1420, 1, 5.049715172141848, D-LinkHomeHub
0, 0, 0, 1, 0, 0, 1, 0, 62, 1, 0, 0, 0, 0, 0, 0, 0, 0, 15, 0, 1, 2, 1420, 1, 5.2772148861407, D-LinkHomeHub
0, 0, 0, 1, 0, 0, 1, 0, 17256, 1, 0, 0, 0, 0, 0, 0, 0, 0, 15, 0, 2, 1, 40, 0, 0, D-LinkHomeHub
0, 0, 0, 1, 0, 0, 1, 0, 17256, 1, 0, 0, 0, 0, 0, 0, 0, 0, 15, 0, 2, 1, 40, 0, 0, D-LinkHomeHub
0, 0, 0, 1, 0, 0, 1, 0, 17256, 1, 0, 0, 0, 0, 0, 0, 0, 0, 15, 0, 2, 1, 40, 0, 0, D-LinkHomeHub
0, 0, 0, 1, 0, 0, 1, 0, 17256, 1, 0, 0, 0, 0, 0, 0, 0, 0, 15, 0, 2, 1, 40, 0, 0, D-LinkHomeHub
0, 0, 0, 1, 0, 0, 1, 0, 17256, 1, 0, 0, 0, 0, 0, 0, 0, 0, 15, 0, 2, 1, 40, 0, 0, D-LinkHomeHub
0, 0, 0, 1, 0, 0, 1, 0, 62, 1, 0, 0, 0, 0, 0, 0, 0, 0, 15, 0, 1, 2, 1420, 1, 5.133470914409946, D-LinkHomeHub
0, 0, 0, 1, 0, 0, 1, 0, 62, 1, 0, 0, 0, 0, 0, 0, 0, 0, 15, 0, 1, 2, 1420, 1, 5.264017273495558, D-LinkHomeHub
0, 0, 0, 1, 0, 0, 1, 0, 62, 1, 0, 0, 0, 0, 0, 0, 0, 0, 15, 0, 1, 2, 1420, 1, 4.895983299519221, D-LinkHomeHub
0, 0, 0, 1, 0, 0, 1, 0, 62, 1, 0, 0, 0, 0, 0, 0, 0, 0, 15, 0, 1, 2, 1420, 1, 5.088660447742229, D-LinkHomeHub
0, 0, 0, 1, 0, 0, 1, 0, 62, 1, 0, 0, 0, 0, 0, 0, 0, 0, 15, 0, 1, 2, 1420, 1, 5.237106787151736, D-LinkHomeHub
0, 0, 0, 1, 0, 0, 1, 0, 62, 1, 0, 0, 0, 0, 0, 0, 0, 0, 15, 0, 1, 2, 1420, 1, 5.105311267805098, D-LinkHomeHub
0, 0, 0, 1, 0, 0, 1, 0, 62, 1, 0, 0, 0, 0, 0, 0, 0, 0, 15, 0, 1, 2, 1420, 1, 5.21762255789472, D-LinkHomeHub
0, 0, 0, 1, 0, 0, 1, 0, 62, 1, 0, 0, 0, 0, 0, 0, 0, 0, 15, 0, 1, 2, 1420, 1, 5.284789511943592, D-LinkHomeHub
0, 0, 0, 1, 0, 0, 1, 0, 17256, 1, 0, 0, 0, 0, 0, 0, 0, 0, 15, 0, 2, 1, 40, 0, 0, D-LinkHomeHub
0, 0, 0, 1, 0, 0, 1, 0, 62, 1, 0, 0, 0, 0, 0, 0, 0, 0, 15, 0, 1, 2, 1420, 1, 5.550276599947527, D-LinkHomeHub
0, 0, 0, 1, 0, 0, 1, 0, 62, 1, 0, 0, 0, 0, 0, 0, 0, 0, 15, 0, 1, 2, 1420, 1, 5.6299247865859305, D-LinkHomeHub
0, 0, 0, 1, 0, 0, 1, 0, 17256, 1, 0, 0, 0, 0, 0, 0, 0, 0, 15, 0, 2, 1, 40, 0, 0, D-LinkHomeHub
0, 0, 0, 1, 0, 0, 1, 0, 17256, 1, 0, 0, 0, 0, 0, 0, 0, 0, 15, 0, 2, 1, 40, 0, 0, D-LinkHomeHub
0, 0, 0, 1, 0, 0, 1, 0, 17256, 1, 0, 0, 0, 0, 0, 0, 0, 0, 15, 0, 2, 1, 40, 0, 0, D-LinkHomeHub
0, 0, 0, 1, 0, 0, 1, 0, 62, 1, 0, 0, 0, 0, 0, 0, 0, 0, 15, 0, 1, 2, 1420, 1, 5.274544903918524, D-LinkHomeHub
0, 0, 0, 1, 0, 0, 1, 0, 62, 1, 0, 0, 0, 0, 0, 0, 0, 0, 15, 0, 1, 2, 1420, 1, 5.298635650456466, D-LinkHomeHub
0, 0, 0, 1, 0, 0, 1, 0, 17256, 1, 0, 0, 0, 0, 0, 0, 0, 0, 15, 0, 2, 1, 40, 0, 0, D-LinkHomeHub
0, 0, 0, 1, 0, 0, 1, 0, 62, 1, 0, 0, 0, 0, 0, 0, 0, 0, 15, 0, 1, 2, 1420, 1, 5.198644739276188, D-LinkHomeHub
0, 0, 0, 1, 0, 0, 1, 0, 17256, 1, 0, 0, 0, 0, 0, 0, 0, 0, 15, 0, 2, 1, 40, 0, 0, D-LinkHomeHub
0, 0, 0, 1, 0, 0, 1, 0, 62, 1, 0, 0, 0, 0, 0, 0, 0, 0, 15, 0, 1, 2, 1420, 1, 4.263683526078291, D-LinkHomeHub
0, 0, 0, 1, 0, 0, 1, 0, 62, 1, 0, 0, 0, 0, 0, 0, 0, 0, 15, 0, 1, 2, 1420, 1, 4.2905175946675715, D-LinkHomeHub
0, 0, 0, 1, 0, 0, 1, 0, 62, 1, 0, 0, 0, 0, 0, 0, 0, 0, 15, 0, 1, 2, 1420, 1, 5.401905071850723, D-LinkHomeHub
0, 0, 0, 1, 0, 0, 1, 0, 62, 1, 0, 0, 0, 0, 0, 0, 0, 0, 15, 0, 1, 2, 1420, 1, 5.057585644005969, D-LinkHomeHub
0, 0, 0, 1, 0, 0, 1, 0, 62, 1, 0, 0, 0, 0, 0, 0, 0, 0, 15, 0, 1, 2, 1420, 1, 5.301365200879336, D-LinkHomeHub
0, 0, 0, 1, 0, 0, 1, 0, 17256, 1, 0, 0, 0, 0, 0, 0, 0, 0, 15, 0, 2, 1, 40, 0, 0, D-LinkHomeHub
0, 0, 0, 1, 0, 0, 1, 0, 62, 1, 0, 0, 0, 0, 0, 0, 0, 0, 15, 0, 1, 2, 1420, 1, 5.015057794236904, D-LinkHomeHub
0, 0, 0, 1, 0, 0, 1, 0, 62, 1, 0, 0, 0, 0, 0, 0, 0, 0, 15, 0, 1, 2, 1420, 1, 5.674959637599332, D-LinkHomeHub
0, 0, 0, 1, 0, 0, 1, 0, 17256, 1, 0, 0, 0, 0, 0, 0, 0, 0, 15, 0, 2, 1, 40, 0, 0, D-LinkHomeHub
0, 0, 0, 1, 0, 0, 1, 0, 62, 1, 0, 0, 0, 0, 0, 0, 0, 0, 15, 0, 1, 2, 1420, 1, 5.27436027857567, D-LinkHomeHub
0, 0, 0, 1, 0, 0, 1, 0, 62, 1, 0, 0, 0, 0, 0, 0, 0, 0, 15, 0, 1, 2, 1420, 1, 5.2957223093104115, D-LinkHomeHub
0, 0, 0, 1, 0, 0, 1, 0, 62, 1, 0, 0, 0, 0, 0, 0, 0, 0, 15, 0, 1, 2, 1420, 1, 4.655163339101782, D-LinkHomeHub
0, 0, 0, 1, 0, 0, 1, 0, 62, 1, 0, 0, 0, 0, 0, 0, 0, 0, 15, 0, 1, 2, 1420, 1, 4.400745128643926, D-LinkHomeHub
0, 0, 0, 1, 0, 0, 1, 0, 17256, 1, 0, 0, 0, 0, 0, 0, 0, 0, 15, 0, 2, 1, 40, 0, 0, D-LinkHomeHub
0, 0, 0, 1, 0, 0, 1, 0, 17256, 1, 0, 0, 0, 0, 0, 0, 0, 0, 15, 0, 2, 1, 40, 0, 0, D-LinkHomeHub
0, 0, 0, 1, 0, 0, 1, 0, 17256, 1, 0, 0, 0, 0, 0, 0, 0, 0, 15, 0, 2, 1, 40, 0, 0, D-LinkHomeHub
0, 0, 0, 1, 0, 0, 1, 0, 17256, 1, 0, 0, 0, 0, 0, 0, 0, 0, 15, 0, 2, 1, 40, 0, 0, D-LinkHomeHub
0, 0, 0, 1, 0, 0, 1, 0, 62, 1, 0, 0, 0, 0, 0, 0, 0, 0, 15, 0, 1, 2, 1420, 1, 4.66295197070925, D-LinkHomeHub
0, 0, 0, 1, 0, 0, 1, 0, 17256, 1, 0, 0, 0, 0, 0, 0, 0, 0, 15, 0, 2, 1, 40, 0, 0, D-LinkHomeHub
0, 0, 0, 1, 0, 0, 1, 0, 62, 1, 0, 0, 0, 0, 0, 0, 0, 0, 15, 0, 1, 2, 1420, 1, 5.258871216385215, D-LinkHomeHub
0, 0, 0, 1, 0, 0, 1, 0, 62, 1, 0, 0, 0, 0, 0, 0, 0, 0, 15, 0, 1, 2, 1420, 1, 5.05451500178363, D-LinkHomeHub
0, 0, 0, 1, 0, 0, 1, 0, 62, 1, 0, 0, 0, 0, 0, 0, 0, 0, 15, 0, 1, 2, 1420, 1, 5.294751467653247, D-LinkHomeHub
0, 0, 0, 1, 0, 0, 1, 0, 62, 1, 0, 0, 0, 0, 0, 0, 0, 0, 15, 0, 1, 2, 1420, 1, 5.282534245777127, D-LinkHomeHub
0, 0, 0, 1, 0, 0, 1, 0, 62, 1, 0, 0, 0, 0, 0, 0, 0, 0, 15, 0, 1, 2, 1420, 1, 4.905981274127219, D-LinkHomeHub
0, 0, 0, 1, 0, 0, 1, 0, 62, 1, 0, 0, 0, 0, 0, 0, 0, 0, 15, 0, 1, 2, 1420, 1, 5.117088341303334, D-LinkHomeHub
0, 0, 0, 1, 0, 0, 1, 0, 62, 1, 0, 0, 0, 0, 0, 0, 0, 0, 15, 0, 1, 2, 1420, 1, 5.001014994415414, D-LinkHomeHub
0, 0, 0, 1, 0, 0, 1, 0, 62, 1, 0, 0, 0, 0, 0, 0, 0, 0, 15, 0, 1, 2, 1420, 1, 4.6757625377683265, D-LinkHomeHub
0, 0, 0, 1, 0, 0, 1, 0, 17256, 1, 0, 0, 0, 0, 0, 0, 0, 0, 15, 0, 2, 1, 40, 0, 0, D-LinkHomeHub
0, 0, 0, 1, 0, 0, 1, 0, 62, 1, 0, 0, 0, 0, 0, 0, 0, 0, 15, 0, 1, 2, 1420, 1, 2.8556807869684633, D-LinkHomeHub
0, 0, 0, 1, 0, 0, 1, 0, 62, 1, 0, 0, 0, 0, 0, 0, 0, 0, 15, 0, 1, 2, 1420, 1, 2.920628755108888, D-LinkHomeHub
0, 0, 0, 1, 0, 0, 1, 0, 17256, 1, 0, 0, 0, 0, 0, 0, 0, 0, 15, 0, 2, 1, 40, 0, 0, D-LinkHomeHub
0, 0, 0, 1, 0, 0, 1, 0, 17256, 1, 0, 0, 0, 0, 0, 0, 0, 0, 15, 0, 2, 1, 40, 0, 0, D-LinkHomeHub
0, 0, 0, 1, 0, 0, 1, 0, 17256, 1, 0, 0, 0, 0, 0, 0, 0, 0, 15, 0, 2, 1, 40, 0, 0, D-LinkHomeHub
0, 0, 0, 1, 0, 0, 1, 0, 17256, 1, 0, 0, 0, 0, 0, 0, 0, 0, 15, 0, 2, 1, 40, 0, 0, D-LinkHomeHub
0, 0, 0, 1, 0, 0, 1, 0, 62, 1, 0, 0, 0, 0, 0, 0, 0, 0, 15, 0, 1, 2, 1420, 1, 2.5559998483117004, D-LinkHomeHub
0, 0, 0, 1, 0, 0, 1, 0, 62, 1, 0, 0, 0, 0, 0, 0, 0, 0, 15, 0, 1, 2, 1420, 1, 1.0023447194794872, D-LinkHomeHub
0, 0, 0, 1, 0, 0, 1, 0, 62, 1, 0, 0, 0, 0, 0, 0, 0, 0, 15, 0, 1, 2, 1420, 1, 1.2085504375971936, D-LinkHomeHub
0, 0, 0, 1, 0, 0, 1, 0, 62, 1, 0, 0, 0, 0, 0, 0, 0, 0, 15, 0, 1, 2, 1420, 1, 1.1695617649719539, D-LinkHomeHub
0, 0, 0, 1, 0, 0, 1, 0, 62, 1, 0, 0, 0, 0, 0, 0, 0, 0, 15, 0, 1, 2, 1420, 1, 1.2387577226352153, D-LinkHomeHub
0, 0, 0, 1, 0, 0, 1, 0, 62, 1, 0, 0, 0, 0, 0, 0, 0, 0, 15, 0, 1, 2, 1420, 1, 1.4079132879955256, D-LinkHomeHub
0, 0, 0, 1, 0, 0, 1, 0, 62, 1, 0, 0, 0, 0, 0, 0, 0, 0, 15, 0, 1, 2, 1420, 1, 5.570193682853469, D-LinkHomeHub
0, 0, 0, 1, 0, 0, 1, 0, 62, 1, 0, 0, 0, 0, 0, 0, 0, 0, 15, 0, 1, 2, 1420, 1, 5.929736617570118, D-LinkHomeHub
0, 0, 0, 1, 0, 0, 1, 0, 62, 1, 0, 0, 0, 0, 0, 0, 0, 0, 15, 0, 1, 2, 1420, 1, 4.421712769774799, D-LinkHomeHub
0, 0, 0, 1, 0, 0, 1, 0, 62, 1, 0, 0, 0, 0, 0, 0, 0, 0, 15, 0, 1, 2, 1420, 1, 5.157818960416039, D-LinkHomeHub
0, 0, 0, 1, 0, 0, 1, 0, 17256, 1, 0, 0, 0, 0, 0, 0, 0, 0, 15, 0, 2, 1, 40, 0, 0, D-LinkHomeHub
0, 0, 0, 1, 0, 0, 1, 0, 17256, 1, 0, 0, 0, 0, 0, 0, 0, 0, 15, 0, 2, 1, 40, 0, 0, D-LinkHomeHub
0, 0, 0, 1, 0, 0, 1, 0, 62, 1, 0, 0, 0, 0, 0, 0, 0, 0, 15, 0, 1, 2, 1420, 1, 4.986743880478342, D-LinkHomeHub
0, 0, 0, 1, 0, 0, 1, 0, 62, 1, 0, 0, 0, 0, 0, 0, 0, 0, 15, 0, 1, 2, 1420, 1, 4.2197660598226605, D-LinkHomeHub
0, 0, 0, 1, 0, 0, 1, 0, 62, 1, 0, 0, 0, 0, 0, 0, 0, 0, 15, 0, 1, 2, 1004, 1, 2.3802985665494933, D-LinkHomeHub
0, 0, 0, 1, 0, 0, 1, 0, 17256, 1, 0, 0, 0, 0, 0, 0, 0, 0, 15, 0, 2, 1, 40, 0, 0, D-LinkHomeHub
0, 0, 0, 1, 0, 0, 1, 0, 17256, 1, 0, 0, 0, 0, 0, 0, 0, 0, 15, 0, 2, 1, 40, 0, 0, D-LinkHomeHub
0, 0, 0, 1, 0, 0, 1, 0, 17256, 1, 0, 0, 0, 0, 0, 0, 0, 0, 15, 0, 2, 1, 40, 0, 0, D-LinkHomeHub
0, 0, 0, 1, 0, 0, 1, 0, 17256, 1, 0, 0, 0, 0, 0, 0, 0, 0, 15, 0, 2, 1, 40, 0, 0, D-LinkHomeHub
0, 0, 0, 1, 0, 0, 1, 0, 17256, 1, 0, 0, 0, 0, 0, 0, 0, 0, 15, 0, 2, 1, 40, 0, 0, D-LinkHomeHub
0, 0, 0, 1, 0, 0, 1, 0, 17256, 1, 0, 0, 0, 0, 0, 0, 0, 0, 15, 0, 2, 1, 40, 0, 0, D-LinkHomeHub
0, 0, 0, 1, 0, 0, 1, 0, 62, 1, 0, 0, 0, 0, 0, 0, 0, 0, 15, 0, 1, 2, 40, 0, 0, D-LinkHomeHub
0, 0, 0, 1, 0, 0, 1, 0, 17256, 1, 0, 0, 0, 0, 0, 0, 0, 0, 15, 0, 2, 1, 40, 0, 0, D-LinkHomeHub
0, 0, 0, 1, 0, 0, 0, 1, 0, 0, 0, 0, 0, 0, 0, 1, 0, 0, 15, 0, 2, 2, 376, 0, 0, D-LinkHomeHub
0, 0, 0, 1, 0, 0, 0, 1, 0, 0, 0, 0, 0, 0, 0, 1, 0, 0, 15, 0, 2, 2, 83, 0, 0, D-LinkHomeHub
0, 0, 0, 1, 0, 0, 1, 0, 8440, 0, 1, 0, 0, 0, 0, 0, 0, 0, 15, 0, 2, 1, 40, 0, 0, D-LinkHomeHub
0, 0, 0, 1, 0, 0, 1, 0, 7060, 0, 1, 0, 0, 0, 0, 0, 0, 0, 15, 0, 2, 1, 40, 0, 0, D-LinkHomeHub
0, 0, 0, 1, 0, 0, 1, 0, 657, 0, 1, 0, 0, 0, 0, 0, 0, 0, 15, 0, 1, 2, 77, 1, 5.101345257520845, D-LinkHomeHub
0, 0, 0, 1, 0, 0, 1, 0, 657, 0, 1, 0, 0, 0, 0, 0, 0, 0, 15, 0, 1, 2, 40, 0, 0, D-LinkHomeHub
0, 0, 0, 1, 0, 0, 1, 0, 390, 0, 1, 0, 0, 0, 0, 0, 0, 0, 15, 0, 1, 2, 77, 1, 5.101345257520845, D-LinkHomeHub
0, 0, 0, 1, 0, 0, 1, 0, 390, 0, 1, 0, 0, 0, 0, 0, 0, 0, 15, 0, 1, 2, 40, 0, 0, D-LinkHomeHub
0, 0, 0, 1, 0, 0, 1, 0, 0, 0, 1, 0, 0, 0, 0, 0, 0, 0, 15, 0, 2, 1, 40, 0, 0, D-LinkHomeHub
0, 0, 0, 1, 0, 0, 1, 0, 0, 0, 1, 0, 0, 0, 0, 0, 0, 0, 15, 0, 2, 1, 40, 0, 0, D-LinkHomeHub
0, 0, 0, 1, 0, 0, 1, 0, 0, 0, 1, 0, 0, 0, 0, 0, 0, 0, 15, 0, 2, 1, 40, 0, 0, D-LinkHomeHub
0, 0, 0, 1, 0, 0, 1, 0, 0, 0, 1, 0, 0, 0, 0, 0, 0, 0, 15, 0, 2, 1, 40, 0, 0, D-LinkHomeHub
0, 0, 0, 1, 0, 0, 0, 1, 0, 0, 0, 0, 0, 0, 0, 1, 0, 0, 15, 0, 2, 2, 295, 0, 0, D-LinkHomeHub
0, 0, 0, 1, 0, 0, 0, 1, 0, 0, 0, 0, 0, 0, 0, 1, 0, 0, 15, 0, 2, 2, 376, 0, 0, D-LinkHomeHub
0, 0, 0, 1, 0, 0, 0, 1, 0, 0, 0, 0, 0, 0, 0, 1, 0, 0, 15, 0, 2, 2, 83, 0, 0, D-LinkHomeHub
0, 0, 0, 1, 0, 0, 0, 1, 0, 0, 0, 0, 0, 0, 1, 0, 0, 0, 15, 0, 2, 1, 63, 0, 0, D-LinkHomeHub
0, 0, 0, 1, 0, 0, 0, 1, 0, 0, 0, 0, 0, 0, 1, 0, 0, 0, 15, 0, 1, 2, 161, 0, 0, D-LinkHomeHub
0, 0, 0, 1, 0, 0, 1, 0, 5840, 0, 1, 0, 0, 0, 0, 0, 0, 0, 15, 0, 2, 1, 60, 0, 0, D-LinkHomeHub
0, 0, 0, 1, 0, 0, 1, 0, 17898, 0, 1, 0, 0, 0, 0, 0, 0, 0, 15, 0, 1, 2, 60, 0, 0, D-LinkHomeHub
0, 0, 0, 1, 0, 0, 1, 0, 2920, 0, 1, 0, 0, 0, 0, 0, 0, 0, 15, 0, 2, 1, 52, 0, 0, D-LinkHomeHub
0, 0, 0, 1, 0, 0, 1, 0, 2920, 0, 1, 0, 0, 0, 0, 0, 0, 0, 15, 0, 2, 1, 351, 1, 4.985811606091975, D-LinkHomeHub
0, 0, 0, 1, 0, 0, 1, 0, 75, 0, 1, 0, 0, 0, 0, 0, 0, 0, 15, 0, 1, 2, 52, 0, 0, D-LinkHomeHub
0, 0, 0, 1, 0, 0, 1, 0, 75, 0, 1, 0, 0, 0, 0, 0, 0, 0, 15, 0, 1, 2, 1420, 1, 7.164844504563511, D-LinkHomeHub
0, 0, 0, 1, 0, 0, 1, 0, 75, 0, 1, 0, 0, 0, 0, 0, 0, 0, 15, 0, 1, 2, 1420, 1, 7.246205454900595, D-LinkHomeHub
0, 0, 0, 1, 0, 0, 1, 0, 75, 0, 1, 0, 0, 0, 0, 0, 0, 0, 15, 0, 1, 2, 1135, 1, 7.678236295055498, D-LinkHomeHub
0, 0, 0, 1, 0, 0, 1, 0, 4288, 0, 1, 0, 0, 0, 0, 0, 0, 0, 15, 0, 2, 1, 52, 0, 0, D-LinkHomeHub
0, 0, 0, 1, 0, 0, 1, 0, 5656, 0, 1, 0, 0, 0, 0, 0, 0, 0, 15, 0, 2, 1, 52, 0, 0, D-LinkHomeHub
0, 0, 0, 1, 0, 0, 1, 0, 7024, 0, 1, 0, 0, 0, 0, 0, 0, 0, 15, 0, 2, 1, 52, 0, 0, D-LinkHomeHub
0, 0, 0, 1, 0, 0, 1, 0, 7024, 0, 1, 0, 0, 0, 0, 0, 0, 0, 15, 0, 2, 1, 178, 1, 6.283755495045523, D-LinkHomeHub
0, 0, 0, 1, 0, 0, 1, 0, 75, 0, 1, 0, 0, 0, 0, 0, 0, 0, 15, 0, 1, 2, 278, 1, 6.989516641667339, D-LinkHomeHub
0, 0, 0, 1, 0, 0, 1, 0, 7024, 0, 1, 0, 0, 0, 0, 0, 0, 0, 15, 0, 2, 1, 52, 0, 0, D-LinkHomeHub
0, 0, 0, 1, 0, 0, 1, 0, 7024, 0, 1, 0, 0, 0, 0, 0, 0, 0, 15, 0, 2, 1, 492, 1, 7.518115369469677, D-LinkHomeHub
0, 0, 0, 1, 0, 0, 1, 0, 79, 0, 1, 0, 0, 0, 0, 0, 0, 0, 15, 0, 1, 2, 52, 0, 0, D-LinkHomeHub
0, 0, 0, 1, 0, 0, 1, 0, 79, 0, 1, 0, 0, 0, 0, 0, 0, 0, 15, 0, 1, 2, 321, 1, 7.224055288149385, D-LinkHomeHub
0, 0, 0, 1, 0, 0, 1, 0, 79, 0, 1, 0, 0, 0, 0, 0, 0, 0, 15, 0, 1, 2, 83, 1, 4.825164052322361, D-LinkHomeHub
0, 0, 0, 1, 0, 0, 1, 0, 7024, 0, 1, 0, 0, 0, 0, 0, 0, 0, 15, 0, 2, 1, 52, 0, 0, D-LinkHomeHub
0, 0, 0, 1, 0, 0, 1, 0, 7024, 0, 1, 0, 0, 0, 0, 0, 0, 0, 15, 0, 2, 1, 52, 0, 0, D-LinkHomeHub
0, 0, 0, 1, 0, 0, 1, 0, 7024, 0, 1, 0, 0, 0, 0, 0, 0, 0, 15, 0, 2, 1, 52, 0, 0, D-LinkHomeHub
0, 0, 0, 1, 0, 0, 1, 0, 5840, 0, 1, 0, 0, 0, 0, 0, 0, 0, 15, 0, 2, 1, 60, 0, 0, D-LinkHomeHub
0, 0, 0, 1, 0, 0, 1, 0, 17898, 0, 1, 0, 0, 0, 0, 0, 0, 0, 15, 0, 1, 2, 60, 0, 0, D-LinkHomeHub
0, 0, 0, 1, 0, 0, 1, 0, 2920, 0, 1, 0, 0, 0, 0, 0, 0, 0, 15, 0, 2, 1, 52, 0, 0, D-LinkHomeHub
0, 0, 0, 1, 0, 0, 1, 0, 2920, 0, 1, 0, 0, 0, 0, 0, 0, 0, 15, 0, 2, 1, 543, 1, 6.417574650092151, D-LinkHomeHub
0, 0, 0, 1, 0, 0, 1, 0, 75, 0, 1, 0, 0, 0, 0, 0, 0, 0, 15, 0, 1, 2, 52, 0, 0, D-LinkHomeHub
0, 0, 0, 1, 0, 0, 1, 0, 75, 0, 1, 0, 0, 0, 0, 0, 0, 0, 15, 0, 1, 2, 189, 1, 6.154540251090581, D-LinkHomeHub
0, 0, 0, 1, 0, 0, 1, 0, 2920, 0, 1, 0, 0, 0, 0, 0, 0, 0, 15, 0, 2, 1, 52, 0, 0, D-LinkHomeHub
0, 0, 0, 1, 0, 0, 1, 0, 2920, 0, 1, 0, 0, 0, 0, 0, 0, 0, 15, 0, 2, 1, 103, 1, 5.358699851775421, D-LinkHomeHub
0, 0, 0, 1, 0, 0, 1, 0, 75, 0, 1, 0, 0, 0, 0, 0, 0, 0, 15, 0, 1, 2, 52, 0, 0, D-LinkHomeHub
0, 0, 0, 1, 0, 0, 1, 0, 2920, 0, 1, 0, 0, 0, 0, 0, 0, 0, 15, 0, 2, 1, 414, 1, 7.363859985390578, D-LinkHomeHub
0, 0, 0, 1, 0, 0, 1, 0, 79, 0, 1, 0, 0, 0, 0, 0, 0, 0, 15, 0, 1, 2, 52, 0, 0, D-LinkHomeHub
0, 0, 0, 1, 0, 0, 1, 0, 79, 0, 1, 0, 0, 0, 0, 0, 0, 0, 15, 0, 1, 2, 448, 1, 7.479964648150842, D-LinkHomeHub
0, 0, 0, 1, 0, 0, 1, 0, 79, 0, 1, 0, 0, 0, 0, 0, 0, 0, 15, 0, 1, 2, 83, 1, 4.696131794257844, D-LinkHomeHub
0, 0, 0, 1, 0, 0, 1, 0, 3456, 0, 1, 0, 0, 0, 0, 0, 0, 0, 15, 0, 2, 1, 52, 0, 0, D-LinkHomeHub
0, 0, 0, 1, 0, 0, 1, 0, 3456, 0, 1, 0, 0, 0, 0, 0, 0, 0, 15, 0, 2, 1, 52, 0, 0, D-LinkHomeHub
0, 0, 0, 1, 0, 0, 0, 1, 0, 0, 0, 0, 0, 0, 1, 0, 0, 0, 15, 0, 3, 1, 65, 0, 0, D-LinkHomeHub
0, 0, 0, 1, 0, 0, 0, 1, 0, 0, 0, 0, 0, 0, 1, 0, 0, 0, 15, 0, 1, 3, 282, 0, 0, D-LinkHomeHub
0, 0, 0, 1, 0, 0, 1, 0, 5840, 0, 1, 0, 0, 0, 0, 0, 0, 0, 16, 0, 2, 1, 60, 0, 0, D-LinkHomeHub
0, 0, 0, 1, 0, 0, 1, 0, 2048, 0, 1, 0, 0, 0, 0, 0, 0, 0, 16, 0, 1, 2, 52, 0, 0, D-LinkHomeHub
0, 0, 0, 1, 0, 0, 1, 0, 2920, 0, 1, 0, 0, 0, 0, 0, 0, 0, 16, 0, 2, 1, 40, 0, 0, D-LinkHomeHub
0, 0, 0, 1, 0, 0, 1, 0, 2920, 0, 1, 0, 0, 0, 0, 0, 0, 0, 16, 0, 2, 1, 339, 1, 4.950056871791034, D-LinkHomeHub
0, 0, 0, 1, 0, 0, 1, 0, 390, 0, 1, 0, 0, 0, 0, 0, 0, 0, 16, 0, 1, 2, 40, 0, 0, D-LinkHomeHub
0, 0, 0, 1, 0, 0, 1, 0, 390, 0, 1, 0, 0, 0, 0, 0, 0, 0, 16, 0, 1, 2, 98, 1, 4.926019826075672, D-LinkHomeHub
0, 0, 0, 1, 0, 0, 1, 0, 2920, 0, 1, 0, 0, 0, 0, 0, 0, 0, 16, 0, 2, 1, 40, 0, 0, D-LinkHomeHub
0, 0, 0, 1, 0, 0, 1, 0, 390, 0, 1, 0, 0, 0, 0, 0, 0, 0, 16, 0, 1, 2, 1420, 1, 7.214848183228593, D-LinkHomeHub
0, 0, 0, 1, 0, 0, 1, 0, 390, 0, 1, 0, 0, 0, 0, 0, 0, 0, 16, 0, 1, 2, 1420, 1, 7.1070261665549275, D-LinkHomeHub
0, 0, 0, 1, 0, 0, 1, 0, 390, 0, 1, 0, 0, 0, 0, 0, 0, 0, 16, 0, 1, 2, 686, 1, 7.530092497800246, D-LinkHomeHub
0, 0, 0, 1, 0, 0, 1, 0, 4300, 0, 1, 0, 0, 0, 0, 0, 0, 0, 16, 0, 2, 1, 40, 0, 0, D-LinkHomeHub
0, 0, 0, 1, 0, 0, 1, 0, 5680, 0, 1, 0, 0, 0, 0, 0, 0, 0, 16, 0, 2, 1, 40, 0, 0, D-LinkHomeHub
0, 0, 0, 1, 0, 0, 1, 0, 7060, 0, 1, 0, 0, 0, 0, 0, 0, 0, 16, 0, 2, 1, 40, 0, 0, D-LinkHomeHub
0, 0, 0, 1, 0, 0, 1, 0, 390, 0, 1, 0, 0, 0, 0, 0, 0, 0, 16, 0, 1, 2, 378, 1, 7.2484692395202694, D-LinkHomeHub
0, 0, 0, 1, 0, 0, 1, 0, 390, 0, 1, 0, 0, 0, 0, 0, 0, 0, 16, 0, 1, 2, 49, 1, 2.058813890331201, D-LinkHomeHub
0, 0, 0, 1, 0, 0, 1, 0, 7060, 0, 1, 0, 0, 0, 0, 0, 0, 0, 16, 0, 2, 1, 40, 0, 0, D-LinkHomeHub
0, 0, 0, 1, 0, 0, 1, 0, 7060, 0, 1, 0, 0, 0, 0, 0, 0, 0, 16, 0, 2, 1, 40, 0, 0, D-LinkHomeHub
0, 0, 0, 1, 0, 0, 1, 0, 7060, 0, 1, 0, 0, 0, 0, 0, 0, 0, 16, 0, 2, 1, 166, 1, 6.302726602391264, D-LinkHomeHub
0, 0, 0, 1, 0, 0, 1, 0, 390, 0, 1, 0, 0, 0, 0, 0, 0, 0, 16, 0, 1, 2, 159, 1, 6.350659044802368, D-LinkHomeHub
0, 0, 0, 1, 0, 0, 1, 0, 390, 0, 1, 0, 0, 0, 0, 0, 0, 0, 16, 0, 1, 2, 46, 1, 1.9182958340544896, D-LinkHomeHub
0, 0, 0, 1, 0, 0, 1, 0, 390, 0, 1, 0, 0, 0, 0, 0, 0, 0, 16, 0, 1, 2, 85, 1, 4.512880922885002, D-LinkHomeHub
0, 0, 0, 1, 0, 0, 1, 0, 7060, 0, 1, 0, 0, 0, 0, 0, 0, 0, 16, 0, 2, 1, 40, 0, 0, D-LinkHomeHub
0, 0, 0, 1, 0, 0, 1, 0, 390, 0, 1, 0, 0, 0, 0, 0, 0, 0, 16, 0, 1, 2, 85, 1, 4.512880922885002, D-LinkHomeHub
0, 0, 0, 1, 0, 0, 1, 0, 7060, 0, 1, 0, 0, 0, 0, 0, 0, 0, 16, 0, 2, 1, 52, 0, 0, D-LinkHomeHub
0, 0, 0, 1, 0, 0, 1, 0, 3456, 0, 1, 0, 0, 0, 0, 0, 0, 0, 16, 0, 2, 1, 52, 0, 0, D-LinkHomeHub
0, 0, 0, 1, 0, 0, 1, 0, 7060, 0, 1, 0, 0, 0, 0, 0, 0, 0, 16, 0, 2, 1, 202, 1, 6.648250620061726, D-LinkHomeHub
0, 0, 0, 1, 0, 0, 1, 0, 390, 0, 1, 0, 0, 0, 0, 0, 0, 0, 16, 0, 1, 2, 40, 0, 0, D-LinkHomeHub
0, 0, 0, 1, 0, 0, 1, 0, 7151, 1, 0, 0, 0, 0, 0, 0, 0, 0, 16, 0, 1, 2, 52, 0, 0, D-LinkHomeHub
0, 0, 0, 1, 0, 0, 1, 0, 843, 1, 0, 0, 0, 0, 0, 0, 0, 0, 16, 0, 2, 1, 52, 0, 0, D-LinkHomeHub
0, 0, 0, 1, 0, 0, 1, 0, 390, 0, 1, 0, 0, 0, 0, 0, 0, 0, 16, 0, 1, 2, 40, 0, 0, D-LinkHomeHub
0, 0, 0, 1, 0, 0, 1, 0, 7060, 0, 1, 0, 0, 0, 0, 0, 0, 0, 16, 0, 2, 1, 40, 0, 0, D-LinkHomeHub
0, 0, 0, 1, 0, 0, 1, 0, 390, 0, 1, 0, 0, 0, 0, 0, 0, 0, 16, 0, 1, 2, 40, 0, 0, D-LinkHomeHub
0, 0, 0, 1, 0, 0, 1, 0, 7060, 0, 1, 0, 0, 0, 0, 0, 0, 0, 16, 0, 2, 1, 40, 0, 0, D-LinkHomeHub
0, 0, 0, 1, 0, 0, 1, 0, 7060, 0, 1, 0, 0, 0, 0, 0, 0, 0, 16, 0, 2, 1, 40, 0, 0, D-LinkHomeHub
0, 0, 0, 1, 0, 0, 1, 0, 390, 0, 1, 0, 0, 0, 0, 0, 0, 0, 16, 0, 1, 2, 40, 0, 0, D-LinkHomeHub
1, 0, 0, 0, 0, 0, 0, 0, 0, 0, 0, 0, 0, 0, 0, 0, 0, 0, 16, 0, 0, 0, 0, 0, 0, D-LinkHomeHub
1, 0, 0, 0, 0, 0, 0, 0, 0, 0, 0, 0, 0, 0, 0, 0, 0, 0, 16, 0, 0, 0, 0, 0, 0, D-LinkHomeHub
0, 0, 0, 1, 0, 0, 1, 0, 390, 0, 1, 0, 0, 0, 0, 0, 0, 0, 16, 0, 1, 2, 40, 0, 0, D-LinkHomeHub
0, 0, 0, 1, 0, 0, 1, 0, 7060, 0, 1, 0, 0, 0, 0, 0, 0, 0, 16, 0, 2, 1, 40, 0, 0, D-LinkHomeHub
0, 0, 0, 1, 0, 0, 1, 0, 390, 0, 1, 0, 0, 0, 0, 0, 0, 0, 16, 0, 1, 2, 40, 0, 0, D-LinkHomeHub
0, 0, 0, 1, 0, 0, 1, 0, 7060, 0, 1, 0, 0, 0, 0, 0, 0, 0, 16, 0, 2, 1, 40, 0, 0, D-LinkHomeHub
0, 0, 0, 1, 0, 0, 1, 0, 7060, 0, 1, 0, 0, 0, 0, 0, 0, 0, 16, 0, 2, 1, 40, 0, 0, D-LinkHomeHub
0, 0, 0, 1, 0, 0, 1, 0, 390, 0, 1, 0, 0, 0, 0, 0, 0, 0, 16, 0, 1, 2, 40, 0, 0, D-LinkHomeHub
1, 0, 0, 0, 0, 0, 0, 0, 0, 0, 0, 0, 0, 0, 0, 0, 0, 0, 16, 0, 0, 0, 0, 0, 0, D-LinkHomeHub
1, 0, 0, 0, 0, 0, 0, 0, 0, 0, 0, 0, 0, 0, 0, 0, 0, 0, 16, 0, 0, 0, 0, 0, 0, D-LinkHomeHub
0, 0, 0, 1, 0, 0, 1, 0, 390, 0, 1, 0, 0, 0, 0, 0, 0, 0, 16, 0, 1, 2, 40, 0, 0, D-LinkHomeHub
0, 0, 0, 1, 0, 0, 1, 0, 7060, 0, 1, 0, 0, 0, 0, 0, 0, 0, 16, 0, 2, 1, 40, 0, 0, D-LinkHomeHub
0, 0, 0, 1, 0, 0, 1, 0, 7060, 0, 1, 0, 0, 0, 0, 0, 0, 0, 16, 0, 2, 1, 40, 0, 0, D-LinkHomeHub
0, 0, 0, 1, 0, 0, 1, 0, 390, 0, 1, 0, 0, 0, 0, 0, 0, 0, 16, 0, 1, 2, 40, 0, 0, D-LinkHomeHub
0, 0, 0, 1, 0, 0, 1, 0, 7060, 0, 1, 0, 0, 0, 0, 0, 0, 0, 16, 0, 2, 1, 40, 0, 0, D-LinkHomeHub
0, 0, 0, 1, 0, 0, 1, 0, 390, 0, 1, 0, 0, 0, 0, 0, 0, 0, 16, 0, 1, 2, 40, 0, 0, D-LinkHomeHub
