0, 0, 1, 0, 0, 0, 0, 0, 0, 0, 0, 0, 0, 0, 0, 0, 0, 0, 0, 0, 0, 0, 117, 1, 4.141200403621867, D-LinkWaterSensor
0, 0, 1, 0, 0, 0, 0, 0, 0, 0, 0, 0, 0, 0, 0, 0, 0, 0, 0, 0, 0, 0, 95, 1, 1.610261905307884, D-LinkWaterSensor
0, 0, 0, 0, 0, 0, 0, 0, 0, 0, 0, 0, 0, 0, 0, 0, 0, 0, 0, 0, 0, 0, 1, 0, 0, D-LinkWaterSensor
0, 0, 0, 0, 0, 0, 0, 0, 0, 0, 0, 0, 0, 0, 0, 0, 0, 0, 0, 0, 0, 0, 1, 0, 0, D-LinkWaterSensor
0, 0, 0, 0, 0, 0, 0, 0, 0, 0, 0, 0, 0, 0, 0, 0, 0, 0, 0, 0, 0, 0, 1, 0, 0, D-LinkWaterSensor
0, 0, 0, 1, 0, 0, 0, 0, 0, 0, 0, 0, 0, 0, 0, 0, 0, 0, 1, 0, 0, 0, 40, 1, 2.216917186688699, D-LinkWaterSensor
0, 0, 0, 1, 0, 0, 0, 0, 0, 0, 0, 0, 0, 0, 0, 0, 0, 0, 1, 0, 0, 0, 40, 1, 2.216917186688699, D-LinkWaterSensor
0, 0, 0, 1, 0, 0, 0, 1, 0, 0, 0, 0, 0, 0, 0, 1, 0, 0, 2, 0, 2, 2, 627, 0, 0, D-LinkWaterSensor
0, 0, 0, 1, 0, 0, 0, 1, 0, 0, 0, 0, 0, 0, 0, 1, 0, 0, 2, 0, 2, 2, 200, 0, 0, D-LinkWaterSensor
0, 0, 0, 1, 0, 0, 0, 1, 0, 0, 0, 0, 0, 0, 0, 1, 0, 0, 2, 0, 2, 2, 128, 0, 0, D-LinkWaterSensor
0, 0, 0, 1, 0, 0, 0, 1, 0, 0, 0, 0, 0, 0, 0, 1, 0, 0, 2, 0, 2, 2, 145, 0, 0, D-LinkWaterSensor
0, 0, 0, 1, 0, 0, 0, 0, 0, 0, 0, 0, 0, 0, 0, 0, 0, 0, 2, 0, 0, 0, 40, 1, 2.216917186688699, D-LinkWaterSensor
1, 0, 0, 0, 0, 0, 0, 0, 0, 0, 0, 0, 0, 0, 0, 0, 0, 0, 2, 0, 0, 0, 0, 0, 0, D-LinkWaterSensor
1, 0, 0, 0, 0, 0, 0, 0, 0, 0, 0, 0, 0, 0, 0, 0, 0, 0, 2, 0, 0, 0, 0, 0, 0, D-LinkWaterSensor
0, 0, 0, 1, 0, 0, 0, 0, 0, 0, 0, 0, 0, 0, 0, 0, 0, 0, 2, 0, 0, 0, 40, 1, 2.216917186688699, D-LinkWaterSensor
0, 1, 0, 0, 0, 0, 0, 0, 0, 0, 0, 0, 0, 0, 0, 0, 0, 0, 2, 0, 0, 0, 6, 1, 1.584962500721156, D-LinkWaterSensor
0, 0, 1, 0, 0, 0, 0, 0, 0, 0, 0, 0, 0, 0, 0, 0, 0, 0, 2, 0, 0, 0, 117, 1, 4.100718737167083, D-LinkWaterSensor
0, 0, 1, 0, 0, 0, 0, 0, 0, 0, 0, 0, 0, 0, 0, 0, 0, 0, 2, 0, 0, 0, 95, 1, 1.6313145368868314, D-LinkWaterSensor
0, 0, 0, 1, 0, 0, 0, 1, 0, 0, 0, 0, 0, 0, 0, 1, 0, 0, 2, 0, 2, 2, 185, 0, 0, D-LinkWaterSensor
0, 0, 0, 1, 0, 0, 0, 1, 0, 0, 0, 0, 0, 0, 0, 1, 0, 0, 2, 0, 2, 2, 170, 0, 0, D-LinkWaterSensor
1, 0, 0, 0, 0, 0, 0, 0, 0, 0, 0, 0, 0, 0, 0, 0, 0, 0, 2, 0, 0, 0, 0, 0, 0, D-LinkWaterSensor
0, 0, 0, 1, 0, 0, 0, 1, 0, 0, 0, 0, 0, 0, 0, 1, 0, 0, 2, 0, 2, 2, 469, 0, 0, D-LinkWaterSensor
0, 0, 0, 1, 0, 0, 0, 0, 0, 0, 0, 0, 0, 0, 0, 0, 0, 0, 2, 0, 0, 0, 40, 1, 2.216917186688699, D-LinkWaterSensor
1, 0, 0, 0, 0, 0, 0, 0, 0, 0, 0, 0, 0, 0, 0, 0, 0, 0, 2, 0, 0, 0, 0, 0, 0, D-LinkWaterSensor
1, 0, 0, 0, 0, 0, 0, 0, 0, 0, 0, 0, 0, 0, 0, 0, 0, 0, 2, 0, 0, 0, 0, 0, 0, D-LinkWaterSensor
0, 0, 0, 1, 0, 0, 0, 1, 0, 0, 0, 1, 1, 0, 0, 0, 0, 0, 3, 0, 1, 1, 337, 0, 0, D-LinkWaterSensor
0, 0, 0, 1, 0, 0, 0, 1, 0, 0, 0, 1, 1, 0, 0, 0, 0, 0, 3, 0, 1, 1, 349, 0, 0, D-LinkWaterSensor
0, 0, 0, 1, 0, 0, 0, 0, 0, 0, 0, 0, 0, 0, 0, 0, 0, 0, 3, 0, 0, 0, 40, 1, 2.216917186688699, D-LinkWaterSensor
0, 0, 0, 1, 0, 0, 0, 1, 0, 0, 0, 0, 0, 0, 0, 1, 0, 0, 3, 0, 2, 2, 626, 0, 0, D-LinkWaterSensor
0, 0, 0, 1, 0, 0, 0, 1, 0, 0, 0, 0, 0, 0, 0, 1, 0, 0, 3, 0, 2, 2, 200, 0, 0, D-LinkWaterSensor
0, 0, 0, 1, 0, 0, 0, 1, 0, 0, 0, 0, 0, 0, 0, 1, 0, 0, 3, 0, 2, 2, 626, 0, 0, D-LinkWaterSensor
0, 0, 0, 1, 0, 0, 0, 1, 0, 0, 0, 0, 0, 0, 0, 1, 0, 0, 3, 0, 2, 2, 626, 0, 0, D-LinkWaterSensor
0, 0, 0, 1, 0, 0, 0, 1, 0, 0, 0, 0, 0, 0, 0, 1, 0, 0, 3, 0, 2, 2, 590, 0, 0, D-LinkWaterSensor
1, 0, 0, 0, 0, 0, 0, 0, 0, 0, 0, 0, 0, 0, 0, 0, 0, 0, 3, 0, 0, 0, 0, 0, 0, D-LinkWaterSensor
1, 0, 0, 0, 0, 0, 0, 0, 0, 0, 0, 0, 0, 0, 0, 0, 0, 0, 3, 0, 0, 0, 0, 0, 0, D-LinkWaterSensor
0, 0, 0, 1, 0, 0, 0, 1, 0, 0, 0, 0, 0, 0, 1, 0, 0, 0, 4, 0, 2, 1, 60, 0, 0, D-LinkWaterSensor
0, 0, 0, 1, 0, 0, 0, 1, 0, 0, 0, 0, 0, 0, 1, 0, 0, 0, 5, 0, 1, 2, 381, 0, 0, D-LinkWaterSensor
0, 0, 0, 1, 0, 0, 0, 1, 0, 0, 0, 0, 0, 0, 1, 0, 0, 0, 5, 0, 2, 1, 99, 0, 0, D-LinkWaterSensor
0, 0, 0, 1, 0, 0, 0, 1, 0, 0, 0, 0, 0, 0, 1, 0, 0, 0, 5, 0, 1, 2, 155, 0, 0, D-LinkWaterSensor
0, 0, 0, 1, 0, 0, 0, 1, 0, 0, 0, 0, 0, 0, 1, 0, 0, 0, 5, 0, 3, 1, 60, 0, 0, D-LinkWaterSensor
0, 0, 0, 1, 0, 0, 0, 1, 0, 0, 0, 0, 0, 0, 1, 0, 0, 0, 5, 0, 1, 3, 357, 0, 0, D-LinkWaterSensor
0, 0, 0, 1, 0, 0, 1, 0, 5840, 1, 0, 0, 0, 0, 0, 0, 0, 0, 6, 0, 3, 1, 60, 0, 0, D-LinkWaterSensor
0, 0, 0, 1, 0, 0, 1, 0, 14480, 1, 0, 0, 0, 0, 0, 0, 0, 0, 6, 0, 1, 3, 60, 0, 0, D-LinkWaterSensor
0, 0, 0, 1, 0, 0, 1, 0, 2920, 1, 0, 0, 0, 0, 0, 0, 0, 0, 6, 0, 3, 1, 52, 0, 0, D-LinkWaterSensor
0, 0, 0, 1, 0, 0, 1, 0, 2920, 1, 0, 0, 0, 0, 0, 0, 0, 0, 6, 0, 3, 1, 189, 1, 5.378600378654104, D-LinkWaterSensor
0, 0, 0, 1, 0, 0, 0, 1, 0, 0, 0, 0, 0, 0, 0, 1, 0, 0, 6, 0, 2, 2, 469, 0, 0, D-LinkWaterSensor
0, 0, 0, 1, 0, 0, 0, 0, 0, 0, 0, 0, 0, 0, 0, 0, 0, 0, 6, 0, 0, 0, 40, 1, 2.216917186688699, D-LinkWaterSensor
0, 0, 0, 1, 0, 0, 1, 0, 61, 1, 0, 0, 0, 0, 0, 0, 0, 0, 6, 0, 1, 3, 52, 0, 0, D-LinkWaterSensor
0, 0, 0, 1, 0, 0, 1, 0, 61, 1, 0, 0, 0, 0, 0, 0, 0, 0, 6, 0, 1, 3, 253, 1, 5.255663842644918, D-LinkWaterSensor
0, 0, 0, 1, 0, 0, 1, 0, 2920, 1, 0, 0, 0, 0, 0, 0, 0, 0, 6, 0, 3, 1, 52, 0, 0, D-LinkWaterSensor
0, 0, 0, 1, 0, 0, 0, 1, 0, 0, 0, 0, 0, 0, 0, 1, 0, 0, 6, 0, 2, 2, 590, 0, 0, D-LinkWaterSensor
0, 0, 0, 1, 0, 0, 0, 1, 0, 0, 0, 0, 0, 0, 1, 0, 0, 0, 6, 0, 3, 1, 60, 0, 0, D-LinkWaterSensor
0, 0, 0, 1, 0, 0, 0, 1, 0, 0, 0, 0, 0, 0, 1, 0, 0, 0, 6, 0, 1, 3, 92, 0, 0, D-LinkWaterSensor
0, 0, 0, 1, 0, 0, 0, 1, 0, 0, 0, 0, 0, 0, 0, 0, 1, 0, 7, 0, 2, 1, 76, 0, 0, D-LinkWaterSensor
0, 0, 0, 1, 0, 0, 0, 1, 0, 0, 0, 0, 0, 0, 0, 0, 1, 0, 7, 0, 1, 2, 76, 0, 0, D-LinkWaterSensor
0, 0, 0, 1, 0, 0, 1, 0, 2920, 1, 0, 0, 0, 0, 0, 0, 0, 0, 7, 0, 3, 1, 52, 0, 0, D-LinkWaterSensor
0, 0, 0, 1, 0, 0, 1, 0, 61, 1, 0, 0, 0, 0, 0, 0, 0, 0, 7, 0, 1, 3, 52, 0, 0, D-LinkWaterSensor
0, 0, 0, 1, 0, 0, 1, 0, 2920, 1, 0, 0, 0, 0, 0, 0, 0, 0, 7, 0, 3, 1, 52, 0, 0, D-LinkWaterSensor
0, 0, 0, 1, 0, 0, 0, 1, 0, 0, 0, 0, 0, 0, 0, 1, 0, 0, 7, 0, 2, 2, 669, 0, 0, D-LinkWaterSensor
0, 0, 0, 1, 0, 0, 0, 1, 0, 0, 0, 0, 0, 0, 0, 1, 0, 0, 7, 0, 2, 2, 364, 0, 0, D-LinkWaterSensor
0, 0, 0, 1, 0, 0, 0, 1, 0, 0, 0, 0, 0, 0, 0, 1, 0, 0, 7, 0, 2, 2, 182, 0, 0, D-LinkWaterSensor
0, 0, 0, 1, 0, 0, 0, 1, 0, 0, 0, 0, 0, 0, 0, 1, 0, 0, 7, 0, 2, 2, 293, 0, 0, D-LinkWaterSensor
0, 0, 0, 1, 0, 0, 0, 0, 0, 0, 0, 0, 0, 0, 0, 0, 0, 0, 7, 0, 0, 0, 40, 1, 2.216917186688699, D-LinkWaterSensor
0, 0, 0, 1, 0, 0, 0, 0, 0, 0, 0, 0, 0, 0, 0, 0, 0, 0, 7, 0, 0, 0, 40, 1, 2.216917186688699, D-LinkWaterSensor
0, 0, 0, 1, 0, 0, 0, 1, 0, 0, 0, 0, 0, 0, 0, 1, 0, 0, 7, 0, 2, 2, 63, 0, 0, D-LinkWaterSensor
0, 0, 0, 1, 0, 0, 0, 0, 0, 0, 0, 0, 0, 0, 0, 0, 0, 0, 7, 0, 0, 0, 40, 1, 2.216917186688699, D-LinkWaterSensor
0, 0, 0, 1, 0, 0, 0, 1, 0, 0, 0, 0, 0, 0, 0, 1, 0, 0, 7, 0, 2, 2, 317, 0, 0, D-LinkWaterSensor
0, 0, 0, 1, 0, 0, 0, 1, 0, 0, 0, 0, 0, 0, 0, 1, 0, 0, 7, 0, 2, 2, 317, 0, 0, D-LinkWaterSensor
0, 0, 0, 1, 0, 0, 0, 1, 0, 0, 0, 0, 0, 0, 0, 1, 0, 0, 7, 0, 2, 2, 317, 0, 0, D-LinkWaterSensor
0, 0, 0, 1, 0, 0, 0, 1, 0, 0, 0, 0, 0, 0, 0, 1, 0, 0, 7, 0, 2, 2, 293, 0, 0, D-LinkWaterSensor
1, 0, 0, 0, 0, 0, 0, 0, 0, 0, 0, 0, 0, 0, 0, 0, 0, 0, 7, 0, 0, 0, 0, 0, 0, D-LinkWaterSensor
1, 0, 0, 0, 0, 0, 0, 0, 0, 0, 0, 0, 0, 0, 0, 0, 0, 0, 7, 0, 0, 0, 0, 0, 0, D-LinkWaterSensor
0, 0, 0, 1, 0, 0, 0, 1, 0, 0, 0, 0, 0, 0, 0, 1, 0, 0, 7, 0, 2, 2, 359, 0, 0, D-LinkWaterSensor
0, 0, 0, 1, 0, 0, 0, 1, 0, 0, 0, 0, 0, 0, 0, 1, 0, 0, 7, 0, 2, 2, 359, 0, 0, D-LinkWaterSensor
0, 0, 0, 1, 0, 0, 0, 1, 0, 0, 0, 0, 0, 0, 0, 1, 0, 0, 7, 0, 2, 2, 359, 0, 0, D-LinkWaterSensor
0, 0, 0, 1, 0, 0, 0, 1, 0, 0, 0, 0, 0, 0, 0, 1, 0, 0, 7, 0, 2, 2, 470, 0, 0, D-LinkWaterSensor
0, 0, 0, 1, 0, 0, 0, 1, 0, 0, 0, 0, 0, 0, 0, 1, 0, 0, 7, 0, 2, 2, 83, 0, 0, D-LinkWaterSensor
0, 0, 0, 1, 0, 0, 0, 1, 0, 0, 0, 0, 0, 0, 0, 1, 0, 0, 7, 0, 2, 2, 233, 0, 0, D-LinkWaterSensor
0, 0, 0, 1, 0, 0, 0, 1, 0, 0, 0, 0, 0, 0, 0, 1, 0, 0, 7, 0, 2, 2, 69, 0, 0, D-LinkWaterSensor
0, 0, 0, 1, 0, 0, 0, 1, 0, 0, 0, 0, 0, 0, 0, 1, 0, 0, 7, 0, 2, 2, 470, 0, 0, D-LinkWaterSensor
0, 0, 0, 1, 0, 0, 0, 1, 0, 0, 0, 0, 0, 0, 0, 1, 0, 0, 7, 0, 2, 2, 83, 0, 0, D-LinkWaterSensor
0, 0, 0, 1, 0, 0, 0, 1, 0, 0, 0, 0, 0, 0, 0, 1, 0, 0, 7, 0, 2, 2, 277, 0, 0, D-LinkWaterSensor
0, 0, 0, 1, 0, 0, 0, 1, 0, 0, 0, 0, 0, 0, 0, 1, 0, 0, 7, 0, 2, 2, 69, 0, 0, D-LinkWaterSensor
0, 0, 0, 1, 0, 0, 0, 1, 0, 0, 0, 0, 0, 0, 0, 1, 0, 0, 7, 0, 2, 2, 470, 0, 0, D-LinkWaterSensor
0, 0, 0, 1, 0, 0, 0, 1, 0, 0, 0, 0, 0, 0, 0, 1, 0, 0, 7, 0, 2, 2, 83, 0, 0, D-LinkWaterSensor
0, 0, 0, 1, 0, 0, 0, 0, 0, 0, 0, 0, 0, 0, 0, 0, 0, 0, 7, 0, 0, 0, 40, 1, 2.216917186688699, D-LinkWaterSensor
0, 0, 0, 1, 0, 0, 0, 1, 0, 0, 0, 0, 0, 0, 0, 1, 0, 0, 7, 0, 2, 2, 365, 0, 0, D-LinkWaterSensor
0, 0, 0, 1, 0, 0, 0, 1, 0, 0, 0, 0, 0, 0, 0, 1, 0, 0, 7, 0, 2, 2, 83, 0, 0, D-LinkWaterSensor
0, 0, 0, 1, 0, 0, 0, 1, 0, 0, 0, 0, 0, 0, 0, 1, 0, 0, 7, 0, 2, 2, 182, 0, 0, D-LinkWaterSensor
0, 0, 0, 1, 0, 0, 0, 1, 0, 0, 0, 0, 0, 0, 0, 1, 0, 0, 7, 0, 2, 2, 293, 0, 0, D-LinkWaterSensor
0, 0, 0, 1, 0, 0, 0, 1, 0, 0, 0, 0, 0, 0, 1, 0, 0, 0, 7, 0, 3, 1, 63, 0, 0, D-LinkWaterSensor
0, 0, 0, 1, 0, 0, 0, 1, 0, 0, 0, 0, 0, 0, 1, 0, 0, 0, 7, 0, 1, 3, 359, 0, 0, D-LinkWaterSensor
0, 0, 0, 1, 0, 0, 1, 0, 5840, 0, 1, 0, 0, 0, 0, 0, 0, 0, 8, 0, 3, 1, 60, 0, 0, D-LinkWaterSensor
0, 0, 0, 1, 0, 0, 1, 0, 17898, 0, 1, 0, 0, 0, 0, 0, 0, 0, 8, 0, 1, 3, 60, 0, 0, D-LinkWaterSensor
0, 0, 0, 1, 0, 0, 1, 0, 2920, 0, 1, 0, 0, 0, 0, 0, 0, 0, 8, 0, 3, 1, 52, 0, 0, D-LinkWaterSensor
0, 0, 0, 1, 0, 0, 1, 0, 2920, 0, 1, 0, 0, 0, 0, 0, 0, 0, 8, 0, 3, 1, 259, 1, 4.727622838164742, D-LinkWaterSensor
0, 0, 0, 1, 0, 0, 1, 0, 75, 0, 1, 0, 0, 0, 0, 0, 0, 0, 8, 0, 1, 3, 52, 0, 0, D-LinkWaterSensor
0, 0, 0, 1, 0, 0, 1, 0, 75, 0, 1, 0, 0, 0, 0, 0, 0, 0, 8, 0, 1, 3, 1420, 1, 7.159793314215204, D-LinkWaterSensor
0, 0, 0, 1, 0, 0, 1, 0, 75, 0, 1, 0, 0, 0, 0, 0, 0, 0, 8, 0, 1, 3, 1420, 1, 7.246205454900595, D-LinkWaterSensor
0, 0, 0, 1, 0, 0, 1, 0, 75, 0, 1, 0, 0, 0, 0, 0, 0, 0, 8, 0, 1, 3, 1133, 1, 7.661434219363851, D-LinkWaterSensor
0, 0, 0, 1, 0, 0, 1, 0, 4288, 0, 1, 0, 0, 0, 0, 0, 0, 0, 8, 0, 3, 1, 52, 0, 0, D-LinkWaterSensor
0, 0, 0, 1, 0, 0, 1, 0, 5656, 0, 1, 0, 0, 0, 0, 0, 0, 0, 8, 0, 3, 1, 52, 0, 0, D-LinkWaterSensor
0, 0, 0, 1, 0, 0, 1, 0, 7024, 0, 1, 0, 0, 0, 0, 0, 0, 0, 8, 0, 3, 1, 52, 0, 0, D-LinkWaterSensor
0, 0, 0, 1, 0, 0, 1, 0, 7024, 0, 1, 0, 0, 0, 0, 0, 0, 0, 8, 0, 3, 1, 186, 1, 6.457687791686654, D-LinkWaterSensor
0, 0, 0, 1, 0, 0, 1, 0, 79, 0, 1, 0, 0, 0, 0, 0, 0, 0, 8, 0, 1, 3, 286, 1, 7.0050460358603885, D-LinkWaterSensor
0, 0, 0, 1, 0, 0, 1, 0, 7024, 0, 1, 0, 0, 0, 0, 0, 0, 0, 8, 0, 3, 1, 52, 0, 0, D-LinkWaterSensor
0, 0, 0, 1, 0, 0, 1, 0, 7024, 0, 1, 0, 0, 0, 0, 0, 0, 0, 8, 0, 3, 1, 558, 1, 7.5106715111449525, D-LinkWaterSensor
0, 0, 0, 1, 0, 0, 1, 0, 83, 0, 1, 0, 0, 0, 0, 0, 0, 0, 8, 0, 1, 3, 52, 0, 0, D-LinkWaterSensor
0, 0, 0, 1, 0, 0, 1, 0, 83, 0, 1, 0, 0, 0, 0, 0, 0, 0, 8, 0, 1, 3, 601, 1, 7.621346232673086, D-LinkWaterSensor
0, 0, 0, 1, 0, 0, 1, 0, 83, 0, 1, 0, 0, 0, 0, 0, 0, 0, 8, 0, 1, 3, 89, 1, 4.918780730435345, D-LinkWaterSensor
0, 0, 0, 1, 0, 0, 1, 0, 7024, 0, 1, 0, 0, 0, 0, 0, 0, 0, 8, 0, 3, 1, 52, 0, 0, D-LinkWaterSensor
0, 0, 0, 1, 0, 0, 1, 0, 7024, 0, 1, 0, 0, 0, 0, 0, 0, 0, 8, 0, 3, 1, 52, 0, 0, D-LinkWaterSensor
0, 0, 0, 1, 0, 0, 1, 0, 7024, 0, 1, 0, 0, 0, 0, 0, 0, 0, 8, 0, 3, 1, 52, 0, 0, D-LinkWaterSensor
0, 0, 0, 1, 0, 0, 1, 0, 5840, 0, 1, 0, 0, 0, 0, 0, 0, 0, 8, 0, 3, 1, 60, 0, 0, D-LinkWaterSensor
0, 0, 0, 1, 0, 0, 1, 0, 17898, 0, 1, 0, 0, 0, 0, 0, 0, 0, 8, 0, 1, 3, 60, 0, 0, D-LinkWaterSensor
0, 0, 0, 1, 0, 0, 1, 0, 2920, 0, 1, 0, 0, 0, 0, 0, 0, 0, 8, 0, 3, 1, 52, 0, 0, D-LinkWaterSensor
0, 0, 0, 1, 0, 0, 1, 0, 2920, 0, 1, 0, 0, 0, 0, 0, 0, 0, 8, 0, 3, 1, 259, 1, 4.766749535824992, D-LinkWaterSensor
0, 0, 0, 1, 0, 0, 1, 0, 75, 0, 1, 0, 0, 0, 0, 0, 0, 0, 8, 0, 1, 3, 52, 0, 0, D-LinkWaterSensor
0, 0, 0, 1, 0, 0, 1, 0, 75, 0, 1, 0, 0, 0, 0, 0, 0, 0, 8, 0, 1, 3, 1420, 1, 7.155183077268282, D-LinkWaterSensor
0, 0, 0, 1, 0, 0, 1, 0, 75, 0, 1, 0, 0, 0, 0, 0, 0, 0, 8, 0, 1, 3, 1420, 1, 7.246205454900595, D-LinkWaterSensor
0, 0, 0, 1, 0, 0, 1, 0, 75, 0, 1, 0, 0, 0, 0, 0, 0, 0, 8, 0, 1, 3, 1133, 1, 7.663371252229014, D-LinkWaterSensor
0, 0, 0, 1, 0, 0, 1, 0, 4288, 0, 1, 0, 0, 0, 0, 0, 0, 0, 8, 0, 3, 1, 52, 0, 0, D-LinkWaterSensor
0, 0, 0, 1, 0, 0, 1, 0, 5656, 0, 1, 0, 0, 0, 0, 0, 0, 0, 8, 0, 3, 1, 52, 0, 0, D-LinkWaterSensor
0, 0, 0, 1, 0, 0, 1, 0, 7024, 0, 1, 0, 0, 0, 0, 0, 0, 0, 8, 0, 3, 1, 52, 0, 0, D-LinkWaterSensor
0, 0, 0, 1, 0, 0, 1, 0, 7024, 0, 1, 0, 0, 0, 0, 0, 0, 0, 8, 0, 3, 1, 186, 1, 6.502776179596851, D-LinkWaterSensor
0, 0, 0, 1, 0, 0, 1, 0, 79, 0, 1, 0, 0, 0, 0, 0, 0, 0, 8, 0, 1, 3, 286, 1, 6.950716790039033, D-LinkWaterSensor
0, 0, 0, 1, 0, 0, 1, 0, 7024, 0, 1, 0, 0, 0, 0, 0, 0, 0, 8, 0, 3, 1, 52, 0, 0, D-LinkWaterSensor
0, 0, 0, 1, 0, 0, 1, 0, 7024, 0, 1, 0, 0, 0, 0, 0, 0, 0, 8, 0, 3, 1, 574, 1, 7.630201113629211, D-LinkWaterSensor
0, 0, 0, 1, 0, 0, 1, 0, 83, 0, 1, 0, 0, 0, 0, 0, 0, 0, 8, 0, 1, 3, 52, 0, 0, D-LinkWaterSensor
0, 0, 0, 1, 0, 0, 1, 0, 7024, 0, 1, 0, 0, 0, 0, 0, 0, 0, 8, 0, 3, 1, 782, 1, 7.725725989649897, D-LinkWaterSensor
0, 0, 0, 1, 0, 0, 1, 0, 89, 0, 1, 0, 0, 0, 0, 0, 0, 0, 8, 0, 1, 3, 52, 0, 0, D-LinkWaterSensor
0, 0, 0, 1, 0, 0, 0, 1, 0, 0, 0, 0, 0, 0, 0, 1, 0, 0, 8, 0, 2, 2, 317, 0, 0, D-LinkWaterSensor
0, 0, 0, 1, 0, 0, 1, 0, 5840, 0, 1, 0, 0, 0, 0, 0, 0, 0, 8, 0, 3, 1, 60, 0, 0, D-LinkWaterSensor
0, 0, 0, 1, 0, 0, 1, 0, 17898, 0, 1, 0, 0, 0, 0, 0, 0, 0, 8, 0, 1, 3, 60, 0, 0, D-LinkWaterSensor
0, 0, 0, 1, 0, 0, 1, 0, 2920, 0, 1, 0, 0, 0, 0, 0, 0, 0, 8, 0, 3, 1, 52, 0, 0, D-LinkWaterSensor
0, 0, 0, 1, 0, 0, 1, 0, 2920, 0, 1, 0, 0, 0, 0, 0, 0, 0, 8, 0, 3, 1, 259, 1, 4.710729430241002, D-LinkWaterSensor
0, 0, 0, 1, 0, 0, 1, 0, 75, 0, 1, 0, 0, 0, 0, 0, 0, 0, 8, 0, 1, 3, 52, 0, 0, D-LinkWaterSensor
0, 0, 0, 1, 0, 0, 1, 0, 75, 0, 1, 0, 0, 0, 0, 0, 0, 0, 8, 0, 1, 3, 1420, 1, 7.133851814153184, D-LinkWaterSensor
0, 0, 0, 1, 0, 0, 1, 0, 75, 0, 1, 0, 0, 0, 0, 0, 0, 0, 8, 0, 1, 3, 1420, 1, 7.246205454900595, D-LinkWaterSensor
0, 0, 0, 1, 0, 0, 1, 0, 75, 0, 1, 0, 0, 0, 0, 0, 0, 0, 8, 0, 1, 3, 1133, 1, 7.655985200992252, D-LinkWaterSensor
0, 0, 0, 1, 0, 0, 1, 0, 4288, 0, 1, 0, 0, 0, 0, 0, 0, 0, 8, 0, 3, 1, 52, 0, 0, D-LinkWaterSensor
0, 0, 0, 1, 0, 0, 1, 0, 5656, 0, 1, 0, 0, 0, 0, 0, 0, 0, 8, 0, 3, 1, 52, 0, 0, D-LinkWaterSensor
0, 0, 0, 1, 0, 0, 1, 0, 7024, 0, 1, 0, 0, 0, 0, 0, 0, 0, 8, 0, 3, 1, 52, 0, 0, D-LinkWaterSensor
0, 0, 0, 1, 0, 0, 0, 1, 0, 0, 0, 0, 0, 0, 0, 1, 0, 0, 8, 0, 2, 2, 317, 0, 0, D-LinkWaterSensor
0, 0, 0, 1, 0, 0, 1, 0, 7024, 0, 1, 0, 0, 0, 0, 0, 0, 0, 8, 0, 3, 1, 186, 1, 6.411248847458863, D-LinkWaterSensor
0, 0, 0, 1, 0, 0, 1, 0, 79, 0, 1, 0, 0, 0, 0, 0, 0, 0, 8, 0, 1, 3, 286, 1, 6.8907089097827665, D-LinkWaterSensor
0, 0, 0, 1, 0, 0, 1, 0, 7024, 0, 1, 0, 0, 0, 0, 0, 0, 0, 8, 0, 3, 1, 52, 0, 0, D-LinkWaterSensor
0, 0, 0, 1, 0, 0, 1, 0, 7024, 0, 1, 0, 0, 0, 0, 0, 0, 0, 8, 0, 3, 1, 446, 1, 7.395660142042402, D-LinkWaterSensor
0, 0, 0, 1, 0, 0, 1, 0, 83, 0, 1, 0, 0, 0, 0, 0, 0, 0, 8, 0, 1, 3, 52, 0, 0, D-LinkWaterSensor
0, 0, 0, 1, 0, 0, 0, 1, 0, 0, 0, 0, 0, 0, 0, 1, 0, 0, 8, 0, 2, 2, 317, 0, 0, D-LinkWaterSensor
0, 0, 0, 1, 0, 0, 0, 1, 0, 0, 0, 0, 0, 0, 0, 1, 0, 0, 8, 0, 2, 2, 293, 0, 0, D-LinkWaterSensor
0, 0, 0, 1, 0, 0, 0, 1, 0, 0, 0, 0, 0, 0, 1, 0, 0, 0, 8, 0, 3, 1, 60, 0, 0, D-LinkWaterSensor
0, 0, 0, 1, 0, 0, 0, 1, 0, 0, 0, 0, 0, 0, 1, 0, 0, 0, 8, 0, 1, 3, 92, 0, 0, D-LinkWaterSensor
0, 0, 0, 1, 0, 0, 0, 1, 0, 0, 0, 0, 0, 0, 0, 0, 1, 0, 9, 0, 2, 1, 76, 0, 0, D-LinkWaterSensor
0, 0, 0, 1, 0, 0, 1, 0, 89, 0, 1, 0, 0, 0, 0, 0, 0, 0, 9, 0, 1, 3, 649, 1, 7.6835910703541845, D-LinkWaterSensor
0, 0, 0, 1, 0, 0, 1, 0, 7024, 0, 1, 0, 0, 0, 0, 0, 0, 0, 9, 0, 3, 1, 52, 0, 0, D-LinkWaterSensor
0, 0, 0, 1, 0, 0, 1, 0, 7024, 0, 1, 0, 0, 0, 0, 0, 0, 0, 9, 0, 3, 1, 52, 0, 0, D-LinkWaterSensor
0, 0, 0, 1, 0, 0, 1, 0, 89, 0, 1, 0, 0, 0, 0, 0, 0, 0, 9, 0, 1, 3, 89, 1, 5.155399311574899, D-LinkWaterSensor
0, 0, 0, 1, 0, 0, 1, 0, 89, 0, 1, 0, 0, 0, 0, 0, 0, 0, 9, 0, 1, 3, 52, 0, 0, D-LinkWaterSensor
0, 0, 0, 1, 0, 0, 1, 0, 0, 0, 1, 0, 0, 0, 0, 0, 0, 0, 9, 0, 3, 1, 40, 0, 0, D-LinkWaterSensor
0, 0, 0, 1, 0, 0, 1, 0, 0, 0, 1, 0, 0, 0, 0, 0, 0, 0, 9, 0, 3, 1, 40, 0, 0, D-LinkWaterSensor
0, 0, 0, 1, 0, 0, 0, 1, 0, 0, 0, 0, 0, 0, 0, 1, 0, 0, 9, 0, 2, 2, 359, 0, 0, D-LinkWaterSensor
0, 0, 0, 1, 0, 0, 0, 1, 0, 0, 0, 0, 0, 0, 0, 0, 1, 0, 9, 0, 1, 2, 76, 0, 0, D-LinkWaterSensor
0, 0, 0, 1, 0, 0, 1, 0, 83, 0, 1, 0, 0, 0, 0, 0, 0, 0, 9, 0, 1, 3, 457, 1, 7.507198609234499, D-LinkWaterSensor
0, 0, 0, 1, 0, 0, 1, 0, 83, 0, 1, 0, 0, 0, 0, 0, 0, 0, 9, 0, 1, 3, 89, 1, 5.155399311574898, D-LinkWaterSensor
0, 0, 0, 1, 0, 0, 1, 0, 7024, 0, 1, 0, 0, 0, 0, 0, 0, 0, 9, 0, 3, 1, 52, 0, 0, D-LinkWaterSensor
0, 0, 0, 1, 0, 0, 1, 0, 7024, 0, 1, 0, 0, 0, 0, 0, 0, 0, 9, 0, 3, 1, 52, 0, 0, D-LinkWaterSensor
0, 0, 0, 1, 0, 0, 0, 1, 0, 0, 0, 0, 0, 0, 1, 0, 0, 0, 9, 0, 2, 1, 65, 0, 0, D-LinkWaterSensor
0, 0, 0, 1, 0, 0, 0, 1, 0, 0, 0, 0, 0, 0, 1, 0, 0, 0, 9, 0, 1, 2, 81, 0, 0, D-LinkWaterSensor
0, 0, 0, 1, 0, 0, 1, 0, 5840, 0, 1, 0, 0, 0, 0, 0, 0, 0, 10, 0, 2, 1, 60, 0, 0, D-LinkWaterSensor
0, 0, 0, 1, 0, 0, 0, 1, 0, 0, 0, 0, 0, 0, 0, 1, 0, 0, 10, 0, 2, 2, 359, 0, 0, D-LinkWaterSensor
0, 0, 0, 1, 0, 0, 1, 0, 2048, 0, 1, 0, 0, 0, 0, 0, 0, 0, 10, 0, 1, 2, 52, 0, 0, D-LinkWaterSensor
0, 0, 0, 1, 0, 0, 1, 0, 2920, 0, 1, 0, 0, 0, 0, 0, 0, 0, 10, 0, 2, 1, 40, 0, 0, D-LinkWaterSensor
0, 0, 0, 1, 0, 0, 1, 0, 2920, 0, 1, 0, 0, 0, 0, 0, 0, 0, 10, 0, 2, 1, 247, 1, 4.734117229051256, D-LinkWaterSensor
0, 0, 0, 1, 0, 0, 1, 0, 390, 0, 1, 0, 0, 0, 0, 0, 0, 0, 10, 0, 1, 2, 40, 0, 0, D-LinkWaterSensor
0, 0, 0, 1, 0, 0, 1, 0, 390, 0, 1, 0, 0, 0, 0, 0, 0, 0, 10, 0, 1, 2, 98, 1, 4.787192782440776, D-LinkWaterSensor
0, 0, 0, 1, 0, 0, 1, 0, 390, 0, 1, 0, 0, 0, 0, 0, 0, 0, 10, 0, 1, 2, 1420, 1, 7.214506932345419, D-LinkWaterSensor
0, 0, 0, 1, 0, 0, 1, 0, 390, 0, 1, 0, 0, 0, 0, 0, 0, 0, 10, 0, 1, 2, 1420, 1, 7.1070261665549275, D-LinkWaterSensor
0, 0, 0, 1, 0, 0, 1, 0, 390, 0, 1, 0, 0, 0, 0, 0, 0, 0, 10, 0, 1, 2, 686, 1, 7.530092497800246, D-LinkWaterSensor
0, 0, 0, 1, 0, 0, 1, 0, 2920, 0, 1, 0, 0, 0, 0, 0, 0, 0, 10, 0, 2, 1, 40, 0, 0, D-LinkWaterSensor
0, 0, 0, 1, 0, 0, 1, 0, 4300, 0, 1, 0, 0, 0, 0, 0, 0, 0, 10, 0, 2, 1, 40, 0, 0, D-LinkWaterSensor
0, 0, 0, 1, 0, 0, 1, 0, 5680, 0, 1, 0, 0, 0, 0, 0, 0, 0, 10, 0, 2, 1, 40, 0, 0, D-LinkWaterSensor
0, 0, 0, 1, 0, 0, 1, 0, 5680, 0, 1, 0, 0, 0, 0, 0, 0, 0, 10, 0, 2, 1, 40, 0, 0, D-LinkWaterSensor
0, 0, 0, 1, 0, 0, 1, 0, 390, 0, 1, 0, 0, 0, 0, 0, 0, 0, 10, 0, 1, 2, 376, 1, 7.380928119217873, D-LinkWaterSensor
0, 0, 0, 1, 0, 0, 1, 0, 390, 0, 1, 0, 0, 0, 0, 0, 0, 0, 10, 0, 1, 2, 49, 1, 2.2810361125534233, D-LinkWaterSensor
0, 0, 0, 1, 0, 0, 1, 0, 5680, 0, 1, 0, 0, 0, 0, 0, 0, 0, 10, 0, 2, 1, 40, 0, 0, D-LinkWaterSensor
0, 0, 0, 1, 0, 0, 1, 0, 5680, 0, 1, 0, 0, 0, 0, 0, 0, 0, 10, 0, 2, 1, 40, 0, 0, D-LinkWaterSensor
0, 0, 0, 1, 0, 0, 0, 1, 0, 0, 0, 0, 0, 0, 1, 0, 0, 0, 10, 0, 3, 1, 66, 0, 0, D-LinkWaterSensor
0, 0, 0, 1, 0, 0, 0, 1, 0, 0, 0, 0, 0, 0, 1, 0, 0, 0, 10, 0, 1, 3, 199, 0, 0, D-LinkWaterSensor
0, 0, 0, 1, 0, 0, 0, 1, 0, 0, 0, 0, 0, 0, 1, 0, 0, 0, 10, 0, 3, 1, 90, 0, 0, D-LinkWaterSensor
0, 0, 0, 1, 0, 0, 0, 1, 0, 0, 0, 0, 0, 0, 1, 0, 0, 0, 10, 0, 1, 3, 90, 0, 0, D-LinkWaterSensor
0, 0, 0, 1, 0, 0, 0, 1, 0, 0, 0, 0, 0, 0, 1, 0, 0, 0, 10, 0, 2, 1, 66, 0, 0, D-LinkWaterSensor
0, 0, 0, 1, 0, 0, 0, 1, 0, 0, 0, 0, 0, 0, 1, 0, 0, 0, 10, 0, 1, 2, 354, 0, 0, D-LinkWaterSensor
0, 0, 0, 1, 0, 0, 1, 0, 5840, 1, 0, 0, 0, 0, 0, 0, 0, 0, 11, 0, 3, 1, 60, 0, 0, D-LinkWaterSensor
0, 0, 0, 1, 0, 0, 0, 1, 0, 0, 0, 0, 0, 0, 0, 1, 0, 0, 11, 0, 2, 2, 470, 0, 0, D-LinkWaterSensor
0, 0, 0, 1, 0, 0, 0, 1, 0, 0, 0, 0, 0, 0, 0, 1, 0, 0, 11, 0, 2, 2, 83, 0, 0, D-LinkWaterSensor
0, 0, 0, 1, 0, 0, 0, 1, 0, 0, 0, 0, 0, 0, 0, 1, 0, 0, 11, 0, 2, 2, 249, 0, 0, D-LinkWaterSensor
0, 0, 0, 1, 0, 0, 1, 0, 5680, 0, 1, 0, 0, 0, 0, 0, 0, 0, 11, 0, 2, 1, 174, 1, 6.484192410972425, D-LinkWaterSensor
0, 0, 0, 1, 0, 0, 1, 0, 390, 0, 1, 0, 0, 0, 0, 0, 0, 0, 11, 0, 1, 2, 159, 1, 6.205413561481828, D-LinkWaterSensor
0, 0, 0, 1, 0, 0, 1, 0, 390, 0, 1, 0, 0, 0, 0, 0, 0, 0, 11, 0, 1, 2, 46, 1, 1.7924812503605778, D-LinkWaterSensor
0, 0, 0, 1, 0, 0, 1, 0, 390, 0, 1, 0, 0, 0, 0, 0, 0, 0, 11, 0, 1, 2, 93, 1, 5.562733897918602, D-LinkWaterSensor
0, 0, 0, 1, 0, 0, 1, 0, 5680, 0, 1, 0, 0, 0, 0, 0, 0, 0, 11, 0, 2, 1, 40, 0, 0, D-LinkWaterSensor
0, 0, 0, 1, 0, 0, 1, 0, 5680, 0, 1, 0, 0, 0, 0, 0, 0, 0, 11, 0, 2, 1, 40, 0, 0, D-LinkWaterSensor
0, 0, 0, 1, 0, 0, 1, 0, 5680, 0, 1, 0, 0, 0, 0, 0, 0, 0, 11, 0, 2, 1, 40, 0, 0, D-LinkWaterSensor
0, 0, 0, 1, 0, 0, 1, 0, 7024, 0, 1, 0, 0, 0, 0, 0, 0, 0, 11, 0, 3, 1, 52, 0, 0, D-LinkWaterSensor
0, 0, 0, 1, 0, 0, 1, 0, 5680, 0, 1, 0, 0, 0, 0, 0, 0, 0, 11, 0, 2, 1, 242, 1, 7.087497559409473, D-LinkWaterSensor
0, 0, 0, 1, 0, 0, 1, 0, 390, 0, 1, 0, 0, 0, 0, 0, 0, 0, 11, 0, 1, 2, 40, 0, 0, D-LinkWaterSensor
0, 0, 0, 1, 0, 0, 1, 0, 17898, 1, 0, 0, 0, 0, 0, 0, 0, 0, 11, 0, 1, 3, 60, 0, 0, D-LinkWaterSensor
0, 0, 0, 1, 0, 0, 1, 0, 2920, 1, 0, 0, 0, 0, 0, 0, 0, 0, 11, 0, 3, 1, 52, 0, 0, D-LinkWaterSensor
0, 0, 0, 1, 0, 0, 1, 0, 2920, 1, 0, 0, 0, 0, 0, 0, 0, 0, 11, 0, 3, 1, 213, 1, 5.340810807653165, D-LinkWaterSensor
0, 0, 0, 1, 0, 0, 1, 0, 75, 1, 0, 0, 0, 0, 0, 0, 0, 0, 11, 0, 1, 3, 52, 0, 0, D-LinkWaterSensor
0, 0, 0, 1, 0, 0, 1, 0, 75, 1, 0, 0, 0, 0, 0, 0, 0, 0, 11, 0, 1, 3, 253, 1, 5.171700393473657, D-LinkWaterSensor
0, 0, 0, 1, 0, 0, 1, 0, 75, 1, 0, 0, 0, 0, 0, 0, 0, 0, 11, 0, 1, 3, 52, 0, 0, D-LinkWaterSensor
0, 0, 0, 1, 0, 0, 1, 0, 2920, 1, 0, 0, 0, 0, 0, 0, 0, 0, 11, 0, 3, 1, 52, 0, 0, D-LinkWaterSensor
0, 0, 0, 1, 0, 0, 1, 0, 2920, 1, 0, 0, 0, 0, 0, 0, 0, 0, 11, 0, 3, 1, 52, 0, 0, D-LinkWaterSensor
0, 0, 0, 1, 0, 0, 1, 0, 75, 1, 0, 0, 0, 0, 0, 0, 0, 0, 11, 0, 1, 3, 52, 0, 0, D-LinkWaterSensor
0, 0, 0, 1, 0, 0, 0, 1, 0, 0, 0, 0, 0, 0, 0, 1, 0, 0, 11, 0, 2, 2, 365, 0, 0, D-LinkWaterSensor
0, 0, 0, 1, 0, 0, 0, 1, 0, 0, 0, 0, 0, 0, 0, 1, 0, 0, 11, 0, 2, 2, 83, 0, 0, D-LinkWaterSensor
0, 0, 0, 1, 0, 0, 0, 1, 0, 0, 0, 0, 0, 0, 0, 1, 0, 0, 11, 0, 2, 2, 182, 0, 0, D-LinkWaterSensor
0, 0, 0, 1, 0, 0, 0, 1, 0, 0, 0, 0, 0, 0, 0, 1, 0, 0, 11, 0, 2, 2, 293, 0, 0, D-LinkWaterSensor
0, 0, 0, 1, 0, 0, 1, 0, 390, 0, 1, 0, 0, 0, 0, 0, 0, 0, 11, 0, 1, 2, 77, 1, 5.209453365628954, D-LinkWaterSensor
0, 0, 0, 1, 0, 0, 1, 0, 390, 0, 1, 0, 0, 0, 0, 0, 0, 0, 11, 0, 1, 2, 1101, 1, 7.81392438710411, D-LinkWaterSensor
0, 0, 0, 1, 0, 0, 1, 0, 5680, 0, 1, 0, 0, 0, 0, 0, 0, 0, 11, 0, 2, 1, 40, 0, 0, D-LinkWaterSensor
0, 0, 0, 1, 0, 0, 1, 0, 7060, 0, 1, 0, 0, 0, 0, 0, 0, 0, 11, 0, 2, 1, 40, 0, 0, D-LinkWaterSensor
0, 0, 0, 1, 0, 0, 1, 0, 5840, 0, 1, 0, 0, 0, 0, 0, 0, 0, 11, 0, 2, 1, 60, 0, 0, D-LinkWaterSensor
0, 0, 0, 1, 0, 0, 1, 0, 2048, 0, 1, 0, 0, 0, 0, 0, 0, 0, 11, 0, 1, 2, 52, 0, 0, D-LinkWaterSensor
0, 0, 0, 1, 0, 0, 1, 0, 2920, 0, 1, 0, 0, 0, 0, 0, 0, 0, 11, 0, 2, 1, 40, 0, 0, D-LinkWaterSensor
0, 0, 0, 1, 0, 0, 1, 0, 2920, 0, 1, 0, 0, 0, 0, 0, 0, 0, 11, 0, 2, 1, 247, 1, 4.780540612985732, D-LinkWaterSensor
0, 0, 0, 1, 0, 0, 1, 0, 390, 0, 1, 0, 0, 0, 0, 0, 0, 0, 11, 0, 1, 2, 40, 0, 0, D-LinkWaterSensor
0, 0, 0, 1, 0, 0, 1, 0, 390, 0, 1, 0, 0, 0, 0, 0, 0, 0, 11, 0, 1, 2, 98, 1, 4.788088791592912, D-LinkWaterSensor
0, 0, 0, 1, 0, 0, 1, 0, 390, 0, 1, 0, 0, 0, 0, 0, 0, 0, 11, 0, 1, 2, 1420, 1, 7.214506932345419, D-LinkWaterSensor
0, 0, 0, 1, 0, 0, 1, 0, 390, 0, 1, 0, 0, 0, 0, 0, 0, 0, 11, 0, 1, 2, 1420, 1, 7.1070261665549275, D-LinkWaterSensor
0, 0, 0, 1, 0, 0, 1, 0, 390, 0, 1, 0, 0, 0, 0, 0, 0, 0, 11, 0, 1, 2, 686, 1, 7.530092497800246, D-LinkWaterSensor
0, 0, 0, 1, 0, 0, 1, 0, 2920, 0, 1, 0, 0, 0, 0, 0, 0, 0, 11, 0, 2, 1, 40, 0, 0, D-LinkWaterSensor
0, 0, 0, 1, 0, 0, 1, 0, 4300, 0, 1, 0, 0, 0, 0, 0, 0, 0, 11, 0, 2, 1, 40, 0, 0, D-LinkWaterSensor
0, 0, 0, 1, 0, 0, 1, 0, 5680, 0, 1, 0, 0, 0, 0, 0, 0, 0, 11, 0, 2, 1, 40, 0, 0, D-LinkWaterSensor
0, 0, 0, 1, 0, 0, 1, 0, 5680, 0, 1, 0, 0, 0, 0, 0, 0, 0, 11, 0, 2, 1, 40, 0, 0, D-LinkWaterSensor
0, 0, 0, 1, 0, 0, 1, 0, 390, 0, 1, 0, 0, 0, 0, 0, 0, 0, 11, 0, 1, 2, 376, 1, 7.289846693818679, D-LinkWaterSensor
0, 0, 0, 1, 0, 0, 1, 0, 390, 0, 1, 0, 0, 0, 0, 0, 0, 0, 11, 0, 1, 2, 49, 1, 2.2810361125534233, D-LinkWaterSensor
0, 0, 0, 1, 0, 0, 1, 0, 5680, 0, 1, 0, 0, 0, 0, 0, 0, 0, 11, 0, 2, 1, 40, 0, 0, D-LinkWaterSensor
0, 0, 0, 1, 0, 0, 1, 0, 5680, 0, 1, 0, 0, 0, 0, 0, 0, 0, 11, 0, 2, 1, 40, 0, 0, D-LinkWaterSensor
0, 0, 0, 1, 0, 0, 1, 0, 5680, 0, 1, 0, 0, 0, 0, 0, 0, 0, 11, 0, 2, 1, 174, 1, 6.476583828818292, D-LinkWaterSensor
0, 0, 0, 1, 0, 0, 1, 0, 390, 0, 1, 0, 0, 0, 0, 0, 0, 0, 11, 0, 1, 2, 159, 1, 6.289992818341244, D-LinkWaterSensor
0, 0, 0, 1, 0, 0, 1, 0, 390, 0, 1, 0, 0, 0, 0, 0, 0, 0, 11, 0, 1, 2, 46, 1, 1.7924812503605778, D-LinkWaterSensor
0, 0, 0, 1, 0, 0, 1, 0, 390, 0, 1, 0, 0, 0, 0, 0, 0, 0, 11, 0, 1, 2, 93, 1, 5.539241209280177, D-LinkWaterSensor
0, 0, 0, 1, 0, 0, 1, 0, 390, 0, 1, 0, 0, 0, 0, 0, 0, 0, 11, 0, 1, 2, 93, 1, 5.539241209280177, D-LinkWaterSensor
0, 0, 0, 1, 0, 0, 1, 0, 5680, 0, 1, 0, 0, 0, 0, 0, 0, 0, 11, 0, 2, 1, 52, 0, 0, D-LinkWaterSensor
0, 0, 0, 1, 0, 0, 1, 0, 5680, 0, 1, 0, 0, 0, 0, 0, 0, 0, 11, 0, 2, 1, 242, 1, 6.990914514833601, D-LinkWaterSensor
0, 0, 0, 1, 0, 0, 1, 0, 390, 0, 1, 0, 0, 0, 0, 0, 0, 0, 11, 0, 1, 2, 40, 0, 0, D-LinkWaterSensor
0, 0, 0, 1, 0, 0, 1, 0, 7060, 0, 1, 0, 0, 0, 0, 0, 0, 0, 11, 0, 2, 1, 1154, 1, 7.770663873853199, D-LinkWaterSensor
0, 0, 0, 1, 0, 0, 1, 0, 669, 0, 1, 0, 0, 0, 0, 0, 0, 0, 11, 0, 1, 2, 40, 0, 0, D-LinkWaterSensor
0, 0, 0, 1, 0, 0, 0, 1, 0, 0, 0, 0, 0, 0, 1, 0, 0, 0, 11, 0, 3, 1, 63, 0, 0, D-LinkWaterSensor
0, 0, 0, 1, 0, 0, 0, 1, 0, 0, 0, 0, 0, 0, 1, 0, 0, 0, 11, 0, 1, 3, 210, 0, 0, D-LinkWaterSensor
0, 0, 0, 1, 0, 0, 0, 1, 0, 0, 0, 0, 0, 0, 1, 0, 0, 0, 11, 0, 3, 1, 98, 0, 0, D-LinkWaterSensor
0, 0, 0, 1, 0, 0, 0, 1, 0, 0, 0, 0, 0, 0, 1, 0, 0, 0, 11, 0, 1, 3, 98, 0, 0, D-LinkWaterSensor
0, 0, 0, 1, 0, 0, 0, 1, 0, 0, 0, 0, 0, 0, 1, 0, 0, 0, 11, 0, 2, 1, 63, 0, 0, D-LinkWaterSensor
0, 0, 0, 1, 0, 0, 0, 1, 0, 0, 0, 0, 0, 0, 1, 0, 0, 0, 11, 0, 1, 2, 161, 0, 0, D-LinkWaterSensor
0, 0, 0, 1, 0, 0, 1, 0, 5840, 1, 0, 0, 0, 0, 0, 0, 0, 0, 11, 0, 3, 1, 60, 0, 0, D-LinkWaterSensor
0, 0, 0, 1, 0, 0, 1, 0, 17898, 1, 0, 0, 0, 0, 0, 0, 0, 0, 11, 0, 1, 3, 60, 0, 0, D-LinkWaterSensor
0, 0, 0, 1, 0, 0, 1, 0, 2920, 1, 0, 0, 0, 0, 0, 0, 0, 0, 11, 0, 3, 1, 52, 0, 0, D-LinkWaterSensor
0, 0, 0, 1, 0, 0, 1, 0, 2920, 1, 0, 0, 0, 0, 0, 0, 0, 0, 11, 0, 3, 1, 322, 1, 5.830271980899744, D-LinkWaterSensor
0, 0, 0, 1, 0, 0, 1, 0, 75, 1, 0, 0, 0, 0, 0, 0, 0, 0, 11, 0, 1, 3, 52, 0, 0, D-LinkWaterSensor
0, 0, 0, 1, 0, 0, 1, 0, 75, 1, 0, 0, 0, 0, 0, 0, 0, 0, 11, 0, 1, 3, 540, 1, 5.964605135026809, D-LinkWaterSensor
0, 0, 0, 1, 0, 0, 1, 0, 75, 1, 0, 0, 0, 0, 0, 0, 0, 0, 11, 0, 1, 3, 52, 0, 0, D-LinkWaterSensor
0, 0, 0, 1, 0, 0, 1, 0, 3456, 1, 0, 0, 0, 0, 0, 0, 0, 0, 11, 0, 3, 1, 52, 0, 0, D-LinkWaterSensor
0, 0, 0, 1, 0, 0, 1, 0, 3456, 1, 0, 0, 0, 0, 0, 0, 0, 0, 11, 0, 3, 1, 52, 0, 0, D-LinkWaterSensor
0, 0, 0, 1, 0, 0, 1, 0, 75, 1, 0, 0, 0, 0, 0, 0, 0, 0, 11, 0, 1, 3, 52, 0, 0, D-LinkWaterSensor
0, 0, 0, 1, 0, 0, 0, 1, 0, 0, 0, 0, 0, 0, 0, 1, 0, 0, 11, 0, 2, 2, 317, 0, 0, D-LinkWaterSensor
0, 0, 0, 1, 0, 0, 0, 1, 0, 0, 0, 0, 0, 0, 0, 1, 0, 0, 11, 0, 2, 2, 317, 0, 0, D-LinkWaterSensor
0, 0, 0, 1, 0, 0, 0, 1, 0, 0, 0, 0, 0, 0, 0, 1, 0, 0, 11, 0, 2, 2, 317, 0, 0, D-LinkWaterSensor
0, 0, 0, 1, 0, 0, 0, 1, 0, 0, 0, 0, 0, 0, 1, 0, 0, 0, 11, 0, 2, 1, 72, 0, 0, D-LinkWaterSensor
0, 0, 0, 1, 0, 0, 0, 1, 0, 0, 0, 0, 0, 0, 1, 0, 0, 0, 11, 0, 1, 2, 72, 0, 0, D-LinkWaterSensor
0, 0, 0, 1, 0, 0, 0, 1, 0, 0, 0, 0, 0, 0, 1, 0, 0, 0, 11, 0, 3, 1, 72, 0, 0, D-LinkWaterSensor
0, 0, 0, 1, 0, 0, 0, 1, 0, 0, 0, 0, 0, 0, 1, 0, 0, 0, 11, 0, 1, 3, 289, 0, 0, D-LinkWaterSensor
0, 0, 0, 1, 0, 0, 1, 0, 5840, 1, 0, 0, 0, 0, 0, 0, 0, 0, 12, 0, 2, 1, 60, 0, 0, D-LinkWaterSensor
0, 0, 0, 1, 0, 0, 0, 1, 0, 0, 0, 0, 0, 0, 0, 1, 0, 0, 12, 0, 2, 2, 293, 0, 0, D-LinkWaterSensor
0, 0, 0, 1, 0, 0, 1, 0, 5840, 1, 0, 0, 0, 0, 0, 0, 0, 0, 12, 0, 1, 2, 52, 0, 0, D-LinkWaterSensor
0, 0, 0, 1, 0, 0, 1, 0, 2920, 1, 0, 0, 0, 0, 0, 0, 0, 0, 12, 0, 2, 1, 40, 0, 0, D-LinkWaterSensor
0, 0, 0, 1, 0, 0, 1, 0, 2920, 1, 0, 0, 0, 0, 0, 0, 0, 0, 12, 0, 2, 1, 206, 1, 5.121691131129828, D-LinkWaterSensor
0, 0, 0, 1, 0, 0, 0, 1, 0, 0, 0, 0, 0, 0, 0, 1, 0, 0, 12, 0, 2, 2, 361, 0, 0, D-LinkWaterSensor
0, 0, 0, 1, 0, 0, 1, 0, 62, 1, 0, 0, 0, 0, 0, 0, 0, 0, 12, 0, 1, 2, 40, 0, 0, D-LinkWaterSensor
0, 0, 0, 1, 0, 0, 1, 0, 62, 1, 0, 0, 0, 0, 0, 0, 0, 0, 12, 0, 1, 2, 428, 1, 5.639394635322711, D-LinkWaterSensor
0, 0, 0, 1, 0, 0, 1, 0, 62, 1, 0, 0, 0, 0, 0, 0, 0, 0, 12, 0, 1, 2, 1420, 1, 2.6772305124009037, D-LinkWaterSensor
0, 0, 0, 1, 0, 0, 1, 0, 62, 1, 0, 0, 0, 0, 0, 0, 0, 0, 12, 0, 1, 2, 1420, 1, 1.9790154305653236, D-LinkWaterSensor
0, 0, 0, 1, 0, 0, 1, 0, 62, 1, 0, 0, 0, 0, 0, 0, 0, 0, 12, 0, 1, 2, 1420, 1, 1.8044792693736391, D-LinkWaterSensor
0, 0, 0, 1, 0, 0, 1, 0, 3456, 1, 0, 0, 0, 0, 0, 0, 0, 0, 12, 0, 2, 1, 40, 0, 0, D-LinkWaterSensor
0, 0, 0, 1, 0, 0, 1, 0, 4836, 1, 0, 0, 0, 0, 0, 0, 0, 0, 12, 0, 2, 1, 40, 0, 0, D-LinkWaterSensor
0, 0, 0, 1, 0, 0, 1, 0, 6216, 1, 0, 0, 0, 0, 0, 0, 0, 0, 12, 0, 2, 1, 40, 0, 0, D-LinkWaterSensor
0, 0, 0, 1, 0, 0, 1, 0, 7596, 1, 0, 0, 0, 0, 0, 0, 0, 0, 12, 0, 2, 1, 40, 0, 0, D-LinkWaterSensor
0, 0, 0, 1, 0, 0, 0, 1, 0, 0, 0, 0, 0, 0, 0, 1, 0, 0, 12, 0, 2, 2, 361, 0, 0, D-LinkWaterSensor
0, 0, 0, 1, 0, 0, 1, 0, 62, 1, 0, 0, 0, 0, 0, 0, 0, 0, 12, 0, 1, 2, 1420, 1, 2.50410580459814, D-LinkWaterSensor
0, 0, 0, 1, 0, 0, 1, 0, 62, 1, 0, 0, 0, 0, 0, 0, 0, 0, 12, 0, 1, 2, 1420, 1, 3.6797876229106943, D-LinkWaterSensor
0, 0, 0, 1, 0, 0, 1, 0, 62, 1, 0, 0, 0, 0, 0, 0, 0, 0, 12, 0, 1, 2, 1420, 1, 3.5315888625396203, D-LinkWaterSensor
0, 0, 0, 1, 0, 0, 1, 0, 62, 1, 0, 0, 0, 0, 0, 0, 0, 0, 12, 0, 1, 2, 1420, 1, 3.667177924357524, D-LinkWaterSensor
0, 0, 0, 1, 0, 0, 1, 0, 62, 1, 0, 0, 0, 0, 0, 0, 0, 0, 12, 0, 1, 2, 1420, 1, 3.6668692896792794, D-LinkWaterSensor
0, 0, 0, 1, 0, 0, 1, 0, 62, 1, 0, 0, 0, 0, 0, 0, 0, 0, 12, 0, 1, 2, 1420, 1, 3.54815825343769, D-LinkWaterSensor
0, 0, 0, 1, 0, 0, 1, 0, 62, 1, 0, 0, 0, 0, 0, 0, 0, 0, 12, 0, 1, 2, 1420, 1, 4.765717080545475, D-LinkWaterSensor
0, 0, 0, 1, 0, 0, 1, 0, 62, 1, 0, 0, 0, 0, 0, 0, 0, 0, 12, 0, 1, 2, 1420, 1, 4.802638418199363, D-LinkWaterSensor
0, 0, 0, 1, 0, 0, 1, 0, 62, 1, 0, 0, 0, 0, 0, 0, 0, 0, 12, 0, 1, 2, 1420, 1, 4.948178673594774, D-LinkWaterSensor
0, 0, 0, 1, 0, 0, 1, 0, 62, 1, 0, 0, 0, 0, 0, 0, 0, 0, 12, 0, 1, 2, 1420, 1, 4.858205658784978, D-LinkWaterSensor
0, 0, 0, 1, 0, 0, 1, 0, 62, 1, 0, 0, 0, 0, 0, 0, 0, 0, 12, 0, 1, 2, 1420, 1, 4.895885009773968, D-LinkWaterSensor
0, 0, 0, 1, 0, 0, 1, 0, 8976, 1, 0, 0, 0, 0, 0, 0, 0, 0, 12, 0, 2, 1, 40, 0, 0, D-LinkWaterSensor
0, 0, 0, 1, 0, 0, 1, 0, 8976, 1, 0, 0, 0, 0, 0, 0, 0, 0, 12, 0, 2, 1, 40, 0, 0, D-LinkWaterSensor
0, 0, 0, 1, 0, 0, 1, 0, 8976, 1, 0, 0, 0, 0, 0, 0, 0, 0, 12, 0, 2, 1, 40, 0, 0, D-LinkWaterSensor
0, 0, 0, 1, 0, 0, 1, 0, 8976, 1, 0, 0, 0, 0, 0, 0, 0, 0, 12, 0, 2, 1, 40, 0, 0, D-LinkWaterSensor
0, 0, 0, 1, 0, 0, 1, 0, 8976, 1, 0, 0, 0, 0, 0, 0, 0, 0, 12, 0, 2, 1, 40, 0, 0, D-LinkWaterSensor
0, 0, 0, 1, 0, 0, 1, 0, 8976, 1, 0, 0, 0, 0, 0, 0, 0, 0, 12, 0, 2, 1, 40, 0, 0, D-LinkWaterSensor
0, 0, 0, 1, 0, 0, 1, 0, 8976, 1, 0, 0, 0, 0, 0, 0, 0, 0, 12, 0, 2, 1, 40, 0, 0, D-LinkWaterSensor
0, 0, 0, 1, 0, 0, 1, 0, 8976, 1, 0, 0, 0, 0, 0, 0, 0, 0, 12, 0, 2, 1, 40, 0, 0, D-LinkWaterSensor
0, 0, 0, 1, 0, 0, 1, 0, 62, 1, 0, 0, 0, 0, 0, 0, 0, 0, 12, 0, 1, 2, 1420, 1, 4.987879808656736, D-LinkWaterSensor
0, 0, 0, 1, 0, 0, 1, 0, 62, 1, 0, 0, 0, 0, 0, 0, 0, 0, 12, 0, 1, 2, 1420, 1, 2.2804521522940884, D-LinkWaterSensor
0, 0, 0, 1, 0, 0, 1, 0, 62, 1, 0, 0, 0, 0, 0, 0, 0, 0, 12, 0, 1, 2, 1420, 1, 4.959433610616253, D-LinkWaterSensor
0, 0, 0, 1, 0, 0, 1, 0, 62, 1, 0, 0, 0, 0, 0, 0, 0, 0, 12, 0, 1, 2, 1420, 1, 5.030567920549125, D-LinkWaterSensor
0, 0, 0, 1, 0, 0, 1, 0, 62, 1, 0, 0, 0, 0, 0, 0, 0, 0, 12, 0, 1, 2, 1420, 1, 5.486962106766959, D-LinkWaterSensor
0, 0, 0, 1, 0, 0, 1, 0, 8976, 1, 0, 0, 0, 0, 0, 0, 0, 0, 12, 0, 2, 1, 40, 0, 0, D-LinkWaterSensor
0, 0, 0, 1, 0, 0, 1, 0, 8976, 1, 0, 0, 0, 0, 0, 0, 0, 0, 12, 0, 2, 1, 40, 0, 0, D-LinkWaterSensor
0, 0, 0, 1, 0, 0, 1, 0, 62, 1, 0, 0, 0, 0, 0, 0, 0, 0, 12, 0, 1, 2, 1420, 1, 5.275499960575386, D-LinkWaterSensor
0, 0, 0, 1, 0, 0, 1, 0, 62, 1, 0, 0, 0, 0, 0, 0, 0, 0, 12, 0, 1, 2, 1420, 1, 5.368642128994286, D-LinkWaterSensor
0, 0, 0, 1, 0, 0, 1, 0, 62, 1, 0, 0, 0, 0, 0, 0, 0, 0, 12, 0, 1, 2, 1420, 1, 5.096465867957699, D-LinkWaterSensor
0, 0, 0, 1, 0, 0, 1, 0, 62, 1, 0, 0, 0, 0, 0, 0, 0, 0, 12, 0, 1, 2, 1420, 1, 5.360235701706566, D-LinkWaterSensor
0, 0, 0, 1, 0, 0, 1, 0, 8976, 1, 0, 0, 0, 0, 0, 0, 0, 0, 12, 0, 2, 1, 40, 0, 0, D-LinkWaterSensor
0, 0, 0, 1, 0, 0, 1, 0, 62, 1, 0, 0, 0, 0, 0, 0, 0, 0, 12, 0, 1, 2, 1420, 1, 5.624554228198227, D-LinkWaterSensor
0, 0, 0, 1, 0, 0, 1, 0, 62, 1, 0, 0, 0, 0, 0, 0, 0, 0, 12, 0, 1, 2, 1420, 1, 5.367202016209617, D-LinkWaterSensor
0, 0, 0, 1, 0, 0, 1, 0, 62, 1, 0, 0, 0, 0, 0, 0, 0, 0, 12, 0, 1, 2, 1420, 1, 4.895779459485625, D-LinkWaterSensor
0, 0, 0, 1, 0, 0, 1, 0, 62, 1, 0, 0, 0, 0, 0, 0, 0, 0, 12, 0, 1, 2, 1420, 1, 5.329849773468612, D-LinkWaterSensor
0, 0, 0, 1, 0, 0, 1, 0, 8976, 1, 0, 0, 0, 0, 0, 0, 0, 0, 12, 0, 2, 1, 40, 0, 0, D-LinkWaterSensor
0, 0, 0, 1, 0, 0, 1, 0, 8976, 1, 0, 0, 0, 0, 0, 0, 0, 0, 12, 0, 2, 1, 40, 0, 0, D-LinkWaterSensor
0, 0, 0, 1, 0, 0, 1, 0, 8976, 1, 0, 0, 0, 0, 0, 0, 0, 0, 12, 0, 2, 1, 40, 0, 0, D-LinkWaterSensor
0, 0, 0, 1, 0, 0, 0, 1, 0, 0, 0, 0, 0, 0, 0, 1, 0, 0, 12, 0, 2, 2, 361, 0, 0, D-LinkWaterSensor
0, 0, 0, 1, 0, 0, 1, 0, 8976, 1, 0, 0, 0, 0, 0, 0, 0, 0, 12, 0, 2, 1, 40, 0, 0, D-LinkWaterSensor
0, 0, 0, 1, 0, 0, 1, 0, 62, 1, 0, 0, 0, 0, 0, 0, 0, 0, 12, 0, 1, 2, 1420, 1, 5.310945217185746, D-LinkWaterSensor
0, 0, 0, 1, 0, 0, 1, 0, 62, 1, 0, 0, 0, 0, 0, 0, 0, 0, 12, 0, 1, 2, 1420, 1, 5.508045040083824, D-LinkWaterSensor
0, 0, 0, 1, 0, 0, 1, 0, 62, 1, 0, 0, 0, 0, 0, 0, 0, 0, 12, 0, 1, 2, 1420, 1, 5.275771348377532, D-LinkWaterSensor
0, 0, 0, 1, 0, 0, 1, 0, 62, 1, 0, 0, 0, 0, 0, 0, 0, 0, 12, 0, 1, 2, 1420, 1, 5.399569470428713, D-LinkWaterSensor
0, 0, 0, 1, 0, 0, 1, 0, 8976, 1, 0, 0, 0, 0, 0, 0, 0, 0, 12, 0, 2, 1, 40, 0, 0, D-LinkWaterSensor
0, 0, 0, 1, 0, 0, 1, 0, 62, 1, 0, 0, 0, 0, 0, 0, 0, 0, 12, 0, 1, 2, 1420, 1, 5.373607622047951, D-LinkWaterSensor
0, 0, 0, 1, 0, 0, 1, 0, 62, 1, 0, 0, 0, 0, 0, 0, 0, 0, 12, 0, 1, 2, 1420, 1, 5.481304236573408, D-LinkWaterSensor
0, 0, 0, 1, 0, 0, 1, 0, 62, 1, 0, 0, 0, 0, 0, 0, 0, 0, 12, 0, 1, 2, 1420, 1, 5.271981550463617, D-LinkWaterSensor
0, 0, 0, 1, 0, 0, 1, 0, 62, 1, 0, 0, 0, 0, 0, 0, 0, 0, 12, 0, 1, 2, 1420, 1, 5.696613991268025, D-LinkWaterSensor
0, 0, 0, 1, 0, 0, 1, 0, 8976, 1, 0, 0, 0, 0, 0, 0, 0, 0, 12, 0, 2, 1, 40, 0, 0, D-LinkWaterSensor
0, 0, 0, 1, 0, 0, 1, 0, 8976, 1, 0, 0, 0, 0, 0, 0, 0, 0, 12, 0, 2, 1, 40, 0, 0, D-LinkWaterSensor
0, 0, 0, 1, 0, 0, 1, 0, 62, 1, 0, 0, 0, 0, 0, 0, 0, 0, 12, 0, 1, 2, 1420, 1, 5.446413711055755, D-LinkWaterSensor
0, 0, 0, 1, 0, 0, 1, 0, 62, 1, 0, 0, 0, 0, 0, 0, 0, 0, 12, 0, 1, 2, 1420, 1, 5.449339248791913, D-LinkWaterSensor
0, 0, 0, 1, 0, 0, 1, 0, 62, 1, 0, 0, 0, 0, 0, 0, 0, 0, 12, 0, 1, 2, 1420, 1, 5.350927725343782, D-LinkWaterSensor
0, 0, 0, 1, 0, 0, 1, 0, 62, 1, 0, 0, 0, 0, 0, 0, 0, 0, 12, 0, 1, 2, 1420, 1, 5.6235107725097055, D-LinkWaterSensor
0, 0, 0, 1, 0, 0, 1, 0, 8976, 1, 0, 0, 0, 0, 0, 0, 0, 0, 12, 0, 2, 1, 40, 0, 0, D-LinkWaterSensor
0, 0, 0, 1, 0, 0, 1, 0, 8976, 1, 0, 0, 0, 0, 0, 0, 0, 0, 12, 0, 2, 1, 40, 0, 0, D-LinkWaterSensor
0, 0, 0, 1, 0, 0, 1, 0, 8976, 1, 0, 0, 0, 0, 0, 0, 0, 0, 12, 0, 2, 1, 40, 0, 0, D-LinkWaterSensor
0, 0, 0, 1, 0, 0, 1, 0, 62, 1, 0, 0, 0, 0, 0, 0, 0, 0, 12, 0, 1, 2, 1420, 1, 5.139261775098225, D-LinkWaterSensor
0, 0, 0, 1, 0, 0, 0, 1, 0, 0, 0, 0, 0, 0, 0, 1, 0, 0, 12, 0, 2, 2, 472, 0, 0, D-LinkWaterSensor
0, 0, 0, 1, 0, 0, 0, 1, 0, 0, 0, 0, 0, 0, 0, 1, 0, 0, 12, 0, 2, 2, 83, 0, 0, D-LinkWaterSensor
0, 0, 0, 1, 0, 0, 1, 0, 8976, 1, 0, 0, 0, 0, 0, 0, 0, 0, 12, 0, 2, 1, 40, 0, 0, D-LinkWaterSensor
0, 0, 0, 1, 0, 0, 1, 0, 62, 1, 0, 0, 0, 0, 0, 0, 0, 0, 12, 0, 1, 2, 1420, 1, 5.387367760795596, D-LinkWaterSensor
0, 0, 0, 1, 0, 0, 1, 0, 62, 1, 0, 0, 0, 0, 0, 0, 0, 0, 12, 0, 1, 2, 1420, 1, 5.186427686076622, D-LinkWaterSensor
0, 0, 0, 1, 0, 0, 1, 0, 62, 1, 0, 0, 0, 0, 0, 0, 0, 0, 12, 0, 1, 2, 1420, 1, 5.484921043449279, D-LinkWaterSensor
0, 0, 0, 1, 0, 0, 1, 0, 62, 1, 0, 0, 0, 0, 0, 0, 0, 0, 12, 0, 1, 2, 1420, 1, 5.270732043297935, D-LinkWaterSensor
0, 0, 0, 1, 0, 0, 1, 0, 8976, 1, 0, 0, 0, 0, 0, 0, 0, 0, 12, 0, 2, 1, 40, 0, 0, D-LinkWaterSensor
0, 0, 0, 1, 0, 0, 1, 0, 62, 1, 0, 0, 0, 0, 0, 0, 0, 0, 12, 0, 1, 2, 1420, 1, 5.224875988603999, D-LinkWaterSensor
0, 0, 0, 1, 0, 0, 1, 0, 62, 1, 0, 0, 0, 0, 0, 0, 0, 0, 12, 0, 1, 2, 1420, 1, 5.279065556547534, D-LinkWaterSensor
0, 0, 0, 1, 0, 0, 1, 0, 8976, 1, 0, 0, 0, 0, 0, 0, 0, 0, 12, 0, 2, 1, 40, 0, 0, D-LinkWaterSensor
0, 0, 0, 1, 0, 0, 1, 0, 62, 1, 0, 0, 0, 0, 0, 0, 0, 0, 12, 0, 1, 2, 1420, 1, 5.214675382822577, D-LinkWaterSensor
0, 0, 0, 1, 0, 0, 1, 0, 62, 1, 0, 0, 0, 0, 0, 0, 0, 0, 12, 0, 1, 2, 1420, 1, 5.221806260525911, D-LinkWaterSensor
0, 0, 0, 1, 0, 0, 1, 0, 8976, 1, 0, 0, 0, 0, 0, 0, 0, 0, 12, 0, 2, 1, 40, 0, 0, D-LinkWaterSensor
0, 0, 0, 1, 0, 0, 1, 0, 62, 1, 0, 0, 0, 0, 0, 0, 0, 0, 12, 0, 1, 2, 1420, 1, 5.0591859926201375, D-LinkWaterSensor
0, 0, 0, 1, 0, 0, 1, 0, 62, 1, 0, 0, 0, 0, 0, 0, 0, 0, 12, 0, 1, 2, 1420, 1, 5.378093373179843, D-LinkWaterSensor
0, 0, 0, 1, 0, 0, 1, 0, 8976, 1, 0, 0, 0, 0, 0, 0, 0, 0, 12, 0, 2, 1, 40, 0, 0, D-LinkWaterSensor
0, 0, 0, 1, 0, 0, 1, 0, 62, 1, 0, 0, 0, 0, 0, 0, 0, 0, 12, 0, 1, 2, 1420, 1, 5.125458483899728, D-LinkWaterSensor
0, 0, 0, 1, 0, 0, 1, 0, 62, 1, 0, 0, 0, 0, 0, 0, 0, 0, 12, 0, 1, 2, 1420, 1, 5.290686747776377, D-LinkWaterSensor
0, 0, 0, 1, 0, 0, 1, 0, 8976, 1, 0, 0, 0, 0, 0, 0, 0, 0, 12, 0, 2, 1, 40, 0, 0, D-LinkWaterSensor
0, 0, 0, 1, 0, 0, 1, 0, 8976, 1, 0, 0, 0, 0, 0, 0, 0, 0, 12, 0, 2, 1, 40, 0, 0, D-LinkWaterSensor
0, 0, 0, 1, 0, 0, 1, 0, 62, 1, 0, 0, 0, 0, 0, 0, 0, 0, 12, 0, 1, 2, 1420, 1, 5.241273243268617, D-LinkWaterSensor
0, 0, 0, 1, 0, 0, 1, 0, 8976, 1, 0, 0, 0, 0, 0, 0, 0, 0, 12, 0, 2, 1, 40, 0, 0, D-LinkWaterSensor
0, 0, 0, 1, 0, 0, 0, 1, 0, 0, 0, 0, 0, 0, 0, 1, 0, 0, 12, 0, 2, 2, 233, 0, 0, D-LinkWaterSensor
0, 0, 0, 1, 0, 0, 0, 1, 0, 0, 0, 0, 0, 0, 0, 1, 0, 0, 12, 0, 2, 2, 69, 0, 0, D-LinkWaterSensor
0, 0, 0, 1, 0, 0, 1, 0, 62, 1, 0, 0, 0, 0, 0, 0, 0, 0, 12, 0, 1, 2, 1420, 1, 5.425545829867716, D-LinkWaterSensor
0, 0, 0, 1, 0, 0, 1, 0, 62, 1, 0, 0, 0, 0, 0, 0, 0, 0, 12, 0, 1, 2, 1420, 1, 5.32839492338226, D-LinkWaterSensor
0, 0, 0, 1, 0, 0, 1, 0, 62, 1, 0, 0, 0, 0, 0, 0, 0, 0, 12, 0, 1, 2, 1420, 1, 5.400909891206579, D-LinkWaterSensor
0, 0, 0, 1, 0, 0, 1, 0, 62, 1, 0, 0, 0, 0, 0, 0, 0, 0, 12, 0, 1, 2, 1420, 1, 4.7401294930169255, D-LinkWaterSensor
0, 0, 0, 1, 0, 0, 1, 0, 62, 1, 0, 0, 0, 0, 0, 0, 0, 0, 12, 0, 1, 2, 1420, 1, 5.048169367086987, D-LinkWaterSensor
0, 0, 0, 1, 0, 0, 1, 0, 62, 1, 0, 0, 0, 0, 0, 0, 0, 0, 12, 0, 1, 2, 1420, 1, 5.004241698043753, D-LinkWaterSensor
0, 0, 0, 1, 0, 0, 1, 0, 8976, 1, 0, 0, 0, 0, 0, 0, 0, 0, 12, 0, 2, 1, 40, 0, 0, D-LinkWaterSensor
0, 0, 0, 1, 0, 0, 1, 0, 62, 1, 0, 0, 0, 0, 0, 0, 0, 0, 12, 0, 1, 2, 1420, 1, 5.1125424714846055, D-LinkWaterSensor
0, 0, 0, 1, 0, 0, 1, 0, 8976, 1, 0, 0, 0, 0, 0, 0, 0, 0, 12, 0, 2, 1, 40, 0, 0, D-LinkWaterSensor
0, 0, 0, 1, 0, 0, 1, 0, 62, 1, 0, 0, 0, 0, 0, 0, 0, 0, 12, 0, 1, 2, 1420, 1, 5.0051213076850845, D-LinkWaterSensor
0, 0, 0, 1, 0, 0, 1, 0, 62, 1, 0, 0, 0, 0, 0, 0, 0, 0, 12, 0, 1, 2, 1420, 1, 5.018811121361574, D-LinkWaterSensor
0, 0, 0, 1, 0, 0, 1, 0, 62, 1, 0, 0, 0, 0, 0, 0, 0, 0, 12, 0, 1, 2, 1420, 1, 5.222569053819502, D-LinkWaterSensor
0, 0, 0, 1, 0, 0, 1, 0, 62, 1, 0, 0, 0, 0, 0, 0, 0, 0, 12, 0, 1, 2, 1420, 1, 5.470580880737453, D-LinkWaterSensor
0, 0, 0, 1, 0, 0, 1, 0, 62, 1, 0, 0, 0, 0, 0, 0, 0, 0, 12, 0, 1, 2, 1420, 1, 5.181814271732824, D-LinkWaterSensor
0, 0, 0, 1, 0, 0, 1, 0, 8976, 1, 0, 0, 0, 0, 0, 0, 0, 0, 12, 0, 2, 1, 40, 0, 0, D-LinkWaterSensor
0, 0, 0, 1, 0, 0, 1, 0, 8976, 1, 0, 0, 0, 0, 0, 0, 0, 0, 12, 0, 2, 1, 40, 0, 0, D-LinkWaterSensor
0, 0, 0, 1, 0, 0, 1, 0, 8976, 1, 0, 0, 0, 0, 0, 0, 0, 0, 12, 0, 2, 1, 40, 0, 0, D-LinkWaterSensor
0, 0, 0, 1, 0, 0, 1, 0, 8976, 1, 0, 0, 0, 0, 0, 0, 0, 0, 12, 0, 2, 1, 40, 0, 0, D-LinkWaterSensor
0, 0, 0, 1, 0, 0, 1, 0, 669, 0, 1, 0, 0, 0, 0, 0, 0, 0, 12, 0, 1, 2, 77, 1, 4.939183095358683, D-LinkWaterSensor
0, 0, 0, 1, 0, 0, 1, 0, 669, 0, 1, 0, 0, 0, 0, 0, 0, 0, 12, 0, 1, 2, 40, 0, 0, D-LinkWaterSensor
0, 0, 0, 1, 0, 0, 1, 0, 7060, 0, 1, 0, 0, 0, 0, 0, 0, 0, 12, 0, 2, 1, 40, 0, 0, D-LinkWaterSensor
0, 0, 0, 1, 0, 0, 1, 0, 7060, 0, 1, 0, 0, 0, 0, 0, 0, 0, 12, 0, 2, 1, 40, 0, 0, D-LinkWaterSensor
0, 0, 0, 1, 0, 0, 1, 0, 669, 0, 1, 0, 0, 0, 0, 0, 0, 0, 12, 0, 1, 2, 40, 0, 0, D-LinkWaterSensor
0, 0, 0, 1, 0, 0, 1, 0, 62, 1, 0, 0, 0, 0, 0, 0, 0, 0, 12, 0, 1, 2, 1420, 1, 5.295779826115919, D-LinkWaterSensor
0, 0, 0, 1, 0, 0, 1, 0, 62, 1, 0, 0, 0, 0, 0, 0, 0, 0, 12, 0, 1, 2, 1420, 1, 5.399786498197485, D-LinkWaterSensor
0, 0, 0, 1, 0, 0, 1, 0, 62, 1, 0, 0, 0, 0, 0, 0, 0, 0, 12, 0, 1, 2, 1420, 1, 5.356965427071776, D-LinkWaterSensor
0, 0, 0, 1, 0, 0, 1, 0, 62, 1, 0, 0, 0, 0, 0, 0, 0, 0, 12, 0, 1, 2, 1420, 1, 5.42858371529183, D-LinkWaterSensor
0, 0, 0, 1, 0, 0, 1, 0, 62, 1, 0, 0, 0, 0, 0, 0, 0, 0, 12, 0, 1, 2, 1420, 1, 5.146212643982459, D-LinkWaterSensor
0, 0, 0, 1, 0, 0, 1, 0, 8976, 1, 0, 0, 0, 0, 0, 0, 0, 0, 12, 0, 2, 1, 40, 0, 0, D-LinkWaterSensor
0, 0, 0, 1, 0, 0, 1, 0, 8976, 1, 0, 0, 0, 0, 0, 0, 0, 0, 12, 0, 2, 1, 40, 0, 0, D-LinkWaterSensor
0, 0, 0, 1, 0, 0, 1, 0, 62, 1, 0, 0, 0, 0, 0, 0, 0, 0, 12, 0, 1, 2, 1420, 1, 5.293509779575485, D-LinkWaterSensor
0, 0, 0, 1, 0, 0, 1, 0, 62, 1, 0, 0, 0, 0, 0, 0, 0, 0, 12, 0, 1, 2, 1420, 1, 5.157459327844779, D-LinkWaterSensor
0, 0, 0, 1, 0, 0, 1, 0, 62, 1, 0, 0, 0, 0, 0, 0, 0, 0, 12, 0, 1, 2, 1420, 1, 5.344532013493736, D-LinkWaterSensor
0, 0, 0, 1, 0, 0, 1, 0, 62, 1, 0, 0, 0, 0, 0, 0, 0, 0, 12, 0, 1, 2, 1420, 1, 5.317279711540171, D-LinkWaterSensor
0, 0, 0, 1, 0, 0, 1, 0, 8976, 1, 0, 0, 0, 0, 0, 0, 0, 0, 12, 0, 2, 1, 40, 0, 0, D-LinkWaterSensor
0, 0, 0, 1, 0, 0, 1, 0, 62, 1, 0, 0, 0, 0, 0, 0, 0, 0, 12, 0, 1, 2, 1420, 1, 5.345139675454742, D-LinkWaterSensor
0, 0, 0, 1, 0, 0, 1, 0, 62, 1, 0, 0, 0, 0, 0, 0, 0, 0, 12, 0, 1, 2, 1420, 1, 5.449347312493198, D-LinkWaterSensor
0, 0, 0, 1, 0, 0, 1, 0, 62, 1, 0, 0, 0, 0, 0, 0, 0, 0, 12, 0, 1, 2, 1420, 1, 5.307081231611591, D-LinkWaterSensor
0, 0, 0, 1, 0, 0, 1, 0, 62, 1, 0, 0, 0, 0, 0, 0, 0, 0, 12, 0, 1, 2, 1420, 1, 5.063371958706965, D-LinkWaterSensor
0, 0, 0, 1, 0, 0, 1, 0, 8976, 1, 0, 0, 0, 0, 0, 0, 0, 0, 12, 0, 2, 1, 40, 0, 0, D-LinkWaterSensor
0, 0, 0, 1, 0, 0, 1, 0, 8976, 1, 0, 0, 0, 0, 0, 0, 0, 0, 12, 0, 2, 1, 40, 0, 0, D-LinkWaterSensor
0, 0, 0, 1, 0, 0, 1, 0, 8976, 1, 0, 0, 0, 0, 0, 0, 0, 0, 12, 0, 2, 1, 40, 0, 0, D-LinkWaterSensor
0, 0, 0, 1, 0, 0, 1, 0, 8976, 1, 0, 0, 0, 0, 0, 0, 0, 0, 12, 0, 2, 1, 40, 0, 0, D-LinkWaterSensor
0, 0, 0, 1, 0, 0, 1, 0, 62, 1, 0, 0, 0, 0, 0, 0, 0, 0, 12, 0, 1, 2, 1420, 1, 5.3151476449820905, D-LinkWaterSensor
0, 0, 0, 1, 0, 0, 1, 0, 62, 1, 0, 0, 0, 0, 0, 0, 0, 0, 12, 0, 1, 2, 1420, 1, 5.422914194398913, D-LinkWaterSensor
0, 0, 0, 1, 0, 0, 1, 0, 62, 1, 0, 0, 0, 0, 0, 0, 0, 0, 12, 0, 1, 2, 1420, 1, 5.565683602585836, D-LinkWaterSensor
0, 0, 0, 1, 0, 0, 1, 0, 62, 1, 0, 0, 0, 0, 0, 0, 0, 0, 12, 0, 1, 2, 1420, 1, 5.316668845642885, D-LinkWaterSensor
0, 0, 0, 1, 0, 0, 1, 0, 8976, 1, 0, 0, 0, 0, 0, 0, 0, 0, 12, 0, 2, 1, 40, 0, 0, D-LinkWaterSensor
0, 0, 0, 1, 0, 0, 1, 0, 62, 1, 0, 0, 0, 0, 0, 0, 0, 0, 12, 0, 1, 2, 1420, 1, 5.267896294017325, D-LinkWaterSensor
0, 0, 0, 1, 0, 0, 1, 0, 62, 1, 0, 0, 0, 0, 0, 0, 0, 0, 12, 0, 1, 2, 1420, 1, 5.3732362767916495, D-LinkWaterSensor
0, 0, 0, 1, 0, 0, 1, 0, 8976, 1, 0, 0, 0, 0, 0, 0, 0, 0, 12, 0, 2, 1, 40, 0, 0, D-LinkWaterSensor
0, 0, 0, 1, 0, 0, 1, 0, 8976, 1, 0, 0, 0, 0, 0, 0, 0, 0, 12, 0, 2, 1, 40, 0, 0, D-LinkWaterSensor
0, 0, 0, 1, 0, 0, 1, 0, 62, 1, 0, 0, 0, 0, 0, 0, 0, 0, 12, 0, 1, 2, 1420, 1, 4.8147769322387814, D-LinkWaterSensor
0, 0, 0, 1, 0, 0, 1, 0, 62, 1, 0, 0, 0, 0, 0, 0, 0, 0, 12, 0, 1, 2, 1420, 1, 4.800224271140776, D-LinkWaterSensor
0, 0, 0, 1, 0, 0, 1, 0, 8976, 1, 0, 0, 0, 0, 0, 0, 0, 0, 12, 0, 2, 1, 40, 0, 0, D-LinkWaterSensor
0, 0, 0, 1, 0, 0, 1, 0, 62, 1, 0, 0, 0, 0, 0, 0, 0, 0, 12, 0, 1, 2, 1420, 1, 5.150051085535787, D-LinkWaterSensor
0, 0, 0, 1, 0, 0, 1, 0, 62, 1, 0, 0, 0, 0, 0, 0, 0, 0, 12, 0, 1, 2, 1420, 1, 5.268357387798758, D-LinkWaterSensor
0, 0, 0, 1, 0, 0, 1, 0, 62, 1, 0, 0, 0, 0, 0, 0, 0, 0, 12, 0, 1, 2, 1420, 1, 5.353821223503421, D-LinkWaterSensor
0, 0, 0, 1, 0, 0, 1, 0, 62, 1, 0, 0, 0, 0, 0, 0, 0, 0, 12, 0, 1, 2, 1420, 1, 5.137699232983645, D-LinkWaterSensor
0, 0, 0, 1, 0, 0, 1, 0, 8976, 1, 0, 0, 0, 0, 0, 0, 0, 0, 12, 0, 2, 1, 40, 0, 0, D-LinkWaterSensor
0, 0, 0, 1, 0, 0, 1, 0, 8976, 1, 0, 0, 0, 0, 0, 0, 0, 0, 12, 0, 2, 1, 40, 0, 0, D-LinkWaterSensor
0, 0, 0, 1, 0, 0, 1, 0, 62, 1, 0, 0, 0, 0, 0, 0, 0, 0, 12, 0, 1, 2, 1420, 1, 5.411133762905172, D-LinkWaterSensor
0, 0, 0, 1, 0, 0, 1, 0, 8976, 1, 0, 0, 0, 0, 0, 0, 0, 0, 12, 0, 2, 1, 40, 0, 0, D-LinkWaterSensor
0, 0, 0, 1, 0, 0, 1, 0, 62, 1, 0, 0, 0, 0, 0, 0, 0, 0, 12, 0, 1, 2, 1420, 1, 5.095265894577033, D-LinkWaterSensor
0, 0, 0, 1, 0, 0, 1, 0, 62, 1, 0, 0, 0, 0, 0, 0, 0, 0, 12, 0, 1, 2, 1420, 1, 5.225650059872157, D-LinkWaterSensor
0, 0, 0, 1, 0, 0, 1, 0, 8976, 1, 0, 0, 0, 0, 0, 0, 0, 0, 12, 0, 2, 1, 40, 0, 0, D-LinkWaterSensor
0, 0, 0, 1, 0, 0, 1, 0, 62, 1, 0, 0, 0, 0, 0, 0, 0, 0, 12, 0, 1, 2, 1420, 1, 5.044625704661504, D-LinkWaterSensor
0, 0, 0, 1, 0, 0, 1, 0, 62, 1, 0, 0, 0, 0, 0, 0, 0, 0, 12, 0, 1, 2, 1420, 1, 5.037678036856854, D-LinkWaterSensor
0, 0, 0, 1, 0, 0, 1, 0, 62, 1, 0, 0, 0, 0, 0, 0, 0, 0, 12, 0, 1, 2, 1420, 1, 5.481678337584601, D-LinkWaterSensor
0, 0, 0, 1, 0, 0, 1, 0, 62, 1, 0, 0, 0, 0, 0, 0, 0, 0, 12, 0, 1, 2, 1420, 1, 5.395577327762981, D-LinkWaterSensor
0, 0, 0, 1, 0, 0, 1, 0, 62, 1, 0, 0, 0, 0, 0, 0, 0, 0, 12, 0, 1, 2, 1420, 1, 5.530398689641437, D-LinkWaterSensor
0, 0, 0, 1, 0, 0, 1, 0, 62, 1, 0, 0, 0, 0, 0, 0, 0, 0, 12, 0, 1, 2, 1420, 1, 5.540981051943266, D-LinkWaterSensor
0, 0, 0, 1, 0, 0, 1, 0, 62, 1, 0, 0, 0, 0, 0, 0, 0, 0, 12, 0, 1, 2, 1420, 1, 5.488158540466965, D-LinkWaterSensor
0, 0, 0, 1, 0, 0, 1, 0, 62, 1, 0, 0, 0, 0, 0, 0, 0, 0, 12, 0, 1, 2, 1420, 1, 5.343489156405615, D-LinkWaterSensor
0, 0, 0, 1, 0, 0, 1, 0, 8976, 1, 0, 0, 0, 0, 0, 0, 0, 0, 12, 0, 2, 1, 40, 0, 0, D-LinkWaterSensor
0, 0, 0, 1, 0, 0, 1, 0, 8976, 1, 0, 0, 0, 0, 0, 0, 0, 0, 12, 0, 2, 1, 40, 0, 0, D-LinkWaterSensor
0, 0, 0, 1, 0, 0, 1, 0, 62, 1, 0, 0, 0, 0, 0, 0, 0, 0, 12, 0, 1, 2, 1420, 1, 5.443786533454581, D-LinkWaterSensor
0, 0, 0, 1, 0, 0, 1, 0, 62, 1, 0, 0, 0, 0, 0, 0, 0, 0, 12, 0, 1, 2, 1420, 1, 5.5370409762333415, D-LinkWaterSensor
0, 0, 0, 1, 0, 0, 1, 0, 8976, 1, 0, 0, 0, 0, 0, 0, 0, 0, 12, 0, 2, 1, 40, 0, 0, D-LinkWaterSensor
0, 0, 0, 1, 0, 0, 1, 0, 8976, 1, 0, 0, 0, 0, 0, 0, 0, 0, 12, 0, 2, 1, 40, 0, 0, D-LinkWaterSensor
0, 0, 0, 1, 0, 0, 1, 0, 8976, 1, 0, 0, 0, 0, 0, 0, 0, 0, 12, 0, 2, 1, 40, 0, 0, D-LinkWaterSensor
0, 0, 0, 1, 0, 0, 1, 0, 62, 1, 0, 0, 0, 0, 0, 0, 0, 0, 12, 0, 1, 2, 1420, 1, 5.156273417434089, D-LinkWaterSensor
0, 0, 0, 1, 0, 0, 1, 0, 8976, 1, 0, 0, 0, 0, 0, 0, 0, 0, 12, 0, 2, 1, 40, 0, 0, D-LinkWaterSensor
0, 0, 0, 1, 0, 0, 1, 0, 62, 1, 0, 0, 0, 0, 0, 0, 0, 0, 12, 0, 1, 2, 1420, 1, 5.25458972826155, D-LinkWaterSensor
0, 0, 0, 1, 0, 0, 1, 0, 62, 1, 0, 0, 0, 0, 0, 0, 0, 0, 12, 0, 1, 2, 1420, 1, 5.023122598985199, D-LinkWaterSensor
0, 0, 0, 1, 0, 0, 1, 0, 8976, 1, 0, 0, 0, 0, 0, 0, 0, 0, 12, 0, 2, 1, 40, 0, 0, D-LinkWaterSensor
0, 0, 0, 1, 0, 0, 1, 0, 62, 1, 0, 0, 0, 0, 0, 0, 0, 0, 12, 0, 1, 2, 1420, 1, 5.389105175470897, D-LinkWaterSensor
0, 0, 0, 1, 0, 0, 1, 0, 62, 1, 0, 0, 0, 0, 0, 0, 0, 0, 12, 0, 1, 2, 1420, 1, 4.902110267571863, D-LinkWaterSensor
0, 0, 0, 1, 0, 0, 1, 0, 62, 1, 0, 0, 0, 0, 0, 0, 0, 0, 12, 0, 1, 2, 1420, 1, 5.0085041684975105, D-LinkWaterSensor
0, 0, 0, 1, 0, 0, 1, 0, 62, 1, 0, 0, 0, 0, 0, 0, 0, 0, 12, 0, 1, 2, 1420, 1, 5.05964725617712, D-LinkWaterSensor
0, 0, 0, 1, 0, 0, 1, 0, 62, 1, 0, 0, 0, 0, 0, 0, 0, 0, 12, 0, 1, 2, 1420, 1, 5.040552621542489, D-LinkWaterSensor
0, 0, 0, 1, 0, 0, 1, 0, 62, 1, 0, 0, 0, 0, 0, 0, 0, 0, 12, 0, 1, 2, 1420, 1, 5.054920741803622, D-LinkWaterSensor
0, 0, 0, 1, 0, 0, 1, 0, 8976, 1, 0, 0, 0, 0, 0, 0, 0, 0, 12, 0, 2, 1, 40, 0, 0, D-LinkWaterSensor
0, 0, 0, 1, 0, 0, 1, 0, 62, 1, 0, 0, 0, 0, 0, 0, 0, 0, 12, 0, 1, 2, 1420, 1, 5.342216179380484, D-LinkWaterSensor
0, 0, 0, 1, 0, 0, 1, 0, 62, 1, 0, 0, 0, 0, 0, 0, 0, 0, 12, 0, 1, 2, 1420, 1, 5.313261729387169, D-LinkWaterSensor
0, 0, 0, 1, 0, 0, 1, 0, 62, 1, 0, 0, 0, 0, 0, 0, 0, 0, 12, 0, 1, 2, 1420, 1, 5.5874629671496345, D-LinkWaterSensor
0, 0, 0, 1, 0, 0, 1, 0, 62, 1, 0, 0, 0, 0, 0, 0, 0, 0, 12, 0, 1, 2, 1420, 1, 5.499671809539303, D-LinkWaterSensor
0, 0, 0, 1, 0, 0, 1, 0, 8976, 1, 0, 0, 0, 0, 0, 0, 0, 0, 12, 0, 2, 1, 40, 0, 0, D-LinkWaterSensor
0, 0, 0, 1, 0, 0, 1, 0, 8976, 1, 0, 0, 0, 0, 0, 0, 0, 0, 12, 0, 2, 1, 40, 0, 0, D-LinkWaterSensor
0, 0, 0, 1, 0, 0, 1, 0, 8976, 1, 0, 0, 0, 0, 0, 0, 0, 0, 12, 0, 2, 1, 40, 0, 0, D-LinkWaterSensor
0, 0, 0, 1, 0, 0, 1, 0, 8976, 1, 0, 0, 0, 0, 0, 0, 0, 0, 12, 0, 2, 1, 40, 0, 0, D-LinkWaterSensor
0, 0, 0, 1, 0, 0, 1, 0, 62, 1, 0, 0, 0, 0, 0, 0, 0, 0, 12, 0, 1, 2, 1420, 1, 5.264924887019079, D-LinkWaterSensor
0, 0, 0, 1, 0, 0, 0, 1, 0, 0, 0, 0, 0, 0, 0, 1, 0, 0, 12, 0, 2, 2, 472, 0, 0, D-LinkWaterSensor
0, 0, 0, 1, 0, 0, 0, 1, 0, 0, 0, 0, 0, 0, 0, 1, 0, 0, 12, 0, 2, 2, 83, 0, 0, D-LinkWaterSensor
0, 0, 0, 1, 0, 0, 1, 0, 62, 1, 0, 0, 0, 0, 0, 0, 0, 0, 12, 0, 1, 2, 1420, 1, 5.192946250931084, D-LinkWaterSensor
0, 0, 0, 1, 0, 0, 1, 0, 62, 1, 0, 0, 0, 0, 0, 0, 0, 0, 12, 0, 1, 2, 1420, 1, 4.628054934709008, D-LinkWaterSensor
0, 0, 0, 1, 0, 0, 1, 0, 8976, 1, 0, 0, 0, 0, 0, 0, 0, 0, 12, 0, 2, 1, 40, 0, 0, D-LinkWaterSensor
0, 0, 0, 1, 0, 0, 1, 0, 62, 1, 0, 0, 0, 0, 0, 0, 0, 0, 12, 0, 1, 2, 1420, 1, 4.325501431649577, D-LinkWaterSensor
0, 0, 0, 1, 0, 0, 1, 0, 62, 1, 0, 0, 0, 0, 0, 0, 0, 0, 12, 0, 1, 2, 1420, 1, 4.519421609539875, D-LinkWaterSensor
0, 0, 0, 1, 0, 0, 1, 0, 8976, 1, 0, 0, 0, 0, 0, 0, 0, 0, 12, 0, 2, 1, 40, 0, 0, D-LinkWaterSensor
0, 0, 0, 1, 0, 0, 1, 0, 62, 1, 0, 0, 0, 0, 0, 0, 0, 0, 12, 0, 1, 2, 1420, 1, 4.846688897567277, D-LinkWaterSensor
0, 0, 0, 1, 0, 0, 1, 0, 62, 1, 0, 0, 0, 0, 0, 0, 0, 0, 12, 0, 1, 2, 1420, 1, 5.4212115749637455, D-LinkWaterSensor
0, 0, 0, 1, 0, 0, 1, 0, 62, 1, 0, 0, 0, 0, 0, 0, 0, 0, 12, 0, 1, 2, 1420, 1, 4.965914485766262, D-LinkWaterSensor
0, 0, 0, 1, 0, 0, 1, 0, 62, 1, 0, 0, 0, 0, 0, 0, 0, 0, 12, 0, 1, 2, 1420, 1, 5.445289518924504, D-LinkWaterSensor
0, 0, 0, 1, 0, 0, 1, 0, 8976, 1, 0, 0, 0, 0, 0, 0, 0, 0, 12, 0, 2, 1, 40, 0, 0, D-LinkWaterSensor
0, 0, 0, 1, 0, 0, 1, 0, 8976, 1, 0, 0, 0, 0, 0, 0, 0, 0, 12, 0, 2, 1, 40, 0, 0, D-LinkWaterSensor
0, 0, 0, 1, 0, 0, 1, 0, 62, 1, 0, 0, 0, 0, 0, 0, 0, 0, 12, 0, 1, 2, 1420, 1, 5.529468421235047, D-LinkWaterSensor
0, 0, 0, 1, 0, 0, 1, 0, 62, 1, 0, 0, 0, 0, 0, 0, 0, 0, 12, 0, 1, 2, 1420, 1, 5.30874825676471, D-LinkWaterSensor
0, 0, 0, 1, 0, 0, 1, 0, 62, 1, 0, 0, 0, 0, 0, 0, 0, 0, 12, 0, 1, 2, 1420, 1, 4.994473711735383, D-LinkWaterSensor
0, 0, 0, 1, 0, 0, 1, 0, 62, 1, 0, 0, 0, 0, 0, 0, 0, 0, 12, 0, 1, 2, 1420, 1, 5.330027874510621, D-LinkWaterSensor
0, 0, 0, 1, 0, 0, 1, 0, 8976, 1, 0, 0, 0, 0, 0, 0, 0, 0, 12, 0, 2, 1, 40, 0, 0, D-LinkWaterSensor
0, 0, 0, 1, 0, 0, 1, 0, 8976, 1, 0, 0, 0, 0, 0, 0, 0, 0, 12, 0, 2, 1, 40, 0, 0, D-LinkWaterSensor
0, 0, 0, 1, 0, 0, 1, 0, 8976, 1, 0, 0, 0, 0, 0, 0, 0, 0, 12, 0, 2, 1, 40, 0, 0, D-LinkWaterSensor
0, 0, 0, 1, 0, 0, 1, 0, 62, 1, 0, 0, 0, 0, 0, 0, 0, 0, 12, 0, 1, 2, 1420, 1, 5.221844704394758, D-LinkWaterSensor
0, 0, 0, 1, 0, 0, 1, 0, 62, 1, 0, 0, 0, 0, 0, 0, 0, 0, 12, 0, 1, 2, 1420, 1, 4.948783270906128, D-LinkWaterSensor
0, 0, 0, 1, 0, 0, 1, 0, 8976, 1, 0, 0, 0, 0, 0, 0, 0, 0, 12, 0, 2, 1, 40, 0, 0, D-LinkWaterSensor
0, 0, 0, 1, 0, 0, 1, 0, 62, 1, 0, 0, 0, 0, 0, 0, 0, 0, 12, 0, 1, 2, 1420, 1, 4.906122906434917, D-LinkWaterSensor
0, 0, 0, 1, 0, 0, 1, 0, 62, 1, 0, 0, 0, 0, 0, 0, 0, 0, 12, 0, 1, 2, 1420, 1, 4.9917185905826, D-LinkWaterSensor
0, 0, 0, 1, 0, 0, 1, 0, 62, 1, 0, 0, 0, 0, 0, 0, 0, 0, 12, 0, 1, 2, 1420, 1, 3.6494308302688743, D-LinkWaterSensor
0, 0, 0, 1, 0, 0, 1, 0, 8976, 1, 0, 0, 0, 0, 0, 0, 0, 0, 12, 0, 2, 1, 40, 0, 0, D-LinkWaterSensor
0, 0, 0, 1, 0, 0, 1, 0, 62, 1, 0, 0, 0, 0, 0, 0, 0, 0, 12, 0, 1, 2, 1420, 1, 2.853953099685199, D-LinkWaterSensor
0, 0, 0, 1, 0, 0, 1, 0, 62, 1, 0, 0, 0, 0, 0, 0, 0, 0, 12, 0, 1, 2, 1420, 1, 1.7810262974535027, D-LinkWaterSensor
0, 0, 0, 1, 0, 0, 1, 0, 62, 1, 0, 0, 0, 0, 0, 0, 0, 0, 12, 0, 1, 2, 1420, 1, 5.216322462816865, D-LinkWaterSensor
0, 0, 0, 1, 0, 0, 1, 0, 62, 1, 0, 0, 0, 0, 0, 0, 0, 0, 12, 0, 1, 2, 1420, 1, 5.944738228945674, D-LinkWaterSensor
0, 0, 0, 1, 0, 0, 1, 0, 62, 1, 0, 0, 0, 0, 0, 0, 0, 0, 12, 0, 1, 2, 1420, 1, 4.0905448332033085, D-LinkWaterSensor
0, 0, 0, 1, 0, 0, 1, 0, 8976, 1, 0, 0, 0, 0, 0, 0, 0, 0, 12, 0, 2, 1, 40, 0, 0, D-LinkWaterSensor
0, 0, 0, 1, 0, 0, 1, 0, 62, 1, 0, 0, 0, 0, 0, 0, 0, 0, 12, 0, 1, 2, 1420, 1, 5.007427450854121, D-LinkWaterSensor
0, 0, 0, 1, 0, 0, 1, 0, 62, 1, 0, 0, 0, 0, 0, 0, 0, 0, 12, 0, 1, 2, 1420, 1, 4.668546939723383, D-LinkWaterSensor
0, 0, 0, 1, 0, 0, 1, 0, 8976, 1, 0, 0, 0, 0, 0, 0, 0, 0, 12, 0, 2, 1, 40, 0, 0, D-LinkWaterSensor
0, 0, 0, 1, 0, 0, 1, 0, 8976, 1, 0, 0, 0, 0, 0, 0, 0, 0, 12, 0, 2, 1, 40, 0, 0, D-LinkWaterSensor
0, 0, 0, 1, 0, 0, 1, 0, 8976, 1, 0, 0, 0, 0, 0, 0, 0, 0, 12, 0, 2, 1, 40, 0, 0, D-LinkWaterSensor
0, 0, 0, 1, 0, 0, 1, 0, 62, 1, 0, 0, 0, 0, 0, 0, 0, 0, 12, 0, 1, 2, 1420, 1, 3.647618224653381, D-LinkWaterSensor
0, 0, 0, 1, 0, 0, 1, 0, 8976, 1, 0, 0, 0, 0, 0, 0, 0, 0, 12, 0, 2, 1, 40, 0, 0, D-LinkWaterSensor
0, 0, 0, 1, 0, 0, 1, 0, 62, 1, 0, 0, 0, 0, 0, 0, 0, 0, 12, 0, 1, 2, 140, 1, 1.098213149896198, D-LinkWaterSensor
0, 0, 0, 1, 0, 0, 1, 0, 8976, 1, 0, 0, 0, 0, 0, 0, 0, 0, 12, 0, 2, 1, 40, 0, 0, D-LinkWaterSensor
0, 0, 0, 1, 0, 0, 1, 0, 390, 0, 1, 0, 0, 0, 0, 0, 0, 0, 12, 0, 1, 2, 40, 0, 0, D-LinkWaterSensor
0, 0, 0, 1, 0, 0, 1, 0, 5680, 0, 1, 0, 0, 0, 0, 0, 0, 0, 12, 0, 2, 1, 40, 0, 0, D-LinkWaterSensor
0, 0, 0, 1, 0, 0, 1, 0, 62, 1, 0, 0, 0, 0, 0, 0, 0, 0, 12, 0, 1, 2, 40, 0, 0, D-LinkWaterSensor
0, 0, 0, 1, 0, 0, 1, 0, 5680, 0, 1, 0, 0, 0, 0, 0, 0, 0, 12, 0, 2, 1, 40, 0, 0, D-LinkWaterSensor
0, 0, 0, 1, 0, 0, 1, 0, 390, 0, 1, 0, 0, 0, 0, 0, 0, 0, 12, 0, 1, 2, 77, 1, 5.047291203466791, D-LinkWaterSensor
0, 0, 0, 1, 0, 0, 1, 0, 390, 0, 1, 0, 0, 0, 0, 0, 0, 0, 12, 0, 1, 2, 40, 0, 0, D-LinkWaterSensor
0, 0, 0, 1, 0, 0, 1, 0, 0, 0, 1, 0, 0, 0, 0, 0, 0, 0, 12, 0, 2, 1, 40, 0, 0, D-LinkWaterSensor
0, 0, 0, 1, 0, 0, 1, 0, 0, 0, 1, 0, 0, 0, 0, 0, 0, 0, 12, 0, 2, 1, 40, 0, 0, D-LinkWaterSensor
0, 0, 0, 1, 0, 0, 0, 1, 0, 0, 0, 0, 0, 0, 0, 1, 0, 0, 12, 0, 2, 2, 277, 0, 0, D-LinkWaterSensor
0, 0, 0, 1, 0, 0, 0, 1, 0, 0, 0, 0, 0, 0, 0, 1, 0, 0, 12, 0, 2, 2, 69, 0, 0, D-LinkWaterSensor
0, 0, 0, 1, 0, 0, 0, 1, 0, 0, 0, 0, 0, 0, 0, 1, 0, 0, 12, 0, 2, 2, 472, 0, 0, D-LinkWaterSensor
0, 0, 0, 1, 0, 0, 0, 1, 0, 0, 0, 0, 0, 0, 0, 1, 0, 0, 12, 0, 2, 2, 83, 0, 0, D-LinkWaterSensor
0, 0, 0, 1, 0, 0, 0, 1, 0, 0, 0, 0, 0, 0, 1, 0, 0, 0, 12, 0, 3, 1, 63, 0, 0, D-LinkWaterSensor
0, 0, 0, 1, 0, 0, 0, 1, 0, 0, 0, 0, 0, 0, 1, 0, 0, 0, 12, 0, 1, 3, 359, 0, 0, D-LinkWaterSensor
0, 0, 0, 1, 0, 0, 1, 0, 5840, 0, 1, 0, 0, 0, 0, 0, 0, 0, 12, 0, 3, 1, 60, 0, 0, D-LinkWaterSensor
0, 0, 0, 1, 0, 0, 1, 0, 17898, 0, 1, 0, 0, 0, 0, 0, 0, 0, 12, 0, 1, 3, 60, 0, 0, D-LinkWaterSensor
0, 0, 0, 1, 0, 0, 1, 0, 2920, 0, 1, 0, 0, 0, 0, 0, 0, 0, 12, 0, 3, 1, 52, 0, 0, D-LinkWaterSensor
0, 0, 0, 1, 0, 0, 1, 0, 2920, 0, 1, 0, 0, 0, 0, 0, 0, 0, 12, 0, 3, 1, 351, 1, 4.966147668179338, D-LinkWaterSensor
0, 0, 0, 1, 0, 0, 1, 0, 75, 0, 1, 0, 0, 0, 0, 0, 0, 0, 12, 0, 1, 3, 52, 0, 0, D-LinkWaterSensor
0, 0, 0, 1, 0, 0, 1, 0, 75, 0, 1, 0, 0, 0, 0, 0, 0, 0, 12, 0, 1, 3, 1420, 1, 7.150608122478121, D-LinkWaterSensor
0, 0, 0, 1, 0, 0, 1, 0, 75, 0, 1, 0, 0, 0, 0, 0, 0, 0, 12, 0, 1, 3, 1420, 1, 7.246205454900595, D-LinkWaterSensor
0, 0, 0, 1, 0, 0, 1, 0, 75, 0, 1, 0, 0, 0, 0, 0, 0, 0, 12, 0, 1, 3, 1135, 1, 7.675396725085322, D-LinkWaterSensor
0, 0, 0, 1, 0, 0, 1, 0, 4288, 0, 1, 0, 0, 0, 0, 0, 0, 0, 12, 0, 3, 1, 52, 0, 0, D-LinkWaterSensor
0, 0, 0, 1, 0, 0, 1, 0, 5656, 0, 1, 0, 0, 0, 0, 0, 0, 0, 12, 0, 3, 1, 52, 0, 0, D-LinkWaterSensor
0, 0, 0, 1, 0, 0, 1, 0, 7024, 0, 1, 0, 0, 0, 0, 0, 0, 0, 12, 0, 3, 1, 52, 0, 0, D-LinkWaterSensor
0, 0, 0, 1, 0, 0, 1, 0, 7024, 0, 1, 0, 0, 0, 0, 0, 0, 0, 12, 0, 3, 1, 178, 1, 6.214915983730321, D-LinkWaterSensor
0, 0, 0, 1, 0, 0, 1, 0, 75, 0, 1, 0, 0, 0, 0, 0, 0, 0, 12, 0, 1, 3, 278, 1, 6.973442623699458, D-LinkWaterSensor
0, 0, 0, 1, 0, 0, 1, 0, 7024, 0, 1, 0, 0, 0, 0, 0, 0, 0, 12, 0, 3, 1, 52, 0, 0, D-LinkWaterSensor
0, 0, 0, 1, 0, 0, 1, 0, 7024, 0, 1, 0, 0, 0, 0, 0, 0, 0, 12, 0, 3, 1, 523, 1, 7.521884201043921, D-LinkWaterSensor
0, 0, 0, 1, 0, 0, 1, 0, 79, 0, 1, 0, 0, 0, 0, 0, 0, 0, 12, 0, 1, 3, 52, 0, 0, D-LinkWaterSensor
0, 0, 0, 1, 0, 0, 1, 0, 79, 0, 1, 0, 0, 0, 0, 0, 0, 0, 12, 0, 1, 3, 321, 1, 7.289985910801835, D-LinkWaterSensor
0, 0, 0, 1, 0, 0, 1, 0, 79, 0, 1, 0, 0, 0, 0, 0, 0, 0, 12, 0, 1, 3, 83, 1, 4.760647923290102, D-LinkWaterSensor
0, 0, 0, 1, 0, 0, 1, 0, 7024, 0, 1, 0, 0, 0, 0, 0, 0, 0, 12, 0, 3, 1, 52, 0, 0, D-LinkWaterSensor
0, 0, 0, 1, 0, 0, 1, 0, 5840, 0, 1, 0, 0, 0, 0, 0, 0, 0, 12, 0, 3, 1, 60, 0, 0, D-LinkWaterSensor
0, 0, 0, 1, 0, 0, 1, 0, 17898, 0, 1, 0, 0, 0, 0, 0, 0, 0, 12, 0, 1, 3, 60, 0, 0, D-LinkWaterSensor
0, 0, 0, 1, 0, 0, 1, 0, 2920, 0, 1, 0, 0, 0, 0, 0, 0, 0, 12, 0, 3, 1, 52, 0, 0, D-LinkWaterSensor
0, 0, 0, 1, 0, 0, 1, 0, 2920, 0, 1, 0, 0, 0, 0, 0, 0, 0, 12, 0, 3, 1, 543, 1, 6.488307640003363, D-LinkWaterSensor
0, 0, 0, 1, 0, 0, 1, 0, 75, 0, 1, 0, 0, 0, 0, 0, 0, 0, 12, 0, 1, 3, 52, 0, 0, D-LinkWaterSensor
0, 0, 0, 1, 0, 0, 1, 0, 75, 0, 1, 0, 0, 0, 0, 0, 0, 0, 12, 0, 1, 3, 189, 1, 6.317784980846786, D-LinkWaterSensor
0, 0, 0, 1, 0, 0, 1, 0, 2920, 0, 1, 0, 0, 0, 0, 0, 0, 0, 12, 0, 3, 1, 52, 0, 0, D-LinkWaterSensor
0, 0, 0, 1, 0, 0, 1, 0, 2920, 0, 1, 0, 0, 0, 0, 0, 0, 0, 12, 0, 3, 1, 103, 1, 5.397915538049932, D-LinkWaterSensor
0, 0, 0, 1, 0, 0, 1, 0, 75, 0, 1, 0, 0, 0, 0, 0, 0, 0, 12, 0, 1, 3, 52, 0, 0, D-LinkWaterSensor
0, 0, 0, 1, 0, 0, 1, 0, 2920, 0, 1, 0, 0, 0, 0, 0, 0, 0, 12, 0, 3, 1, 408, 1, 7.3625186334621215, D-LinkWaterSensor
0, 0, 0, 1, 0, 0, 1, 0, 79, 0, 1, 0, 0, 0, 0, 0, 0, 0, 12, 0, 1, 3, 52, 0, 0, D-LinkWaterSensor
0, 0, 0, 1, 0, 0, 1, 0, 79, 0, 1, 0, 0, 0, 0, 0, 0, 0, 12, 0, 1, 3, 448, 1, 7.475148878943729, D-LinkWaterSensor
0, 0, 0, 1, 0, 0, 1, 0, 79, 0, 1, 0, 0, 0, 0, 0, 0, 0, 12, 0, 1, 3, 83, 1, 4.696131794257844, D-LinkWaterSensor
0, 0, 0, 1, 0, 0, 0, 1, 0, 0, 0, 0, 0, 0, 1, 0, 0, 0, 12, 0, 3, 1, 65, 0, 0, D-LinkWaterSensor
0, 0, 0, 1, 0, 0, 0, 1, 0, 0, 0, 0, 0, 0, 1, 0, 0, 0, 12, 0, 1, 3, 81, 0, 0, D-LinkWaterSensor
0, 0, 0, 1, 0, 0, 1, 0, 5840, 0, 1, 0, 0, 0, 0, 0, 0, 0, 12, 0, 2, 1, 60, 0, 0, D-LinkWaterSensor
0, 0, 0, 1, 0, 0, 1, 0, 3456, 0, 1, 0, 0, 0, 0, 0, 0, 0, 12, 0, 3, 1, 52, 0, 0, D-LinkWaterSensor
0, 0, 0, 1, 0, 0, 1, 0, 2048, 0, 1, 0, 0, 0, 0, 0, 0, 0, 12, 0, 1, 2, 52, 0, 0, D-LinkWaterSensor
0, 0, 0, 1, 0, 0, 1, 0, 2920, 0, 1, 0, 0, 0, 0, 0, 0, 0, 12, 0, 2, 1, 40, 0, 0, D-LinkWaterSensor
0, 0, 0, 1, 0, 0, 1, 0, 2920, 0, 1, 0, 0, 0, 0, 0, 0, 0, 12, 0, 2, 1, 339, 1, 4.988889718888804, D-LinkWaterSensor
0, 0, 0, 1, 0, 0, 1, 0, 390, 0, 1, 0, 0, 0, 0, 0, 0, 0, 12, 0, 1, 2, 40, 0, 0, D-LinkWaterSensor
0, 0, 0, 1, 0, 0, 1, 0, 390, 0, 1, 0, 0, 0, 0, 0, 0, 0, 12, 0, 1, 2, 98, 1, 4.891537067454982, D-LinkWaterSensor
0, 0, 0, 1, 0, 0, 1, 0, 390, 0, 1, 0, 0, 0, 0, 0, 0, 0, 12, 0, 1, 2, 1420, 1, 7.214848183228593, D-LinkWaterSensor
0, 0, 0, 1, 0, 0, 1, 0, 390, 0, 1, 0, 0, 0, 0, 0, 0, 0, 12, 0, 1, 2, 1420, 1, 7.1070261665549275, D-LinkWaterSensor
0, 0, 0, 1, 0, 0, 1, 0, 390, 0, 1, 0, 0, 0, 0, 0, 0, 0, 12, 0, 1, 2, 686, 1, 7.530092497800246, D-LinkWaterSensor
0, 0, 0, 1, 0, 0, 1, 0, 2920, 0, 1, 0, 0, 0, 0, 0, 0, 0, 12, 0, 2, 1, 40, 0, 0, D-LinkWaterSensor
0, 0, 0, 1, 0, 0, 1, 0, 4300, 0, 1, 0, 0, 0, 0, 0, 0, 0, 12, 0, 2, 1, 40, 0, 0, D-LinkWaterSensor
0, 0, 0, 1, 0, 0, 1, 0, 5680, 0, 1, 0, 0, 0, 0, 0, 0, 0, 12, 0, 2, 1, 40, 0, 0, D-LinkWaterSensor
0, 0, 0, 1, 0, 0, 1, 0, 5680, 0, 1, 0, 0, 0, 0, 0, 0, 0, 12, 0, 2, 1, 40, 0, 0, D-LinkWaterSensor
0, 0, 0, 1, 0, 0, 1, 0, 390, 0, 1, 0, 0, 0, 0, 0, 0, 0, 12, 0, 1, 2, 378, 1, 7.352908263263821, D-LinkWaterSensor
0, 0, 0, 1, 0, 0, 1, 0, 390, 0, 1, 0, 0, 0, 0, 0, 0, 0, 12, 0, 1, 2, 49, 1, 2.058813890331201, D-LinkWaterSensor
0, 0, 0, 1, 0, 0, 1, 0, 5680, 0, 1, 0, 0, 0, 0, 0, 0, 0, 12, 0, 2, 1, 40, 0, 0, D-LinkWaterSensor
0, 0, 0, 1, 0, 0, 1, 0, 5680, 0, 1, 0, 0, 0, 0, 0, 0, 0, 12, 0, 2, 1, 40, 0, 0, D-LinkWaterSensor
0, 0, 0, 1, 0, 0, 1, 0, 5680, 0, 1, 0, 0, 0, 0, 0, 0, 0, 12, 0, 2, 1, 166, 1, 6.353238729189679, D-LinkWaterSensor
0, 0, 0, 1, 0, 0, 1, 0, 390, 0, 1, 0, 0, 0, 0, 0, 0, 0, 12, 0, 1, 2, 159, 1, 6.2494901370938996, D-LinkWaterSensor
0, 0, 0, 1, 0, 0, 1, 0, 390, 0, 1, 0, 0, 0, 0, 0, 0, 0, 12, 0, 1, 2, 46, 1, 1.9182958340544896, D-LinkWaterSensor
0, 0, 0, 1, 0, 0, 1, 0, 390, 0, 1, 0, 0, 0, 0, 0, 0, 0, 12, 0, 1, 2, 85, 1, 4.591201429374547, D-LinkWaterSensor
0, 0, 0, 1, 0, 0, 1, 0, 5680, 0, 1, 0, 0, 0, 0, 0, 0, 0, 12, 0, 2, 1, 40, 0, 0, D-LinkWaterSensor
0, 0, 0, 1, 0, 0, 1, 0, 5680, 0, 1, 0, 0, 0, 0, 0, 0, 0, 12, 0, 2, 1, 202, 1, 6.827383644806499, D-LinkWaterSensor
0, 0, 0, 1, 0, 0, 1, 0, 390, 0, 1, 0, 0, 0, 0, 0, 0, 0, 12, 0, 1, 2, 40, 0, 0, D-LinkWaterSensor
0, 0, 0, 1, 0, 0, 1, 0, 390, 0, 1, 0, 0, 0, 0, 0, 0, 0, 12, 0, 1, 2, 40, 0, 0, D-LinkWaterSensor
0, 0, 0, 1, 0, 0, 1, 0, 5680, 0, 1, 0, 0, 0, 0, 0, 0, 0, 12, 0, 2, 1, 40, 0, 0, D-LinkWaterSensor
0, 0, 0, 1, 0, 0, 1, 0, 390, 0, 1, 0, 0, 0, 0, 0, 0, 0, 12, 0, 1, 2, 40, 0, 0, D-LinkWaterSensor
0, 0, 0, 1, 0, 0, 1, 0, 5680, 0, 1, 0, 0, 0, 0, 0, 0, 0, 12, 0, 2, 1, 40, 0, 0, D-LinkWaterSensor
0, 0, 0, 1, 0, 0, 1, 0, 390, 0, 1, 0, 0, 0, 0, 0, 0, 0, 12, 0, 1, 2, 40, 0, 0, D-LinkWaterSensor
1, 0, 0, 0, 0, 0, 0, 0, 0, 0, 0, 0, 0, 0, 0, 0, 0, 0, 12, 0, 0, 0, 0, 0, 0, D-LinkWaterSensor
0, 0, 0, 1, 0, 0, 1, 0, 5680, 0, 1, 0, 0, 0, 0, 0, 0, 0, 12, 0, 2, 1, 40, 0, 0, D-LinkWaterSensor
1, 0, 0, 0, 0, 0, 0, 0, 0, 0, 0, 0, 0, 0, 0, 0, 0, 0, 12, 0, 0, 0, 0, 0, 0, D-LinkWaterSensor
0, 0, 0, 1, 0, 0, 1, 0, 390, 0, 1, 0, 0, 0, 0, 0, 0, 0, 12, 0, 1, 2, 40, 0, 0, D-LinkWaterSensor
0, 0, 0, 1, 0, 0, 1, 0, 5680, 0, 1, 0, 0, 0, 0, 0, 0, 0, 12, 0, 2, 1, 40, 0, 0, D-LinkWaterSensor
0, 0, 0, 1, 0, 0, 1, 0, 390, 0, 1, 0, 0, 0, 0, 0, 0, 0, 12, 0, 1, 2, 40, 0, 0, D-LinkWaterSensor
0, 0, 0, 1, 0, 0, 1, 0, 5680, 0, 1, 0, 0, 0, 0, 0, 0, 0, 12, 0, 2, 1, 40, 0, 0, D-LinkWaterSensor
