0, 0, 1, 0, 0, 0, 0, 0, 0, 0, 0, 0, 0, 0, 0, 0, 0, 0, 0, 0, 0, 0, 117, 1, 4.127222010259476, WeMoInsightSwitch
0, 0, 1, 0, 0, 0, 0, 0, 0, 0, 0, 0, 0, 0, 0, 0, 0, 0, 0, 0, 0, 0, 95, 1, 1.610261905307884, WeMoInsightSwitch
0, 1, 0, 0, 0, 0, 0, 0, 0, 0, 0, 0, 0, 0, 0, 0, 0, 0, 0, 0, 0, 0, 6, 1, 1.584962500721156, WeMoInsightSwitch
0, 0, 1, 0, 0, 0, 0, 0, 0, 0, 0, 0, 0, 0, 0, 0, 0, 0, 0, 0, 0, 0, 117, 1, 4.080509096341439, WeMoInsightSwitch
0, 0, 1, 0, 0, 0, 0, 0, 0, 0, 0, 0, 0, 0, 0, 0, 0, 0, 0, 0, 0, 0, 95, 1, 1.6313145368868314, WeMoInsightSwitch
0, 0, 0, 1, 0, 0, 0, 1, 0, 0, 0, 1, 1, 0, 0, 0, 0, 0, 1, 0, 1, 1, 576, 0, 0, WeMoInsightSwitch
0, 0, 0, 1, 0, 0, 0, 1, 0, 0, 0, 1, 1, 0, 0, 0, 0, 0, 1, 0, 1, 1, 576, 0, 0, WeMoInsightSwitch
0, 0, 0, 1, 0, 0, 0, 1, 0, 0, 0, 1, 1, 0, 0, 0, 0, 0, 1, 0, 1, 1, 576, 0, 0, WeMoInsightSwitch
0, 0, 0, 1, 0, 0, 0, 1, 0, 0, 0, 1, 1, 0, 0, 0, 0, 0, 1, 0, 1, 1, 576, 0, 0, WeMoInsightSwitch
0, 0, 0, 1, 0, 0, 0, 1, 0, 0, 0, 1, 1, 0, 0, 0, 0, 0, 1, 0, 1, 1, 576, 0, 0, WeMoInsightSwitch
0, 0, 0, 1, 0, 0, 0, 1, 0, 0, 0, 1, 1, 0, 0, 0, 0, 0, 1, 0, 1, 1, 576, 0, 0, WeMoInsightSwitch
0, 0, 0, 0, 0, 0, 0, 0, 0, 0, 0, 0, 0, 0, 0, 0, 0, 0, 1, 0, 0, 0, 1, 0, 0, WeMoInsightSwitch
0, 0, 0, 1, 0, 0, 0, 1, 0, 0, 0, 1, 1, 0, 0, 0, 0, 0, 1, 0, 1, 1, 576, 0, 0, WeMoInsightSwitch
1, 0, 0, 0, 0, 0, 0, 0, 0, 0, 0, 0, 0, 0, 0, 0, 0, 0, 1, 0, 0, 0, 0, 0, 0, WeMoInsightSwitch
1, 0, 0, 0, 0, 0, 0, 0, 0, 0, 0, 0, 0, 0, 0, 0, 0, 0, 1, 0, 0, 0, 0, 0, 0, WeMoInsightSwitch
1, 0, 0, 0, 0, 0, 0, 0, 0, 0, 0, 0, 0, 0, 0, 0, 0, 0, 1, 0, 0, 0, 0, 0, 0, WeMoInsightSwitch
1, 0, 0, 0, 0, 0, 0, 0, 0, 0, 0, 0, 0, 0, 0, 0, 0, 0, 1, 0, 0, 0, 0, 0, 0, WeMoInsightSwitch
0, 0, 0, 1, 0, 0, 0, 1, 0, 0, 0, 0, 0, 0, 1, 0, 0, 0, 2, 0, 2, 1, 60, 0, 0, WeMoInsightSwitch
0, 0, 0, 1, 0, 0, 0, 1, 0, 0, 0, 0, 0, 0, 1, 0, 0, 0, 3, 0, 1, 2, 429, 0, 0, WeMoInsightSwitch
0, 0, 0, 1, 0, 0, 0, 1, 0, 0, 0, 0, 0, 0, 1, 0, 0, 0, 3, 0, 2, 1, 75, 0, 0, WeMoInsightSwitch
0, 0, 0, 1, 0, 0, 0, 1, 0, 0, 0, 0, 0, 0, 1, 0, 0, 0, 3, 0, 1, 2, 203, 0, 0, WeMoInsightSwitch
0, 0, 0, 0, 0, 0, 0, 0, 0, 0, 0, 0, 0, 0, 0, 0, 0, 0, 3, 0, 0, 0, 0, 0, 0, WeMoInsightSwitch
0, 0, 0, 0, 0, 0, 0, 0, 0, 0, 0, 0, 0, 0, 0, 0, 0, 0, 3, 0, 0, 0, 1, 0, 0, WeMoInsightSwitch
1, 0, 0, 0, 0, 0, 0, 0, 0, 0, 0, 0, 0, 0, 0, 0, 0, 0, 3, 0, 0, 0, 0, 0, 0, WeMoInsightSwitch
1, 0, 0, 0, 0, 0, 0, 0, 0, 0, 0, 0, 0, 0, 0, 0, 0, 0, 3, 0, 0, 0, 0, 0, 0, WeMoInsightSwitch
0, 0, 0, 1, 0, 0, 0, 1, 0, 0, 0, 0, 0, 0, 1, 0, 0, 0, 3, 0, 2, 1, 65, 0, 0, WeMoInsightSwitch
0, 0, 0, 1, 0, 0, 0, 1, 0, 0, 0, 0, 0, 0, 1, 0, 0, 0, 3, 0, 1, 2, 282, 0, 0, WeMoInsightSwitch
0, 0, 0, 1, 0, 0, 0, 1, 0, 0, 0, 0, 0, 0, 1, 0, 0, 0, 3, 0, 2, 1, 63, 0, 0, WeMoInsightSwitch
0, 0, 0, 1, 0, 0, 0, 1, 0, 0, 0, 0, 0, 0, 1, 0, 0, 0, 3, 0, 1, 2, 245, 0, 0, WeMoInsightSwitch
0, 0, 0, 1, 0, 0, 0, 1, 0, 0, 0, 0, 0, 0, 1, 0, 0, 0, 3, 0, 2, 1, 58, 0, 0, WeMoInsightSwitch
0, 0, 0, 1, 0, 0, 0, 1, 0, 0, 0, 0, 0, 0, 1, 0, 0, 0, 3, 0, 1, 2, 454, 0, 0, WeMoInsightSwitch
0, 0, 0, 1, 0, 0, 0, 1, 0, 0, 0, 0, 0, 0, 1, 0, 0, 0, 3, 0, 2, 1, 58, 0, 0, WeMoInsightSwitch
0, 0, 0, 1, 0, 0, 0, 1, 0, 0, 0, 0, 0, 0, 1, 0, 0, 0, 3, 0, 1, 2, 454, 0, 0, WeMoInsightSwitch
0, 0, 0, 1, 0, 0, 0, 1, 0, 0, 0, 0, 0, 0, 1, 0, 0, 0, 3, 0, 2, 1, 70, 0, 0, WeMoInsightSwitch
0, 0, 0, 1, 0, 0, 0, 1, 0, 0, 0, 0, 0, 0, 1, 0, 0, 0, 3, 0, 1, 2, 437, 0, 0, WeMoInsightSwitch
0, 0, 0, 1, 0, 0, 0, 1, 0, 0, 0, 0, 0, 0, 1, 0, 0, 0, 3, 0, 2, 1, 48, 0, 0, WeMoInsightSwitch
0, 0, 0, 1, 0, 0, 0, 1, 0, 0, 0, 0, 0, 0, 1, 0, 0, 0, 3, 0, 1, 2, 48, 0, 0, WeMoInsightSwitch
0, 0, 0, 1, 0, 0, 0, 1, 0, 0, 0, 0, 0, 0, 1, 0, 0, 0, 3, 0, 2, 1, 48, 0, 0, WeMoInsightSwitch
0, 0, 0, 1, 0, 0, 0, 1, 0, 0, 0, 0, 0, 0, 1, 0, 0, 0, 3, 0, 1, 2, 48, 0, 0, WeMoInsightSwitch
0, 0, 0, 1, 0, 0, 0, 1, 0, 0, 0, 0, 0, 0, 1, 0, 0, 0, 3, 0, 2, 1, 48, 0, 0, WeMoInsightSwitch
0, 0, 0, 1, 0, 0, 0, 1, 0, 0, 0, 0, 0, 0, 1, 0, 0, 0, 3, 0, 1, 2, 48, 0, 0, WeMoInsightSwitch
0, 0, 0, 1, 0, 0, 0, 1, 0, 0, 0, 0, 0, 0, 1, 0, 0, 0, 3, 0, 2, 1, 48, 0, 0, WeMoInsightSwitch
0, 0, 0, 1, 0, 0, 0, 1, 0, 0, 0, 0, 0, 0, 1, 0, 0, 0, 3, 0, 1, 2, 48, 0, 0, WeMoInsightSwitch
0, 0, 0, 1, 0, 0, 0, 1, 0, 0, 0, 0, 0, 0, 1, 0, 0, 0, 3, 0, 2, 1, 48, 0, 0, WeMoInsightSwitch
0, 0, 0, 1, 0, 0, 0, 1, 0, 0, 0, 0, 0, 0, 1, 0, 0, 0, 3, 0, 1, 2, 48, 0, 0, WeMoInsightSwitch
0, 0, 0, 1, 0, 0, 1, 0, 65535, 0, 0, 0, 0, 0, 0, 0, 0, 0, 4, 0, 2, 2, 60, 0, 0, WeMoInsightSwitch
0, 0, 0, 1, 0, 0, 0, 1, 0, 0, 0, 0, 0, 0, 0, 0, 1, 0, 5, 0, 2, 1, 76, 0, 0, WeMoInsightSwitch
0, 0, 0, 1, 1, 0, 0, 0, 0, 0, 0, 0, 0, 0, 0, 0, 0, 0, 5, 0, 2, 1, 56, 0, 0, WeMoInsightSwitch
0, 0, 0, 1, 0, 0, 0, 1, 0, 0, 0, 0, 0, 0, 0, 0, 1, 0, 6, 0, 2, 1, 76, 0, 0, WeMoInsightSwitch
0, 0, 0, 1, 0, 0, 0, 1, 0, 0, 0, 0, 0, 0, 0, 0, 1, 0, 6, 0, 1, 2, 76, 0, 0, WeMoInsightSwitch
0, 0, 0, 1, 0, 0, 0, 1, 0, 0, 0, 0, 0, 0, 0, 0, 1, 0, 7, 0, 2, 1, 76, 0, 0, WeMoInsightSwitch
0, 0, 0, 1, 0, 0, 0, 1, 0, 0, 0, 0, 0, 0, 0, 0, 1, 0, 7, 0, 1, 2, 76, 0, 0, WeMoInsightSwitch
0, 0, 0, 0, 0, 0, 0, 0, 0, 0, 0, 0, 0, 0, 0, 0, 0, 0, 7, 0, 0, 0, 0, 0, 0, WeMoInsightSwitch
0, 0, 0, 1, 0, 0, 1, 0, 65535, 0, 1, 0, 0, 0, 0, 0, 0, 0, 8, 0, 3, 1, 60, 0, 0, WeMoInsightSwitch
0, 0, 0, 1, 0, 0, 0, 1, 0, 0, 0, 0, 0, 0, 1, 0, 0, 0, 8, 0, 2, 1, 64, 0, 0, WeMoInsightSwitch
0, 0, 0, 1, 0, 0, 0, 1, 0, 0, 0, 0, 0, 0, 1, 0, 0, 0, 8, 0, 1, 2, 466, 0, 0, WeMoInsightSwitch
0, 0, 0, 1, 0, 0, 1, 0, 65535, 0, 1, 0, 0, 0, 0, 0, 0, 0, 9, 0, 3, 1, 60, 0, 0, WeMoInsightSwitch
0, 0, 0, 1, 0, 0, 1, 0, 65535, 0, 0, 0, 0, 0, 0, 0, 0, 0, 9, 0, 2, 2, 60, 0, 0, WeMoInsightSwitch
0, 0, 0, 1, 0, 0, 1, 0, 65535, 0, 1, 0, 0, 0, 0, 0, 0, 0, 9, 0, 3, 1, 60, 0, 0, WeMoInsightSwitch
0, 0, 0, 1, 0, 0, 1, 0, 65535, 0, 1, 0, 0, 0, 0, 0, 0, 0, 9, 0, 3, 1, 60, 0, 0, WeMoInsightSwitch
0, 0, 0, 1, 0, 0, 1, 0, 65535, 0, 1, 0, 0, 0, 0, 0, 0, 0, 9, 0, 3, 1, 60, 0, 0, WeMoInsightSwitch
0, 0, 0, 1, 0, 0, 0, 1, 0, 0, 0, 0, 0, 0, 1, 0, 0, 0, 9, 0, 2, 1, 62, 0, 0, WeMoInsightSwitch
0, 0, 0, 1, 0, 0, 0, 1, 0, 0, 0, 0, 0, 0, 1, 0, 0, 0, 9, 0, 1, 2, 270, 0, 0, WeMoInsightSwitch
0, 0, 0, 1, 0, 0, 0, 1, 0, 0, 0, 0, 0, 0, 1, 0, 0, 0, 9, 0, 2, 1, 65, 0, 0, WeMoInsightSwitch
0, 0, 0, 1, 0, 0, 0, 1, 0, 0, 0, 0, 0, 0, 1, 0, 0, 0, 9, 0, 1, 2, 303, 0, 0, WeMoInsightSwitch
0, 0, 0, 1, 0, 0, 1, 0, 65535, 0, 1, 0, 0, 0, 0, 0, 0, 0, 10, 0, 3, 1, 60, 0, 0, WeMoInsightSwitch
0, 0, 0, 1, 0, 0, 0, 1, 0, 0, 0, 0, 0, 0, 1, 0, 0, 0, 10, 0, 2, 1, 64, 0, 0, WeMoInsightSwitch
0, 0, 0, 1, 0, 0, 0, 1, 0, 0, 0, 0, 0, 0, 1, 0, 0, 0, 10, 0, 1, 2, 245, 0, 0, WeMoInsightSwitch
0, 0, 0, 1, 0, 0, 1, 0, 65535, 0, 1, 0, 0, 0, 0, 0, 0, 0, 11, 0, 2, 1, 60, 0, 0, WeMoInsightSwitch
0, 0, 0, 1, 0, 0, 1, 0, 65535, 0, 0, 0, 0, 0, 0, 0, 0, 0, 11, 0, 2, 2, 60, 0, 0, WeMoInsightSwitch
0, 0, 0, 1, 0, 0, 1, 0, 65535, 0, 1, 0, 0, 0, 0, 0, 0, 0, 11, 0, 3, 1, 60, 0, 0, WeMoInsightSwitch
0, 0, 0, 1, 0, 0, 1, 0, 65535, 0, 1, 0, 0, 0, 0, 0, 0, 0, 11, 0, 2, 1, 60, 0, 0, WeMoInsightSwitch
0, 0, 0, 1, 0, 0, 1, 0, 65535, 0, 1, 0, 0, 0, 0, 0, 0, 0, 11, 0, 3, 1, 60, 0, 0, WeMoInsightSwitch
0, 0, 0, 0, 0, 0, 0, 0, 0, 0, 0, 0, 0, 0, 0, 0, 0, 0, 11, 0, 0, 0, 0, 0, 0, WeMoInsightSwitch
0, 0, 0, 1, 0, 0, 1, 0, 65535, 0, 1, 0, 0, 0, 0, 0, 0, 0, 12, 0, 2, 1, 60, 0, 0, WeMoInsightSwitch
0, 0, 0, 1, 0, 0, 1, 0, 65535, 0, 1, 0, 0, 0, 0, 0, 0, 0, 12, 0, 3, 1, 60, 0, 0, WeMoInsightSwitch
0, 0, 0, 1, 0, 0, 1, 0, 65535, 0, 1, 0, 0, 0, 0, 0, 0, 0, 12, 0, 2, 1, 60, 0, 0, WeMoInsightSwitch
0, 0, 0, 1, 0, 0, 1, 0, 65535, 0, 1, 0, 0, 0, 0, 0, 0, 0, 12, 0, 2, 1, 60, 0, 0, WeMoInsightSwitch
0, 0, 0, 1, 0, 0, 1, 0, 65535, 0, 1, 0, 0, 0, 0, 0, 0, 0, 13, 0, 2, 1, 60, 0, 0, WeMoInsightSwitch
0, 0, 0, 1, 0, 0, 0, 1, 0, 0, 0, 0, 0, 0, 1, 0, 0, 0, 13, 0, 2, 1, 76, 0, 0, WeMoInsightSwitch
0, 0, 0, 1, 0, 0, 0, 1, 0, 0, 0, 0, 0, 0, 1, 0, 0, 0, 13, 0, 1, 2, 386, 0, 0, WeMoInsightSwitch
0, 0, 0, 1, 0, 0, 1, 0, 65535, 0, 1, 0, 0, 0, 0, 0, 0, 0, 14, 0, 2, 1, 60, 0, 0, WeMoInsightSwitch
0, 0, 0, 1, 0, 0, 1, 0, 65535, 0, 1, 0, 0, 0, 0, 0, 0, 0, 14, 0, 2, 1, 60, 0, 0, WeMoInsightSwitch
0, 0, 0, 1, 0, 0, 1, 0, 65535, 0, 1, 0, 0, 0, 0, 0, 0, 0, 14, 0, 2, 1, 60, 0, 0, WeMoInsightSwitch
0, 0, 0, 1, 0, 0, 1, 0, 65535, 0, 1, 0, 0, 0, 0, 0, 0, 0, 15, 0, 2, 1, 60, 0, 0, WeMoInsightSwitch
0, 0, 0, 1, 0, 0, 1, 0, 65535, 0, 1, 0, 0, 0, 0, 0, 0, 0, 15, 0, 2, 1, 60, 0, 0, WeMoInsightSwitch
0, 0, 0, 1, 0, 0, 1, 0, 65535, 0, 1, 0, 0, 0, 0, 0, 0, 0, 15, 0, 2, 1, 60, 0, 0, WeMoInsightSwitch
0, 0, 0, 1, 0, 0, 1, 0, 65535, 0, 1, 0, 0, 0, 0, 0, 0, 0, 15, 0, 2, 1, 60, 0, 0, WeMoInsightSwitch
0, 0, 0, 1, 0, 0, 1, 0, 65535, 0, 1, 0, 0, 0, 0, 0, 0, 0, 16, 0, 2, 1, 60, 0, 0, WeMoInsightSwitch
0, 0, 0, 1, 0, 0, 1, 0, 65535, 0, 0, 0, 0, 0, 0, 0, 0, 0, 16, 0, 2, 2, 60, 0, 0, WeMoInsightSwitch
0, 0, 0, 1, 0, 0, 1, 0, 65535, 0, 1, 0, 0, 0, 0, 0, 0, 0, 16, 0, 2, 1, 60, 0, 0, WeMoInsightSwitch
0, 0, 0, 1, 0, 0, 1, 0, 65535, 0, 1, 0, 0, 0, 0, 0, 0, 0, 16, 0, 3, 1, 60, 0, 0, WeMoInsightSwitch
0, 0, 0, 1, 0, 0, 1, 0, 65535, 0, 1, 0, 0, 0, 0, 0, 0, 0, 17, 0, 2, 1, 60, 0, 0, WeMoInsightSwitch
0, 0, 0, 1, 0, 0, 0, 1, 0, 0, 0, 0, 0, 0, 0, 0, 1, 0, 17, 0, 2, 1, 76, 0, 0, WeMoInsightSwitch
0, 0, 0, 1, 0, 0, 0, 1, 0, 0, 0, 0, 0, 0, 0, 0, 1, 0, 17, 0, 2, 1, 76, 0, 0, WeMoInsightSwitch
0, 0, 0, 1, 0, 0, 0, 1, 0, 0, 0, 0, 0, 0, 0, 0, 1, 0, 17, 0, 2, 1, 76, 0, 0, WeMoInsightSwitch
0, 0, 0, 1, 0, 0, 0, 1, 0, 0, 0, 0, 0, 0, 0, 0, 1, 0, 17, 0, 1, 2, 76, 0, 0, WeMoInsightSwitch
0, 0, 0, 1, 0, 0, 0, 1, 0, 0, 0, 0, 0, 0, 0, 0, 1, 0, 17, 0, 1, 2, 76, 0, 0, WeMoInsightSwitch
0, 0, 0, 1, 0, 0, 1, 0, 65535, 0, 1, 0, 0, 0, 0, 0, 0, 0, 17, 0, 3, 1, 60, 0, 0, WeMoInsightSwitch
0, 0, 0, 1, 0, 0, 0, 0, 0, 0, 0, 0, 0, 0, 0, 0, 0, 0, 18, 0, 0, 0, 40, 1, 2.646782221599798, WeMoInsightSwitch
0, 0, 0, 1, 0, 0, 0, 1, 0, 0, 0, 0, 0, 1, 0, 0, 0, 0, 19, 0, 2, 2, 410, 1, 5.518584954451924, WeMoInsightSwitch
0, 0, 0, 1, 0, 0, 0, 1, 0, 0, 0, 0, 0, 1, 0, 0, 0, 0, 19, 0, 2, 2, 409, 1, 5.507865604554512, WeMoInsightSwitch
0, 0, 0, 1, 0, 0, 0, 1, 0, 0, 0, 0, 0, 1, 0, 0, 0, 0, 19, 0, 2, 2, 434, 1, 5.51270643138932, WeMoInsightSwitch
0, 0, 0, 1, 0, 0, 0, 1, 0, 0, 0, 0, 0, 1, 0, 0, 0, 0, 19, 0, 2, 2, 440, 1, 5.534174903735846, WeMoInsightSwitch
0, 0, 0, 1, 0, 0, 0, 1, 0, 0, 0, 0, 0, 1, 0, 0, 0, 0, 19, 0, 2, 2, 438, 1, 5.525055310734531, WeMoInsightSwitch
0, 0, 0, 1, 0, 0, 0, 1, 0, 0, 0, 0, 0, 1, 0, 0, 0, 0, 19, 0, 2, 2, 442, 1, 5.511632822756987, WeMoInsightSwitch
0, 0, 0, 1, 0, 0, 0, 1, 0, 0, 0, 0, 0, 1, 0, 0, 0, 0, 19, 0, 2, 2, 450, 1, 5.532093702644125, WeMoInsightSwitch
0, 0, 0, 1, 0, 0, 0, 1, 0, 0, 0, 0, 0, 1, 0, 0, 0, 0, 19, 0, 2, 2, 432, 1, 5.511706225500102, WeMoInsightSwitch
0, 0, 0, 1, 0, 0, 0, 1, 0, 0, 0, 0, 0, 1, 0, 0, 0, 0, 19, 0, 2, 2, 438, 1, 5.524625711155453, WeMoInsightSwitch
0, 0, 0, 1, 0, 0, 0, 1, 0, 0, 0, 0, 0, 1, 0, 0, 0, 0, 19, 0, 2, 2, 446, 1, 5.506486750126389, WeMoInsightSwitch
0, 0, 0, 1, 0, 0, 0, 1, 0, 0, 0, 0, 0, 1, 0, 0, 0, 0, 19, 0, 2, 2, 442, 1, 5.51243639880225, WeMoInsightSwitch
0, 0, 0, 1, 0, 0, 0, 1, 0, 0, 0, 0, 0, 1, 0, 0, 0, 0, 19, 0, 2, 2, 436, 1, 5.511569417332287, WeMoInsightSwitch
0, 0, 0, 1, 0, 0, 0, 1, 0, 0, 0, 0, 0, 1, 0, 0, 0, 0, 19, 0, 2, 2, 129, 1, 5.002375250144411, WeMoInsightSwitch
0, 0, 0, 1, 0, 0, 0, 0, 0, 0, 0, 0, 0, 0, 0, 0, 0, 0, 19, 0, 0, 0, 40, 1, 2.646782221599798, WeMoInsightSwitch
1, 0, 0, 0, 0, 0, 0, 0, 0, 0, 0, 0, 0, 0, 0, 0, 0, 0, 19, 0, 0, 0, 0, 0, 0, WeMoInsightSwitch
1, 0, 0, 0, 0, 0, 0, 0, 0, 0, 0, 0, 0, 0, 0, 0, 0, 0, 19, 0, 0, 0, 0, 0, 0, WeMoInsightSwitch
0, 0, 0, 1, 0, 0, 0, 1, 0, 0, 0, 0, 0, 0, 1, 0, 0, 0, 19, 0, 2, 1, 58, 0, 0, WeMoInsightSwitch
0, 0, 0, 1, 0, 0, 0, 1, 0, 0, 0, 0, 0, 0, 1, 0, 0, 0, 19, 0, 1, 2, 454, 0, 0, WeMoInsightSwitch
0, 0, 0, 1, 0, 0, 1, 0, 5840, 0, 0, 0, 0, 0, 0, 0, 0, 0, 20, 0, 2, 2, 60, 0, 0, WeMoInsightSwitch
0, 0, 0, 1, 0, 0, 1, 0, 14480, 0, 0, 0, 0, 0, 0, 0, 0, 0, 20, 0, 2, 2, 60, 0, 0, WeMoInsightSwitch
0, 0, 0, 1, 0, 0, 1, 0, 2920, 0, 0, 0, 0, 0, 0, 0, 0, 0, 20, 0, 2, 2, 52, 0, 0, WeMoInsightSwitch
0, 0, 0, 1, 0, 0, 1, 0, 2920, 0, 0, 0, 0, 0, 0, 0, 0, 0, 20, 0, 2, 2, 279, 1, 4.877592751366782, WeMoInsightSwitch
0, 0, 0, 1, 0, 0, 1, 0, 61, 0, 0, 0, 0, 0, 0, 0, 0, 0, 20, 0, 2, 2, 52, 0, 0, WeMoInsightSwitch
0, 0, 0, 1, 0, 0, 1, 0, 61, 0, 0, 0, 0, 0, 0, 0, 0, 0, 20, 0, 2, 2, 1420, 1, 7.1322183019264775, WeMoInsightSwitch
0, 0, 0, 1, 0, 0, 1, 0, 61, 0, 0, 0, 0, 0, 0, 0, 0, 0, 20, 0, 2, 2, 1420, 1, 7.232147384031645, WeMoInsightSwitch
0, 0, 0, 1, 0, 0, 1, 0, 61, 0, 0, 0, 0, 0, 0, 0, 0, 0, 20, 0, 2, 2, 1412, 1, 7.088265422741596, WeMoInsightSwitch
0, 0, 0, 1, 0, 0, 1, 0, 61, 0, 0, 0, 0, 0, 0, 0, 0, 0, 20, 0, 2, 2, 855, 1, 7.496263269339539, WeMoInsightSwitch
0, 0, 0, 1, 0, 0, 1, 0, 4288, 0, 0, 0, 0, 0, 0, 0, 0, 0, 20, 0, 2, 2, 52, 0, 0, WeMoInsightSwitch
0, 0, 0, 1, 0, 0, 1, 0, 5656, 0, 0, 0, 0, 0, 0, 0, 0, 0, 20, 0, 2, 2, 52, 0, 0, WeMoInsightSwitch
0, 0, 0, 1, 0, 0, 1, 0, 7024, 0, 0, 0, 0, 0, 0, 0, 0, 0, 20, 0, 2, 2, 52, 0, 0, WeMoInsightSwitch
0, 0, 0, 1, 0, 0, 1, 0, 8392, 0, 0, 0, 0, 0, 0, 0, 0, 0, 20, 0, 2, 2, 52, 0, 0, WeMoInsightSwitch
0, 0, 0, 1, 0, 0, 1, 0, 8392, 0, 0, 0, 0, 0, 0, 0, 0, 0, 20, 0, 2, 2, 378, 1, 7.270653126924632, WeMoInsightSwitch
0, 0, 0, 1, 0, 0, 1, 0, 65, 0, 0, 0, 0, 0, 0, 0, 0, 0, 20, 0, 2, 2, 111, 1, 5.496966990003134, WeMoInsightSwitch
0, 0, 0, 1, 0, 0, 1, 0, 8392, 0, 0, 0, 0, 0, 0, 0, 0, 0, 20, 0, 2, 2, 52, 0, 0, WeMoInsightSwitch
0, 0, 0, 1, 0, 0, 1, 0, 8392, 0, 0, 0, 0, 0, 0, 0, 0, 0, 20, 0, 2, 2, 313, 1, 7.172360092418573, WeMoInsightSwitch
0, 0, 0, 1, 0, 0, 1, 0, 8392, 0, 0, 0, 0, 0, 0, 0, 0, 0, 20, 0, 2, 2, 1420, 1, 7.6092814028318285, WeMoInsightSwitch
0, 0, 0, 1, 0, 0, 1, 0, 81, 0, 0, 0, 0, 0, 0, 0, 0, 0, 20, 0, 2, 2, 52, 0, 0, WeMoInsightSwitch
0, 0, 0, 1, 0, 0, 1, 0, 8392, 0, 0, 0, 0, 0, 0, 0, 0, 0, 20, 0, 2, 2, 1420, 1, 7.552507348703312, WeMoInsightSwitch
0, 0, 0, 1, 0, 0, 1, 0, 8392, 0, 0, 0, 0, 0, 0, 0, 0, 0, 20, 0, 2, 2, 1420, 1, 7.569832280532279, WeMoInsightSwitch
0, 0, 0, 1, 0, 0, 1, 0, 8392, 0, 0, 0, 0, 0, 0, 0, 0, 0, 20, 0, 2, 2, 1420, 1, 7.604464270758043, WeMoInsightSwitch
0, 0, 0, 1, 0, 0, 1, 0, 104, 0, 0, 0, 0, 0, 0, 0, 0, 0, 20, 0, 2, 2, 52, 0, 0, WeMoInsightSwitch
0, 0, 0, 1, 0, 0, 1, 0, 8392, 0, 0, 0, 0, 0, 0, 0, 0, 0, 20, 0, 2, 2, 1420, 1, 7.591990945012476, WeMoInsightSwitch
0, 0, 0, 1, 0, 0, 1, 0, 8392, 0, 0, 0, 0, 0, 0, 0, 0, 0, 20, 0, 2, 2, 1420, 1, 7.6127525256042885, WeMoInsightSwitch
0, 0, 0, 1, 0, 0, 1, 0, 8392, 0, 0, 0, 0, 0, 0, 0, 0, 0, 20, 0, 2, 2, 1420, 1, 7.552826533640096, WeMoInsightSwitch
0, 0, 0, 1, 0, 0, 1, 0, 115, 0, 0, 0, 0, 0, 0, 0, 0, 0, 20, 0, 2, 2, 52, 0, 0, WeMoInsightSwitch
0, 0, 0, 1, 0, 0, 1, 0, 8392, 0, 0, 0, 0, 0, 0, 0, 0, 0, 20, 0, 2, 2, 1420, 1, 7.585731508901731, WeMoInsightSwitch
0, 0, 0, 1, 0, 0, 1, 0, 8392, 0, 0, 0, 0, 0, 0, 0, 0, 0, 20, 0, 2, 2, 393, 1, 7.121327221338096, WeMoInsightSwitch
0, 0, 0, 1, 0, 0, 1, 0, 126, 0, 0, 0, 0, 0, 0, 0, 0, 0, 20, 0, 2, 2, 52, 0, 0, WeMoInsightSwitch
0, 0, 0, 1, 0, 0, 1, 0, 137, 0, 0, 0, 0, 0, 0, 0, 0, 0, 20, 0, 2, 2, 52, 0, 0, WeMoInsightSwitch
0, 0, 0, 1, 0, 0, 1, 0, 149, 0, 0, 0, 0, 0, 0, 0, 0, 0, 20, 0, 2, 2, 52, 0, 0, WeMoInsightSwitch
0, 0, 0, 1, 0, 0, 1, 0, 8392, 0, 0, 0, 0, 0, 0, 0, 0, 0, 20, 0, 2, 2, 1420, 1, 7.594996327742961, WeMoInsightSwitch
0, 0, 0, 1, 0, 0, 1, 0, 162, 0, 0, 0, 0, 0, 0, 0, 0, 0, 20, 0, 2, 2, 52, 0, 0, WeMoInsightSwitch
0, 0, 0, 1, 0, 0, 1, 0, 8392, 0, 0, 0, 0, 0, 0, 0, 0, 0, 20, 0, 2, 2, 53, 1, -0.0, WeMoInsightSwitch
0, 0, 0, 1, 0, 0, 1, 0, 166, 0, 0, 0, 0, 0, 0, 0, 0, 0, 20, 0, 2, 2, 52, 0, 0, WeMoInsightSwitch
0, 0, 0, 1, 0, 0, 1, 0, 166, 0, 0, 0, 0, 0, 0, 0, 0, 0, 20, 0, 2, 2, 52, 0, 0, WeMoInsightSwitch
0, 0, 0, 1, 0, 0, 1, 0, 8392, 0, 0, 0, 0, 0, 0, 0, 0, 0, 20, 0, 2, 2, 89, 1, 4.993237149412737, WeMoInsightSwitch
0, 0, 0, 1, 0, 0, 1, 0, 8392, 0, 0, 0, 0, 0, 0, 0, 0, 0, 20, 0, 2, 2, 1420, 1, 7.604967586215878, WeMoInsightSwitch
0, 0, 0, 1, 0, 0, 1, 0, 8392, 0, 0, 0, 0, 0, 0, 0, 0, 0, 20, 0, 2, 2, 1420, 1, 7.596494790073905, WeMoInsightSwitch
0, 0, 0, 1, 0, 0, 1, 0, 166, 0, 0, 0, 0, 0, 0, 0, 0, 0, 20, 0, 2, 2, 52, 0, 0, WeMoInsightSwitch
0, 0, 0, 1, 0, 0, 1, 0, 8392, 0, 0, 0, 0, 0, 0, 0, 0, 0, 20, 0, 2, 2, 1420, 1, 7.588981428124138, WeMoInsightSwitch
0, 0, 0, 1, 0, 0, 1, 0, 8392, 0, 0, 0, 0, 0, 0, 0, 0, 0, 20, 0, 2, 2, 351, 1, 6.977512132827138, WeMoInsightSwitch
0, 0, 0, 1, 0, 0, 1, 0, 166, 0, 0, 0, 0, 0, 0, 0, 0, 0, 20, 0, 2, 2, 52, 0, 0, WeMoInsightSwitch
0, 0, 0, 1, 0, 0, 1, 0, 166, 0, 0, 0, 0, 0, 0, 0, 0, 0, 20, 0, 2, 2, 52, 0, 0, WeMoInsightSwitch
0, 0, 0, 1, 0, 0, 1, 0, 166, 0, 0, 0, 0, 0, 0, 0, 0, 0, 20, 0, 2, 2, 52, 0, 0, WeMoInsightSwitch
0, 0, 0, 1, 0, 0, 1, 0, 166, 0, 0, 0, 0, 0, 0, 0, 0, 0, 20, 0, 2, 2, 52, 0, 0, WeMoInsightSwitch
0, 0, 0, 1, 0, 0, 1, 0, 8392, 0, 0, 0, 0, 0, 0, 0, 0, 0, 20, 0, 2, 2, 1199, 1, 7.521087819237177, WeMoInsightSwitch
0, 0, 0, 1, 0, 0, 1, 0, 166, 0, 0, 0, 0, 0, 0, 0, 0, 0, 20, 0, 2, 2, 52, 0, 0, WeMoInsightSwitch
0, 0, 0, 1, 0, 0, 1, 0, 166, 0, 0, 0, 0, 0, 0, 0, 0, 0, 20, 0, 2, 2, 1420, 1, 7.860815398287538, WeMoInsightSwitch
0, 0, 0, 1, 0, 0, 1, 0, 166, 0, 0, 0, 0, 0, 0, 0, 0, 0, 20, 0, 2, 2, 305, 1, 7.175468821635798, WeMoInsightSwitch
0, 0, 0, 1, 0, 0, 1, 0, 8392, 0, 0, 0, 0, 0, 0, 0, 0, 0, 20, 0, 2, 2, 52, 0, 0, WeMoInsightSwitch
0, 0, 0, 1, 0, 0, 1, 0, 8392, 0, 0, 0, 0, 0, 0, 0, 0, 0, 20, 0, 2, 2, 89, 1, 5.047291203466791, WeMoInsightSwitch
0, 0, 0, 1, 0, 0, 1, 0, 8392, 0, 0, 0, 0, 0, 0, 0, 0, 0, 20, 0, 2, 2, 52, 0, 0, WeMoInsightSwitch
0, 0, 0, 1, 0, 0, 1, 0, 166, 0, 0, 0, 0, 0, 0, 0, 0, 0, 20, 0, 2, 2, 89, 1, 5.047291203466791, WeMoInsightSwitch
0, 0, 0, 1, 0, 0, 1, 0, 166, 0, 0, 0, 0, 0, 0, 0, 0, 0, 20, 0, 2, 2, 52, 0, 0, WeMoInsightSwitch
0, 0, 0, 1, 0, 0, 1, 0, 166, 0, 0, 0, 0, 0, 0, 0, 0, 0, 20, 0, 2, 2, 52, 0, 0, WeMoInsightSwitch
0, 0, 0, 1, 0, 0, 1, 0, 0, 0, 0, 0, 0, 0, 0, 0, 0, 0, 20, 0, 2, 2, 40, 0, 0, WeMoInsightSwitch
0, 0, 0, 1, 0, 0, 1, 0, 0, 0, 0, 0, 0, 0, 0, 0, 0, 0, 20, 0, 2, 2, 40, 0, 0, WeMoInsightSwitch
0, 0, 0, 1, 0, 0, 1, 0, 0, 0, 0, 0, 0, 0, 0, 0, 0, 0, 20, 0, 2, 2, 40, 0, 0, WeMoInsightSwitch
0, 0, 0, 1, 0, 0, 0, 1, 0, 0, 0, 0, 0, 1, 0, 0, 0, 0, 20, 0, 2, 2, 410, 1, 5.518584954451924, WeMoInsightSwitch
0, 0, 0, 1, 0, 0, 0, 1, 0, 0, 0, 0, 0, 1, 0, 0, 0, 0, 20, 0, 2, 2, 409, 1, 5.507865604554512, WeMoInsightSwitch
0, 0, 0, 1, 0, 0, 0, 1, 0, 0, 0, 0, 0, 1, 0, 0, 0, 0, 20, 0, 2, 2, 434, 1, 5.51270643138932, WeMoInsightSwitch
0, 0, 0, 1, 0, 0, 0, 1, 0, 0, 0, 0, 0, 1, 0, 0, 0, 0, 20, 0, 2, 2, 440, 1, 5.534174903735846, WeMoInsightSwitch
0, 0, 0, 1, 0, 0, 0, 1, 0, 0, 0, 0, 0, 1, 0, 0, 0, 0, 20, 0, 2, 2, 438, 1, 5.525055310734531, WeMoInsightSwitch
0, 0, 0, 1, 0, 0, 0, 1, 0, 0, 0, 0, 0, 1, 0, 0, 0, 0, 20, 0, 2, 2, 442, 1, 5.511632822756987, WeMoInsightSwitch
0, 0, 0, 1, 0, 0, 0, 1, 0, 0, 0, 0, 0, 1, 0, 0, 0, 0, 20, 0, 2, 2, 450, 1, 5.532093702644125, WeMoInsightSwitch
0, 0, 0, 1, 0, 0, 0, 1, 0, 0, 0, 0, 0, 1, 0, 0, 0, 0, 20, 0, 2, 2, 432, 1, 5.511706225500102, WeMoInsightSwitch
0, 0, 0, 1, 0, 0, 0, 1, 0, 0, 0, 0, 0, 1, 0, 0, 0, 0, 20, 0, 2, 2, 438, 1, 5.524625711155453, WeMoInsightSwitch
0, 0, 0, 1, 0, 0, 0, 1, 0, 0, 0, 0, 0, 1, 0, 0, 0, 0, 20, 0, 2, 2, 446, 1, 5.506486750126389, WeMoInsightSwitch
0, 0, 0, 1, 0, 0, 0, 1, 0, 0, 0, 0, 0, 1, 0, 0, 0, 0, 20, 0, 2, 2, 442, 1, 5.51243639880225, WeMoInsightSwitch
0, 0, 0, 1, 0, 0, 0, 1, 0, 0, 0, 0, 0, 1, 0, 0, 0, 0, 20, 0, 2, 2, 436, 1, 5.511569417332287, WeMoInsightSwitch
0, 0, 0, 1, 0, 0, 0, 1, 0, 0, 0, 0, 0, 0, 1, 0, 0, 0, 20, 0, 2, 1, 58, 0, 0, WeMoInsightSwitch
0, 0, 0, 1, 0, 0, 0, 1, 0, 0, 0, 0, 0, 0, 1, 0, 0, 0, 20, 0, 1, 2, 359, 0, 0, WeMoInsightSwitch
0, 0, 0, 1, 0, 0, 0, 1, 0, 0, 0, 0, 0, 0, 1, 0, 0, 0, 20, 0, 2, 1, 103, 0, 0, WeMoInsightSwitch
0, 0, 0, 1, 0, 0, 0, 1, 0, 0, 0, 0, 0, 0, 1, 0, 0, 0, 20, 0, 1, 2, 135, 0, 0, WeMoInsightSwitch
0, 0, 0, 1, 0, 0, 0, 1, 0, 0, 0, 0, 0, 0, 0, 0, 1, 0, 20, 0, 2, 1, 76, 0, 0, WeMoInsightSwitch
0, 0, 0, 1, 0, 0, 0, 1, 0, 0, 0, 0, 0, 0, 0, 0, 1, 0, 20, 0, 2, 1, 76, 0, 0, WeMoInsightSwitch
0, 0, 0, 1, 0, 0, 0, 1, 0, 0, 0, 0, 0, 0, 0, 0, 1, 0, 20, 0, 1, 2, 76, 0, 0, WeMoInsightSwitch
0, 0, 0, 1, 0, 0, 0, 1, 0, 0, 0, 0, 0, 0, 0, 0, 1, 0, 20, 0, 2, 1, 76, 0, 0, WeMoInsightSwitch
0, 0, 0, 1, 0, 0, 0, 1, 0, 0, 0, 0, 0, 0, 0, 0, 1, 0, 20, 0, 1, 2, 76, 0, 0, WeMoInsightSwitch
0, 0, 0, 1, 0, 0, 0, 1, 0, 0, 0, 0, 0, 0, 1, 0, 0, 0, 20, 0, 2, 1, 58, 0, 0, WeMoInsightSwitch
0, 0, 0, 1, 0, 0, 0, 1, 0, 0, 0, 0, 0, 0, 1, 0, 0, 0, 20, 0, 1, 2, 454, 0, 0, WeMoInsightSwitch
0, 0, 0, 1, 0, 0, 1, 0, 5840, 0, 0, 0, 0, 0, 0, 0, 0, 0, 21, 0, 2, 2, 60, 0, 0, WeMoInsightSwitch
0, 0, 0, 1, 0, 0, 1, 0, 14480, 0, 0, 0, 0, 0, 0, 0, 0, 0, 21, 0, 2, 2, 60, 0, 0, WeMoInsightSwitch
0, 0, 0, 1, 0, 0, 1, 0, 2920, 0, 0, 0, 0, 0, 0, 0, 0, 0, 21, 0, 2, 2, 52, 0, 0, WeMoInsightSwitch
0, 0, 0, 1, 0, 0, 1, 0, 2920, 0, 0, 0, 0, 0, 0, 0, 0, 0, 21, 0, 2, 2, 279, 1, 4.902858555302948, WeMoInsightSwitch
0, 0, 0, 1, 0, 0, 1, 0, 61, 0, 0, 0, 0, 0, 0, 0, 0, 0, 21, 0, 2, 2, 52, 0, 0, WeMoInsightSwitch
0, 0, 0, 1, 0, 0, 1, 0, 61, 0, 0, 0, 0, 0, 0, 0, 0, 0, 21, 0, 2, 2, 1420, 1, 7.1241227566141685, WeMoInsightSwitch
0, 0, 0, 1, 0, 0, 1, 0, 61, 0, 0, 0, 0, 0, 0, 0, 0, 0, 21, 0, 2, 2, 1420, 1, 7.232147384031645, WeMoInsightSwitch
0, 0, 0, 1, 0, 0, 1, 0, 61, 0, 0, 0, 0, 0, 0, 0, 0, 0, 21, 0, 2, 2, 1412, 1, 7.088265422741596, WeMoInsightSwitch
0, 0, 0, 1, 0, 0, 1, 0, 61, 0, 0, 0, 0, 0, 0, 0, 0, 0, 21, 0, 2, 2, 855, 1, 7.496263269339539, WeMoInsightSwitch
0, 0, 0, 1, 0, 0, 1, 0, 4288, 0, 0, 0, 0, 0, 0, 0, 0, 0, 21, 0, 2, 2, 52, 0, 0, WeMoInsightSwitch
0, 0, 0, 1, 0, 0, 1, 0, 5656, 0, 0, 0, 0, 0, 0, 0, 0, 0, 21, 0, 2, 2, 52, 0, 0, WeMoInsightSwitch
0, 0, 0, 1, 0, 0, 1, 0, 7024, 0, 0, 0, 0, 0, 0, 0, 0, 0, 21, 0, 2, 2, 52, 0, 0, WeMoInsightSwitch
0, 0, 0, 1, 0, 0, 1, 0, 8392, 0, 0, 0, 0, 0, 0, 0, 0, 0, 21, 0, 2, 2, 52, 0, 0, WeMoInsightSwitch
0, 0, 0, 1, 0, 0, 1, 0, 8392, 0, 0, 0, 0, 0, 0, 0, 0, 0, 21, 0, 2, 2, 378, 1, 7.317586332280912, WeMoInsightSwitch
0, 0, 0, 1, 0, 0, 1, 0, 65, 0, 0, 0, 0, 0, 0, 0, 0, 0, 21, 0, 2, 2, 111, 1, 5.51807059166138, WeMoInsightSwitch
0, 0, 0, 1, 0, 0, 1, 0, 8392, 0, 0, 0, 0, 0, 0, 0, 0, 0, 21, 0, 2, 2, 52, 0, 0, WeMoInsightSwitch
0, 0, 0, 1, 0, 0, 1, 0, 8392, 0, 0, 0, 0, 0, 0, 0, 0, 0, 21, 0, 2, 2, 313, 1, 7.077896406472008, WeMoInsightSwitch
0, 0, 0, 1, 0, 0, 1, 0, 8392, 0, 0, 0, 0, 0, 0, 0, 0, 0, 21, 0, 2, 2, 1420, 1, 7.5965981661156645, WeMoInsightSwitch
0, 0, 0, 1, 0, 0, 1, 0, 81, 0, 0, 0, 0, 0, 0, 0, 0, 0, 21, 0, 2, 2, 52, 0, 0, WeMoInsightSwitch
0, 0, 0, 1, 0, 0, 1, 0, 8392, 0, 0, 0, 0, 0, 0, 0, 0, 0, 21, 0, 2, 2, 1420, 1, 7.590002951256402, WeMoInsightSwitch
0, 0, 0, 1, 0, 0, 1, 0, 8392, 0, 0, 0, 0, 0, 0, 0, 0, 0, 21, 0, 2, 2, 1420, 1, 7.594376546511825, WeMoInsightSwitch
0, 0, 0, 1, 0, 0, 1, 0, 8392, 0, 0, 0, 0, 0, 0, 0, 0, 0, 21, 0, 2, 2, 1420, 1, 7.601427870182338, WeMoInsightSwitch
0, 0, 0, 1, 0, 0, 1, 0, 104, 0, 0, 0, 0, 0, 0, 0, 0, 0, 21, 0, 2, 2, 52, 0, 0, WeMoInsightSwitch
0, 0, 0, 1, 0, 0, 1, 0, 8392, 0, 0, 0, 0, 0, 0, 0, 0, 0, 21, 0, 2, 2, 1420, 1, 7.586814707977914, WeMoInsightSwitch
0, 0, 0, 1, 0, 0, 1, 0, 8392, 0, 0, 0, 0, 0, 0, 0, 0, 0, 21, 0, 2, 2, 1420, 1, 7.583529272844743, WeMoInsightSwitch
0, 0, 0, 1, 0, 0, 1, 0, 8392, 0, 0, 0, 0, 0, 0, 0, 0, 0, 21, 0, 2, 2, 1420, 1, 7.608959012452937, WeMoInsightSwitch
0, 0, 0, 1, 0, 0, 1, 0, 115, 0, 0, 0, 0, 0, 0, 0, 0, 0, 21, 0, 2, 2, 52, 0, 0, WeMoInsightSwitch
0, 0, 0, 1, 0, 0, 1, 0, 8392, 0, 0, 0, 0, 0, 0, 0, 0, 0, 21, 0, 2, 2, 1420, 1, 7.584524181292248, WeMoInsightSwitch
0, 0, 0, 1, 0, 0, 1, 0, 8392, 0, 0, 0, 0, 0, 0, 0, 0, 0, 21, 0, 2, 2, 356, 1, 7.087048824437242, WeMoInsightSwitch
0, 0, 0, 1, 0, 0, 1, 0, 126, 0, 0, 0, 0, 0, 0, 0, 0, 0, 21, 0, 2, 2, 52, 0, 0, WeMoInsightSwitch
0, 0, 0, 1, 0, 0, 1, 0, 137, 0, 0, 0, 0, 0, 0, 0, 0, 0, 21, 0, 2, 2, 52, 0, 0, WeMoInsightSwitch
0, 0, 0, 1, 0, 0, 1, 0, 149, 0, 0, 0, 0, 0, 0, 0, 0, 0, 21, 0, 2, 2, 52, 0, 0, WeMoInsightSwitch
0, 0, 0, 1, 0, 0, 1, 0, 8392, 0, 0, 0, 0, 0, 0, 0, 0, 0, 21, 0, 2, 2, 1420, 1, 7.5893428596490216, WeMoInsightSwitch
0, 0, 0, 1, 0, 0, 1, 0, 8392, 0, 0, 0, 0, 0, 0, 0, 0, 0, 21, 0, 2, 2, 1420, 1, 7.578791950834738, WeMoInsightSwitch
0, 0, 0, 1, 0, 0, 1, 0, 162, 0, 0, 0, 0, 0, 0, 0, 0, 0, 21, 0, 2, 2, 52, 0, 0, WeMoInsightSwitch
0, 0, 0, 1, 0, 0, 1, 0, 8392, 0, 0, 0, 0, 0, 0, 0, 0, 0, 21, 0, 2, 2, 350, 1, 7.02664665836606, WeMoInsightSwitch
0, 0, 0, 1, 0, 0, 1, 0, 8392, 0, 0, 0, 0, 0, 0, 0, 0, 0, 21, 0, 2, 2, 1420, 1, 7.57881519395096, WeMoInsightSwitch
0, 0, 0, 1, 0, 0, 1, 0, 8392, 0, 0, 0, 0, 0, 0, 0, 0, 0, 21, 0, 2, 2, 1420, 1, 7.584516432490378, WeMoInsightSwitch
0, 0, 0, 1, 0, 0, 1, 0, 166, 0, 0, 0, 0, 0, 0, 0, 0, 0, 21, 0, 2, 2, 52, 0, 0, WeMoInsightSwitch
0, 0, 0, 1, 0, 0, 1, 0, 166, 0, 0, 0, 0, 0, 0, 0, 0, 0, 21, 0, 2, 2, 52, 0, 0, WeMoInsightSwitch
0, 0, 0, 1, 0, 0, 1, 0, 166, 0, 0, 0, 0, 0, 0, 0, 0, 0, 21, 0, 2, 2, 52, 0, 0, WeMoInsightSwitch
0, 0, 0, 1, 0, 0, 1, 0, 8392, 0, 0, 0, 0, 0, 0, 0, 0, 0, 21, 0, 2, 2, 276, 1, 6.874806065147988, WeMoInsightSwitch
0, 0, 0, 1, 0, 0, 1, 0, 166, 0, 0, 0, 0, 0, 0, 0, 0, 0, 21, 0, 2, 2, 52, 0, 0, WeMoInsightSwitch
0, 0, 0, 1, 0, 0, 1, 0, 166, 0, 0, 0, 0, 0, 0, 0, 0, 0, 21, 0, 2, 2, 52, 0, 0, WeMoInsightSwitch
0, 0, 0, 1, 0, 0, 1, 0, 166, 0, 0, 0, 0, 0, 0, 0, 0, 0, 21, 0, 2, 2, 52, 0, 0, WeMoInsightSwitch
0, 0, 0, 1, 0, 0, 1, 0, 166, 0, 0, 0, 0, 0, 0, 0, 0, 0, 21, 0, 2, 2, 457, 1, 7.491595968328138, WeMoInsightSwitch
0, 0, 0, 1, 0, 0, 1, 0, 8392, 0, 0, 0, 0, 0, 0, 0, 0, 0, 21, 0, 2, 2, 89, 1, 5.155399311574899, WeMoInsightSwitch
0, 0, 0, 1, 0, 0, 1, 0, 8392, 0, 0, 0, 0, 0, 0, 0, 0, 0, 21, 0, 2, 2, 52, 0, 0, WeMoInsightSwitch
0, 0, 0, 1, 0, 0, 1, 0, 166, 0, 0, 0, 0, 0, 0, 0, 0, 0, 21, 0, 2, 2, 89, 1, 5.047291203466791, WeMoInsightSwitch
0, 0, 0, 1, 0, 0, 1, 0, 166, 0, 0, 0, 0, 0, 0, 0, 0, 0, 21, 0, 2, 2, 52, 0, 0, WeMoInsightSwitch
0, 0, 0, 1, 0, 0, 1, 0, 0, 0, 0, 0, 0, 0, 0, 0, 0, 0, 21, 0, 2, 2, 40, 0, 0, WeMoInsightSwitch
0, 0, 0, 1, 0, 0, 1, 0, 166, 0, 0, 0, 0, 0, 0, 0, 0, 0, 21, 0, 2, 2, 52, 0, 0, WeMoInsightSwitch
0, 0, 0, 1, 0, 0, 1, 0, 0, 0, 0, 0, 0, 0, 0, 0, 0, 0, 21, 0, 2, 2, 40, 0, 0, WeMoInsightSwitch
0, 0, 0, 1, 0, 0, 1, 0, 0, 0, 0, 0, 0, 0, 0, 0, 0, 0, 21, 0, 2, 2, 40, 0, 0, WeMoInsightSwitch
0, 0, 0, 1, 0, 0, 0, 1, 0, 0, 0, 0, 0, 0, 1, 0, 0, 0, 21, 0, 2, 1, 58, 0, 0, WeMoInsightSwitch
0, 0, 0, 1, 0, 0, 0, 1, 0, 0, 0, 0, 0, 0, 1, 0, 0, 0, 21, 0, 1, 2, 454, 0, 0, WeMoInsightSwitch
0, 0, 0, 1, 0, 0, 1, 0, 5840, 0, 0, 0, 0, 0, 0, 0, 0, 0, 22, 0, 2, 2, 60, 0, 0, WeMoInsightSwitch
0, 0, 0, 1, 0, 0, 1, 0, 14480, 0, 0, 0, 0, 0, 0, 0, 0, 0, 22, 0, 2, 2, 60, 0, 0, WeMoInsightSwitch
0, 0, 0, 1, 0, 0, 1, 0, 2920, 0, 0, 0, 0, 0, 0, 0, 0, 0, 22, 0, 2, 2, 52, 0, 0, WeMoInsightSwitch
0, 0, 0, 1, 0, 0, 1, 0, 2920, 0, 0, 0, 0, 0, 0, 0, 0, 0, 22, 0, 2, 2, 279, 1, 4.906623986898865, WeMoInsightSwitch
1, 0, 0, 0, 0, 0, 0, 0, 0, 0, 0, 0, 0, 0, 0, 0, 0, 0, 22, 0, 0, 0, 0, 0, 0, WeMoInsightSwitch
1, 0, 0, 0, 0, 0, 0, 0, 0, 0, 0, 0, 0, 0, 0, 0, 0, 0, 22, 0, 0, 0, 0, 0, 0, WeMoInsightSwitch
0, 0, 0, 1, 0, 0, 1, 0, 61, 0, 0, 0, 0, 0, 0, 0, 0, 0, 22, 0, 2, 2, 52, 0, 0, WeMoInsightSwitch
0, 0, 0, 1, 0, 0, 1, 0, 61, 0, 0, 0, 0, 0, 0, 0, 0, 0, 22, 0, 2, 2, 1420, 1, 7.14365260504916, WeMoInsightSwitch
0, 0, 0, 1, 0, 0, 1, 0, 61, 0, 0, 0, 0, 0, 0, 0, 0, 0, 22, 0, 2, 2, 1420, 1, 7.232147384031645, WeMoInsightSwitch
0, 0, 0, 1, 0, 0, 1, 0, 61, 0, 0, 0, 0, 0, 0, 0, 0, 0, 22, 0, 2, 2, 1412, 1, 7.088265422741596, WeMoInsightSwitch
0, 0, 0, 1, 0, 0, 1, 0, 61, 0, 0, 0, 0, 0, 0, 0, 0, 0, 22, 0, 2, 2, 855, 1, 7.496263269339539, WeMoInsightSwitch
0, 0, 0, 1, 0, 0, 1, 0, 4288, 0, 0, 0, 0, 0, 0, 0, 0, 0, 22, 0, 2, 2, 52, 0, 0, WeMoInsightSwitch
0, 0, 0, 1, 0, 0, 1, 0, 5656, 0, 0, 0, 0, 0, 0, 0, 0, 0, 22, 0, 2, 2, 52, 0, 0, WeMoInsightSwitch
0, 0, 0, 1, 0, 0, 1, 0, 7024, 0, 0, 0, 0, 0, 0, 0, 0, 0, 22, 0, 2, 2, 52, 0, 0, WeMoInsightSwitch
0, 0, 0, 1, 0, 0, 1, 0, 8392, 0, 0, 0, 0, 0, 0, 0, 0, 0, 22, 0, 2, 2, 52, 0, 0, WeMoInsightSwitch
0, 0, 0, 1, 0, 0, 1, 0, 8392, 0, 0, 0, 0, 0, 0, 0, 0, 0, 22, 0, 2, 2, 378, 1, 7.282745085543828, WeMoInsightSwitch
0, 0, 0, 1, 0, 0, 1, 0, 65, 0, 0, 0, 0, 0, 0, 0, 0, 0, 22, 0, 2, 2, 111, 1, 5.611456608683871, WeMoInsightSwitch
0, 0, 0, 1, 0, 0, 1, 0, 8392, 0, 0, 0, 0, 0, 0, 0, 0, 0, 22, 0, 2, 2, 52, 0, 0, WeMoInsightSwitch
0, 0, 0, 1, 0, 0, 1, 0, 8392, 0, 0, 0, 0, 0, 0, 0, 0, 0, 22, 0, 2, 2, 313, 1, 7.2324159239921615, WeMoInsightSwitch
0, 0, 0, 1, 0, 0, 1, 0, 8392, 0, 0, 0, 0, 0, 0, 0, 0, 0, 22, 0, 2, 2, 1420, 1, 7.625436333320106, WeMoInsightSwitch
0, 0, 0, 1, 0, 0, 1, 0, 81, 0, 0, 0, 0, 0, 0, 0, 0, 0, 22, 0, 2, 2, 52, 0, 0, WeMoInsightSwitch
0, 0, 0, 1, 0, 0, 1, 0, 8392, 0, 0, 0, 0, 0, 0, 0, 0, 0, 22, 0, 2, 2, 1420, 1, 7.604213943711154, WeMoInsightSwitch
0, 0, 0, 1, 0, 0, 1, 0, 8392, 0, 0, 0, 0, 0, 0, 0, 0, 0, 22, 0, 2, 2, 1420, 1, 7.582316364697723, WeMoInsightSwitch
0, 0, 0, 1, 0, 0, 1, 0, 8392, 0, 0, 0, 0, 0, 0, 0, 0, 0, 22, 0, 2, 2, 1420, 1, 7.588442988297561, WeMoInsightSwitch
0, 0, 0, 1, 0, 0, 1, 0, 104, 0, 0, 0, 0, 0, 0, 0, 0, 0, 22, 0, 2, 2, 52, 0, 0, WeMoInsightSwitch
0, 0, 0, 1, 0, 0, 1, 0, 8392, 0, 0, 0, 0, 0, 0, 0, 0, 0, 22, 0, 2, 2, 1420, 1, 7.608356164747562, WeMoInsightSwitch
0, 0, 0, 1, 0, 0, 1, 0, 8392, 0, 0, 0, 0, 0, 0, 0, 0, 0, 22, 0, 2, 2, 1204, 1, 7.550494636540892, WeMoInsightSwitch
0, 0, 0, 1, 0, 0, 1, 0, 115, 0, 0, 0, 0, 0, 0, 0, 0, 0, 22, 0, 2, 2, 52, 0, 0, WeMoInsightSwitch
0, 0, 0, 1, 0, 0, 1, 0, 126, 0, 0, 0, 0, 0, 0, 0, 0, 0, 22, 0, 2, 2, 52, 0, 0, WeMoInsightSwitch
0, 0, 0, 1, 0, 0, 1, 0, 137, 0, 0, 0, 0, 0, 0, 0, 0, 0, 22, 0, 2, 2, 52, 0, 0, WeMoInsightSwitch
0, 0, 0, 1, 0, 0, 1, 0, 137, 0, 0, 0, 0, 0, 0, 0, 0, 0, 22, 0, 2, 2, 553, 1, 7.638084959056115, WeMoInsightSwitch
0, 0, 0, 1, 0, 0, 1, 0, 8392, 0, 0, 0, 0, 0, 0, 0, 0, 0, 22, 0, 2, 2, 89, 1, 5.101345257520845, WeMoInsightSwitch
0, 0, 0, 1, 0, 0, 1, 0, 8392, 0, 0, 0, 0, 0, 0, 0, 0, 0, 22, 0, 2, 2, 52, 0, 0, WeMoInsightSwitch
0, 0, 0, 1, 0, 0, 1, 0, 137, 0, 0, 0, 0, 0, 0, 0, 0, 0, 22, 0, 2, 2, 89, 1, 5.209453365628954, WeMoInsightSwitch
0, 0, 0, 1, 0, 0, 1, 0, 137, 0, 0, 0, 0, 0, 0, 0, 0, 0, 22, 0, 2, 2, 52, 0, 0, WeMoInsightSwitch
0, 0, 0, 1, 0, 0, 1, 0, 0, 0, 0, 0, 0, 0, 0, 0, 0, 0, 22, 0, 2, 2, 40, 0, 0, WeMoInsightSwitch
0, 0, 0, 1, 0, 0, 1, 0, 137, 0, 0, 0, 0, 0, 0, 0, 0, 0, 22, 0, 2, 2, 52, 0, 0, WeMoInsightSwitch
0, 0, 0, 1, 0, 0, 1, 0, 0, 0, 0, 0, 0, 0, 0, 0, 0, 0, 22, 0, 2, 2, 40, 0, 0, WeMoInsightSwitch
0, 0, 0, 1, 0, 0, 1, 0, 0, 0, 0, 0, 0, 0, 0, 0, 0, 0, 22, 0, 2, 2, 40, 0, 0, WeMoInsightSwitch
0, 0, 0, 1, 0, 0, 1, 0, 5840, 0, 0, 0, 0, 0, 0, 0, 0, 0, 23, 0, 2, 2, 60, 0, 0, WeMoInsightSwitch
0, 0, 0, 1, 0, 0, 1, 0, 14480, 0, 0, 0, 0, 0, 0, 0, 0, 0, 23, 0, 2, 2, 60, 0, 0, WeMoInsightSwitch
0, 0, 0, 1, 0, 0, 1, 0, 2920, 0, 0, 0, 0, 0, 0, 0, 0, 0, 23, 0, 2, 2, 52, 0, 0, WeMoInsightSwitch
0, 0, 0, 1, 0, 0, 1, 0, 2920, 0, 0, 0, 0, 0, 0, 0, 0, 0, 23, 0, 2, 2, 401, 1, 3.8744773373259127, WeMoInsightSwitch
0, 0, 0, 1, 0, 0, 1, 0, 61, 0, 0, 0, 0, 0, 0, 0, 0, 0, 23, 0, 2, 2, 52, 0, 0, WeMoInsightSwitch
0, 0, 0, 1, 0, 0, 1, 0, 61, 0, 0, 0, 0, 0, 0, 0, 0, 0, 23, 0, 2, 2, 63, 1, 2.663532754804255, WeMoInsightSwitch
0, 0, 0, 1, 0, 0, 1, 0, 2920, 0, 0, 0, 0, 0, 0, 0, 0, 0, 23, 0, 2, 2, 52, 0, 0, WeMoInsightSwitch
0, 0, 0, 1, 0, 0, 1, 0, 2920, 0, 0, 0, 0, 0, 0, 0, 0, 0, 23, 0, 2, 2, 52, 0, 0, WeMoInsightSwitch
0, 0, 0, 1, 0, 0, 1, 0, 61, 0, 0, 0, 0, 0, 0, 0, 0, 0, 23, 0, 2, 2, 52, 0, 0, WeMoInsightSwitch
0, 0, 0, 1, 0, 0, 1, 0, 2920, 0, 0, 0, 0, 0, 0, 0, 0, 0, 23, 0, 2, 2, 52, 0, 0, WeMoInsightSwitch
0, 0, 0, 1, 1, 0, 0, 0, 0, 0, 0, 0, 0, 0, 0, 0, 0, 0, 23, 0, 0, 0, 104, 1, 3.324557342219643, WeMoInsightSwitch
0, 0, 0, 1, 1, 0, 0, 0, 0, 0, 0, 0, 0, 0, 0, 0, 0, 0, 23, 0, 0, 0, 104, 1, 3.324557342219643, WeMoInsightSwitch
0, 0, 0, 1, 1, 0, 0, 0, 0, 0, 0, 0, 0, 0, 0, 0, 0, 0, 23, 0, 0, 0, 104, 1, 0.6757145197897215, WeMoInsightSwitch
0, 0, 0, 1, 1, 0, 0, 0, 0, 0, 0, 0, 0, 0, 0, 0, 0, 0, 23, 0, 0, 0, 104, 1, 0.6757145197897215, WeMoInsightSwitch
0, 0, 0, 1, 1, 0, 0, 0, 0, 0, 0, 0, 0, 0, 0, 0, 0, 0, 23, 0, 0, 0, 104, 1, 0.6757145197897215, WeMoInsightSwitch
0, 0, 0, 1, 1, 0, 0, 0, 0, 0, 0, 0, 0, 0, 0, 0, 0, 0, 23, 0, 0, 0, 104, 1, 0.6757145197897215, WeMoInsightSwitch
1, 0, 0, 0, 0, 0, 0, 0, 0, 0, 0, 0, 0, 0, 0, 0, 0, 0, 23, 0, 0, 0, 0, 0, 0, WeMoInsightSwitch
1, 0, 0, 0, 0, 0, 0, 0, 0, 0, 0, 0, 0, 0, 0, 0, 0, 0, 23, 0, 0, 0, 0, 0, 0, WeMoInsightSwitch
