0, 0, 1, 0, 0, 0, 0, 0, 0, 0, 0, 0, 0, 0, 0, 0, 0, 0, 0, 0, 0, 0, 117, 1, 4.12410638652785, WeMoSwitch2
0, 0, 1, 0, 0, 0, 0, 0, 0, 0, 0, 0, 0, 0, 0, 0, 0, 0, 0, 0, 0, 0, 95, 1, 1.610261905307884, WeMoSwitch2
0, 1, 0, 0, 0, 0, 0, 0, 0, 0, 0, 0, 0, 0, 0, 0, 0, 0, 0, 0, 0, 0, 6, 1, 1.584962500721156, WeMoSwitch2
0, 0, 1, 0, 0, 0, 0, 0, 0, 0, 0, 0, 0, 0, 0, 0, 0, 0, 0, 0, 0, 0, 117, 1, 4.055372677297368, WeMoSwitch2
0, 0, 1, 0, 0, 0, 0, 0, 0, 0, 0, 0, 0, 0, 0, 0, 0, 0, 0, 0, 0, 0, 95, 1, 1.6313145368868314, WeMoSwitch2
0, 0, 0, 1, 0, 0, 0, 1, 0, 0, 0, 1, 1, 0, 0, 0, 0, 0, 1, 0, 1, 1, 576, 0, 0, WeMoSwitch2
0, 0, 0, 1, 0, 0, 0, 1, 0, 0, 0, 1, 1, 0, 0, 0, 0, 0, 1, 0, 1, 1, 576, 0, 0, WeMoSwitch2
0, 0, 0, 1, 0, 0, 0, 1, 0, 0, 0, 1, 1, 0, 0, 0, 0, 0, 1, 0, 1, 1, 576, 0, 0, WeMoSwitch2
0, 0, 0, 1, 0, 0, 0, 1, 0, 0, 0, 1, 1, 0, 0, 0, 0, 0, 1, 0, 1, 1, 576, 0, 0, WeMoSwitch2
0, 0, 0, 1, 0, 0, 0, 1, 0, 0, 0, 1, 1, 0, 0, 0, 0, 0, 1, 0, 1, 1, 576, 0, 0, WeMoSwitch2
1, 0, 0, 0, 0, 0, 0, 0, 0, 0, 0, 0, 0, 0, 0, 0, 0, 0, 1, 0, 0, 0, 0, 0, 0, WeMoSwitch2
1, 0, 0, 0, 0, 0, 0, 0, 0, 0, 0, 0, 0, 0, 0, 0, 0, 0, 1, 0, 0, 0, 0, 0, 0, WeMoSwitch2
1, 0, 0, 0, 0, 0, 0, 0, 0, 0, 0, 0, 0, 0, 0, 0, 0, 0, 1, 0, 0, 0, 0, 0, 0, WeMoSwitch2
1, 0, 0, 0, 0, 0, 0, 0, 0, 0, 0, 0, 0, 0, 0, 0, 0, 0, 1, 0, 0, 0, 0, 0, 0, WeMoSwitch2
0, 0, 0, 1, 0, 0, 0, 1, 0, 0, 0, 0, 0, 0, 1, 0, 0, 0, 2, 0, 2, 1, 60, 0, 0, WeMoSwitch2
0, 0, 0, 1, 0, 0, 0, 1, 0, 0, 0, 0, 0, 0, 1, 0, 0, 0, 3, 0, 1, 2, 429, 0, 0, WeMoSwitch2
0, 0, 0, 1, 0, 0, 0, 1, 0, 0, 0, 0, 0, 0, 1, 0, 0, 0, 3, 0, 2, 1, 75, 0, 0, WeMoSwitch2
0, 0, 0, 1, 0, 0, 0, 1, 0, 0, 0, 0, 0, 0, 1, 0, 0, 0, 3, 0, 1, 2, 203, 0, 0, WeMoSwitch2
0, 0, 0, 0, 0, 0, 0, 0, 0, 0, 0, 0, 0, 0, 0, 0, 0, 0, 3, 0, 0, 0, 1, 0, 0, WeMoSwitch2
1, 0, 0, 0, 0, 0, 0, 0, 0, 0, 0, 0, 0, 0, 0, 0, 0, 0, 3, 0, 0, 0, 0, 0, 0, WeMoSwitch2
1, 0, 0, 0, 0, 0, 0, 0, 0, 0, 0, 0, 0, 0, 0, 0, 0, 0, 3, 0, 0, 0, 0, 0, 0, WeMoSwitch2
0, 0, 0, 1, 0, 0, 0, 1, 0, 0, 0, 0, 0, 0, 1, 0, 0, 0, 3, 0, 2, 1, 64, 0, 0, WeMoSwitch2
0, 0, 0, 1, 0, 0, 0, 1, 0, 0, 0, 0, 0, 0, 1, 0, 0, 0, 3, 0, 2, 1, 68, 0, 0, WeMoSwitch2
0, 0, 0, 1, 0, 0, 0, 1, 0, 0, 0, 0, 0, 0, 1, 0, 0, 0, 3, 0, 1, 2, 249, 0, 0, WeMoSwitch2
0, 0, 0, 1, 0, 0, 0, 1, 0, 0, 0, 0, 0, 0, 1, 0, 0, 0, 3, 0, 1, 2, 466, 0, 0, WeMoSwitch2
0, 0, 0, 1, 0, 0, 0, 1, 0, 0, 0, 0, 0, 0, 1, 0, 0, 0, 3, 0, 2, 1, 48, 0, 0, WeMoSwitch2
0, 0, 0, 1, 0, 0, 0, 1, 0, 0, 0, 0, 0, 0, 1, 0, 0, 0, 3, 0, 1, 2, 104, 0, 0, WeMoSwitch2
0, 0, 0, 1, 0, 0, 0, 1, 0, 0, 0, 0, 0, 0, 1, 0, 0, 0, 3, 0, 2, 1, 48, 0, 0, WeMoSwitch2
0, 0, 0, 1, 0, 0, 0, 1, 0, 0, 0, 0, 0, 0, 1, 0, 0, 0, 3, 0, 1, 2, 48, 0, 0, WeMoSwitch2
0, 0, 0, 1, 0, 0, 0, 1, 0, 0, 0, 0, 0, 0, 1, 0, 0, 0, 3, 0, 2, 1, 48, 0, 0, WeMoSwitch2
0, 0, 0, 1, 0, 0, 0, 1, 0, 0, 0, 0, 0, 0, 1, 0, 0, 0, 3, 0, 1, 2, 48, 0, 0, WeMoSwitch2
0, 0, 0, 1, 0, 0, 0, 1, 0, 0, 0, 0, 0, 0, 1, 0, 0, 0, 3, 0, 2, 1, 48, 0, 0, WeMoSwitch2
0, 0, 0, 1, 0, 0, 0, 1, 0, 0, 0, 0, 0, 0, 1, 0, 0, 0, 3, 0, 1, 2, 48, 0, 0, WeMoSwitch2
0, 0, 0, 1, 0, 0, 0, 1, 0, 0, 0, 0, 0, 0, 1, 0, 0, 0, 3, 0, 2, 1, 48, 0, 0, WeMoSwitch2
0, 0, 0, 1, 0, 0, 0, 1, 0, 0, 0, 0, 0, 0, 1, 0, 0, 0, 3, 0, 1, 2, 48, 0, 0, WeMoSwitch2
0, 0, 0, 0, 0, 0, 0, 0, 0, 0, 0, 0, 0, 0, 0, 0, 0, 0, 3, 0, 0, 0, 1, 0, 0, WeMoSwitch2
0, 0, 0, 1, 0, 0, 0, 1, 0, 0, 0, 0, 0, 0, 0, 0, 1, 0, 4, 0, 2, 1, 76, 0, 0, WeMoSwitch2
0, 0, 0, 1, 0, 0, 0, 1, 0, 0, 0, 0, 0, 0, 0, 0, 1, 0, 5, 0, 2, 1, 76, 0, 0, WeMoSwitch2
0, 0, 0, 1, 0, 0, 0, 1, 0, 0, 0, 0, 0, 0, 0, 0, 1, 0, 5, 0, 1, 2, 76, 0, 0, WeMoSwitch2
0, 0, 0, 1, 0, 0, 0, 1, 0, 0, 0, 0, 0, 0, 0, 0, 1, 0, 6, 0, 2, 1, 76, 0, 0, WeMoSwitch2
0, 0, 0, 1, 0, 0, 0, 1, 0, 0, 0, 0, 0, 0, 0, 0, 1, 0, 6, 0, 1, 2, 76, 0, 0, WeMoSwitch2
0, 0, 0, 1, 0, 0, 1, 0, 65535, 0, 1, 0, 0, 0, 0, 0, 0, 0, 7, 0, 2, 1, 60, 0, 0, WeMoSwitch2
0, 0, 0, 0, 0, 0, 0, 0, 0, 0, 0, 0, 0, 0, 0, 0, 0, 0, 7, 0, 0, 0, 0, 0, 0, WeMoSwitch2
0, 0, 0, 1, 0, 0, 1, 0, 65535, 0, 1, 0, 0, 0, 0, 0, 0, 0, 8, 0, 3, 1, 60, 0, 0, WeMoSwitch2
0, 0, 0, 0, 0, 0, 0, 0, 0, 0, 0, 0, 0, 0, 0, 0, 0, 0, 8, 0, 0, 0, 0, 0, 0, WeMoSwitch2
0, 0, 0, 1, 0, 0, 0, 1, 0, 0, 0, 0, 0, 0, 1, 0, 0, 0, 8, 0, 2, 1, 63, 0, 0, WeMoSwitch2
0, 0, 0, 1, 0, 0, 0, 1, 0, 0, 0, 0, 0, 0, 1, 0, 0, 0, 8, 0, 1, 2, 245, 0, 0, WeMoSwitch2
0, 0, 0, 1, 0, 0, 1, 0, 65535, 0, 0, 0, 0, 0, 0, 0, 0, 0, 9, 0, 3, 2, 60, 0, 0, WeMoSwitch2
0, 0, 0, 1, 0, 0, 0, 1, 0, 0, 0, 0, 0, 0, 1, 0, 0, 0, 9, 0, 2, 1, 70, 0, 0, WeMoSwitch2
0, 0, 0, 1, 0, 0, 0, 1, 0, 0, 0, 0, 0, 0, 1, 0, 0, 0, 9, 0, 1, 2, 432, 0, 0, WeMoSwitch2
0, 0, 0, 1, 0, 0, 1, 0, 65535, 0, 1, 0, 0, 0, 0, 0, 0, 0, 10, 0, 2, 1, 60, 0, 0, WeMoSwitch2
0, 0, 0, 1, 0, 0, 1, 0, 65535, 0, 1, 0, 0, 0, 0, 0, 0, 0, 10, 0, 2, 1, 60, 0, 0, WeMoSwitch2
0, 0, 0, 1, 0, 0, 1, 0, 65535, 0, 1, 0, 0, 0, 0, 0, 0, 0, 10, 0, 3, 1, 60, 0, 0, WeMoSwitch2
0, 0, 0, 1, 0, 0, 1, 0, 65535, 0, 0, 0, 0, 0, 0, 0, 0, 0, 10, 0, 3, 2, 60, 0, 0, WeMoSwitch2
0, 0, 0, 1, 0, 0, 1, 0, 65535, 0, 1, 0, 0, 0, 0, 0, 0, 0, 10, 0, 2, 1, 60, 0, 0, WeMoSwitch2
0, 0, 0, 1, 0, 0, 1, 0, 65535, 0, 0, 0, 0, 0, 0, 0, 0, 0, 10, 0, 3, 2, 60, 0, 0, WeMoSwitch2
0, 0, 0, 1, 0, 0, 1, 0, 65535, 0, 1, 0, 0, 0, 0, 0, 0, 0, 10, 0, 2, 1, 60, 0, 0, WeMoSwitch2
0, 0, 0, 1, 0, 0, 0, 1, 0, 0, 0, 0, 0, 0, 1, 0, 0, 0, 10, 0, 2, 1, 64, 0, 0, WeMoSwitch2
0, 0, 0, 1, 0, 0, 0, 1, 0, 0, 0, 0, 0, 0, 1, 0, 0, 0, 10, 0, 1, 2, 268, 0, 0, WeMoSwitch2
0, 0, 0, 1, 0, 0, 1, 0, 65535, 0, 1, 0, 0, 0, 0, 0, 0, 0, 11, 0, 3, 1, 60, 0, 0, WeMoSwitch2
0, 0, 0, 1, 0, 0, 0, 1, 0, 0, 0, 0, 0, 0, 1, 0, 0, 0, 11, 0, 2, 1, 54, 0, 0, WeMoSwitch2
0, 0, 0, 1, 0, 0, 0, 1, 0, 0, 0, 0, 0, 0, 1, 0, 0, 0, 11, 0, 1, 2, 70, 0, 0, WeMoSwitch2
0, 0, 0, 1, 0, 0, 1, 0, 65535, 0, 1, 0, 0, 0, 0, 0, 0, 0, 11, 0, 2, 1, 60, 0, 0, WeMoSwitch2
0, 0, 0, 1, 0, 0, 1, 0, 65535, 0, 1, 0, 0, 0, 0, 0, 0, 0, 11, 0, 3, 1, 60, 0, 0, WeMoSwitch2
0, 0, 0, 1, 0, 0, 1, 0, 5840, 0, 0, 0, 0, 0, 0, 0, 0, 0, 12, 0, 2, 2, 60, 0, 0, WeMoSwitch2
0, 0, 0, 1, 0, 0, 1, 0, 28960, 0, 0, 0, 0, 0, 0, 0, 0, 0, 12, 0, 2, 2, 60, 0, 0, WeMoSwitch2
0, 0, 0, 1, 0, 0, 1, 0, 2920, 0, 0, 0, 0, 0, 0, 0, 0, 0, 12, 0, 2, 2, 52, 0, 0, WeMoSwitch2
0, 0, 0, 1, 0, 0, 1, 0, 2920, 0, 0, 0, 0, 0, 0, 0, 0, 0, 12, 0, 2, 2, 258, 1, 4.7364612213463975, WeMoSwitch2
0, 0, 0, 1, 0, 0, 1, 0, 65535, 0, 1, 0, 0, 0, 0, 0, 0, 0, 12, 0, 3, 1, 60, 0, 0, WeMoSwitch2
0, 0, 0, 1, 0, 0, 1, 0, 235, 0, 0, 0, 0, 0, 0, 0, 0, 0, 12, 0, 2, 2, 52, 0, 0, WeMoSwitch2
0, 0, 0, 1, 0, 0, 1, 0, 235, 0, 0, 0, 0, 0, 0, 0, 0, 0, 12, 0, 2, 2, 1420, 1, 7.1025455291345985, WeMoSwitch2
0, 0, 0, 1, 0, 0, 1, 0, 235, 0, 0, 0, 0, 0, 0, 0, 0, 0, 12, 0, 2, 2, 501, 1, 7.487709837081593, WeMoSwitch2
0, 0, 0, 1, 0, 0, 1, 0, 4288, 0, 0, 0, 0, 0, 0, 0, 0, 0, 12, 0, 2, 2, 52, 0, 0, WeMoSwitch2
0, 0, 0, 1, 0, 0, 1, 0, 4288, 0, 0, 0, 0, 0, 0, 0, 0, 0, 12, 0, 2, 2, 52, 0, 0, WeMoSwitch2
0, 0, 0, 1, 0, 0, 1, 0, 4288, 0, 0, 0, 0, 0, 0, 0, 0, 0, 12, 0, 2, 2, 186, 1, 6.526993437043392, WeMoSwitch2
0, 0, 0, 1, 0, 0, 1, 0, 243, 0, 0, 0, 0, 0, 0, 0, 0, 0, 12, 0, 2, 2, 111, 1, 5.395272074748898, WeMoSwitch2
0, 0, 0, 1, 0, 0, 1, 0, 4288, 0, 0, 0, 0, 0, 0, 0, 0, 0, 12, 0, 2, 2, 52, 0, 0, WeMoSwitch2
0, 0, 0, 1, 0, 0, 1, 0, 4288, 0, 0, 0, 0, 0, 0, 0, 0, 0, 12, 0, 2, 2, 313, 1, 7.248889473457028, WeMoSwitch2
0, 0, 0, 1, 0, 0, 1, 0, 4288, 0, 0, 0, 0, 0, 0, 0, 0, 0, 12, 0, 2, 2, 1420, 1, 7.593250382660667, WeMoSwitch2
0, 0, 0, 1, 0, 0, 1, 0, 273, 0, 0, 0, 0, 0, 0, 0, 0, 0, 12, 0, 2, 2, 52, 0, 0, WeMoSwitch2
0, 0, 0, 1, 0, 0, 1, 0, 4288, 0, 0, 0, 0, 0, 0, 0, 0, 0, 12, 0, 2, 2, 1420, 1, 7.574442786782489, WeMoSwitch2
0, 0, 0, 1, 0, 0, 1, 0, 4288, 0, 0, 0, 0, 0, 0, 0, 0, 0, 12, 0, 2, 2, 1420, 1, 7.596318540989009, WeMoSwitch2
0, 0, 0, 1, 0, 0, 1, 0, 4288, 0, 0, 0, 0, 0, 0, 0, 0, 0, 12, 0, 2, 2, 1420, 1, 7.584090295423319, WeMoSwitch2
0, 0, 0, 1, 0, 0, 1, 0, 316, 0, 0, 0, 0, 0, 0, 0, 0, 0, 12, 0, 2, 2, 52, 0, 0, WeMoSwitch2
0, 0, 0, 1, 0, 0, 1, 0, 4288, 0, 0, 0, 0, 0, 0, 0, 0, 0, 12, 0, 2, 2, 1420, 1, 7.6021664294857585, WeMoSwitch2
0, 0, 0, 1, 0, 0, 1, 0, 4288, 0, 0, 0, 0, 0, 0, 0, 0, 0, 12, 0, 2, 2, 1420, 1, 7.60919806396016, WeMoSwitch2
0, 0, 0, 1, 0, 0, 1, 0, 4288, 0, 0, 0, 0, 0, 0, 0, 0, 0, 12, 0, 2, 2, 1420, 1, 7.571746010200116, WeMoSwitch2
0, 0, 0, 1, 0, 0, 1, 0, 337, 0, 0, 0, 0, 0, 0, 0, 0, 0, 12, 0, 2, 2, 52, 0, 0, WeMoSwitch2
0, 0, 0, 1, 0, 0, 1, 0, 4288, 0, 0, 0, 0, 0, 0, 0, 0, 0, 12, 0, 2, 2, 1420, 1, 7.590136478427273, WeMoSwitch2
0, 0, 0, 1, 0, 0, 1, 0, 4288, 0, 0, 0, 0, 0, 0, 0, 0, 0, 12, 0, 2, 2, 689, 1, 7.423507116840362, WeMoSwitch2
0, 0, 0, 1, 0, 0, 1, 0, 359, 0, 0, 0, 0, 0, 0, 0, 0, 0, 12, 0, 2, 2, 52, 0, 0, WeMoSwitch2
0, 0, 0, 1, 0, 0, 1, 0, 380, 0, 0, 0, 0, 0, 0, 0, 0, 0, 12, 0, 2, 2, 52, 0, 0, WeMoSwitch2
0, 0, 0, 1, 0, 0, 1, 0, 401, 0, 0, 0, 0, 0, 0, 0, 0, 0, 12, 0, 2, 2, 52, 0, 0, WeMoSwitch2
0, 0, 0, 1, 0, 0, 1, 0, 4288, 0, 0, 0, 0, 0, 0, 0, 0, 0, 12, 0, 2, 2, 1420, 1, 7.615907216948883, WeMoSwitch2
0, 0, 0, 1, 0, 0, 1, 0, 4288, 0, 0, 0, 0, 0, 0, 0, 0, 0, 12, 0, 2, 2, 1420, 1, 7.59524492700061, WeMoSwitch2
0, 0, 0, 1, 0, 0, 1, 0, 423, 0, 0, 0, 0, 0, 0, 0, 0, 0, 12, 0, 2, 2, 52, 0, 0, WeMoSwitch2
0, 0, 0, 1, 0, 0, 1, 0, 444, 0, 0, 0, 0, 0, 0, 0, 0, 0, 12, 0, 2, 2, 52, 0, 0, WeMoSwitch2
0, 0, 0, 1, 0, 0, 1, 0, 4288, 0, 0, 0, 0, 0, 0, 0, 0, 0, 12, 0, 2, 2, 720, 1, 7.395132877397821, WeMoSwitch2
0, 0, 0, 1, 0, 0, 1, 0, 4288, 0, 0, 0, 0, 0, 0, 0, 0, 0, 12, 0, 2, 2, 1420, 1, 7.58275275507966, WeMoSwitch2
0, 0, 0, 1, 0, 0, 1, 0, 466, 0, 0, 0, 0, 0, 0, 0, 0, 0, 12, 0, 2, 2, 52, 0, 0, WeMoSwitch2
0, 0, 0, 1, 0, 0, 1, 0, 4288, 0, 0, 0, 0, 0, 0, 0, 0, 0, 12, 0, 2, 2, 1420, 1, 7.592190407261304, WeMoSwitch2
0, 0, 0, 1, 0, 0, 1, 0, 487, 0, 0, 0, 0, 0, 0, 0, 0, 0, 12, 0, 2, 2, 52, 0, 0, WeMoSwitch2
0, 0, 0, 1, 0, 0, 1, 0, 4288, 0, 0, 0, 0, 0, 0, 0, 0, 0, 12, 0, 2, 2, 1420, 1, 7.60789017409047, WeMoSwitch2
0, 0, 0, 1, 0, 0, 1, 0, 508, 0, 0, 0, 0, 0, 0, 0, 0, 0, 12, 0, 2, 2, 52, 0, 0, WeMoSwitch2
0, 0, 0, 1, 0, 0, 1, 0, 4288, 0, 0, 0, 0, 0, 0, 0, 0, 0, 12, 0, 2, 2, 462, 1, 7.2643951378092035, WeMoSwitch2
0, 0, 0, 1, 0, 0, 1, 0, 530, 0, 0, 0, 0, 0, 0, 0, 0, 0, 12, 0, 2, 2, 52, 0, 0, WeMoSwitch2
0, 0, 0, 1, 0, 0, 1, 0, 4288, 0, 0, 0, 0, 0, 0, 0, 0, 0, 12, 0, 2, 2, 1420, 1, 7.607715805560509, WeMoSwitch2
0, 0, 0, 1, 0, 0, 1, 0, 551, 0, 0, 0, 0, 0, 0, 0, 0, 0, 12, 0, 2, 2, 52, 0, 0, WeMoSwitch2
0, 0, 0, 1, 0, 0, 1, 0, 4288, 0, 0, 0, 0, 0, 0, 0, 0, 0, 12, 0, 2, 2, 1420, 1, 7.6064451511303695, WeMoSwitch2
0, 0, 0, 1, 0, 0, 1, 0, 572, 0, 0, 0, 0, 0, 0, 0, 0, 0, 12, 0, 2, 2, 52, 0, 0, WeMoSwitch2
0, 0, 0, 1, 0, 0, 1, 0, 4288, 0, 0, 0, 0, 0, 0, 0, 0, 0, 12, 0, 2, 2, 1420, 1, 7.610569261192398, WeMoSwitch2
0, 0, 0, 1, 0, 0, 1, 0, 594, 0, 0, 0, 0, 0, 0, 0, 0, 0, 12, 0, 2, 2, 52, 0, 0, WeMoSwitch2
0, 0, 0, 1, 0, 0, 1, 0, 4288, 0, 0, 0, 0, 0, 0, 0, 0, 0, 12, 0, 2, 2, 647, 1, 7.393900662243517, WeMoSwitch2
0, 0, 0, 1, 0, 0, 1, 0, 615, 0, 0, 0, 0, 0, 0, 0, 0, 0, 12, 0, 2, 2, 52, 0, 0, WeMoSwitch2
0, 0, 0, 1, 0, 0, 1, 0, 637, 0, 0, 0, 0, 0, 0, 0, 0, 0, 12, 0, 2, 2, 52, 0, 0, WeMoSwitch2
0, 0, 0, 1, 0, 0, 1, 0, 658, 0, 0, 0, 0, 0, 0, 0, 0, 0, 12, 0, 2, 2, 52, 0, 0, WeMoSwitch2
0, 0, 0, 1, 0, 0, 1, 0, 679, 0, 0, 0, 0, 0, 0, 0, 0, 0, 12, 0, 2, 2, 52, 0, 0, WeMoSwitch2
0, 0, 0, 1, 0, 0, 1, 0, 4288, 0, 0, 0, 0, 0, 0, 0, 0, 0, 12, 0, 2, 2, 459, 1, 7.233290085938792, WeMoSwitch2
0, 0, 0, 1, 0, 0, 1, 0, 701, 0, 0, 0, 0, 0, 0, 0, 0, 0, 12, 0, 2, 2, 52, 0, 0, WeMoSwitch2
0, 0, 0, 1, 0, 0, 1, 0, 701, 0, 0, 0, 0, 0, 0, 0, 0, 0, 12, 0, 2, 2, 1420, 1, 7.876687886947149, WeMoSwitch2
0, 0, 0, 1, 0, 0, 1, 0, 701, 0, 0, 0, 0, 0, 0, 0, 0, 0, 12, 0, 2, 2, 822, 1, 7.750698117820893, WeMoSwitch2
0, 0, 0, 1, 0, 0, 1, 0, 701, 0, 0, 0, 0, 0, 0, 0, 0, 0, 12, 0, 2, 2, 89, 1, 4.993237149412737, WeMoSwitch2
0, 0, 0, 1, 0, 0, 1, 0, 701, 0, 0, 0, 0, 0, 0, 0, 0, 0, 12, 0, 2, 2, 52, 0, 0, WeMoSwitch2
0, 0, 0, 1, 0, 0, 1, 0, 7024, 0, 0, 0, 0, 0, 0, 0, 0, 0, 12, 0, 2, 2, 52, 0, 0, WeMoSwitch2
0, 0, 0, 1, 0, 0, 1, 0, 7024, 0, 0, 0, 0, 0, 0, 0, 0, 0, 12, 0, 2, 2, 89, 1, 5.101345257520846, WeMoSwitch2
0, 0, 0, 1, 0, 0, 1, 0, 7024, 0, 0, 0, 0, 0, 0, 0, 0, 0, 12, 0, 2, 2, 52, 0, 0, WeMoSwitch2
0, 0, 0, 1, 0, 0, 0, 1, 0, 0, 0, 0, 0, 0, 1, 0, 0, 0, 12, 0, 2, 1, 54, 0, 0, WeMoSwitch2
0, 0, 0, 1, 0, 0, 0, 1, 0, 0, 0, 0, 0, 0, 1, 0, 0, 0, 12, 0, 1, 2, 70, 0, 0, WeMoSwitch2
0, 0, 0, 1, 0, 0, 1, 0, 65535, 0, 0, 0, 0, 0, 0, 0, 0, 0, 12, 0, 3, 2, 60, 0, 0, WeMoSwitch2
0, 0, 0, 1, 0, 0, 1, 0, 65535, 0, 1, 0, 0, 0, 0, 0, 0, 0, 12, 0, 2, 1, 60, 0, 0, WeMoSwitch2
0, 0, 0, 1, 0, 0, 1, 0, 65535, 0, 1, 0, 0, 0, 0, 0, 0, 0, 12, 0, 3, 1, 60, 0, 0, WeMoSwitch2
0, 0, 0, 1, 0, 0, 0, 1, 0, 0, 0, 0, 0, 0, 1, 0, 0, 0, 12, 0, 2, 1, 58, 0, 0, WeMoSwitch2
0, 0, 0, 1, 0, 0, 0, 1, 0, 0, 0, 0, 0, 0, 1, 0, 0, 0, 12, 0, 1, 2, 210, 0, 0, WeMoSwitch2
0, 0, 0, 1, 0, 0, 1, 0, 65535, 0, 1, 0, 0, 0, 0, 0, 0, 0, 12, 0, 3, 1, 60, 0, 0, WeMoSwitch2
0, 0, 0, 1, 0, 0, 1, 0, 65535, 0, 1, 0, 0, 0, 0, 0, 0, 0, 12, 0, 2, 1, 60, 0, 0, WeMoSwitch2
0, 0, 0, 1, 0, 0, 1, 0, 65535, 0, 1, 0, 0, 0, 0, 0, 0, 0, 12, 0, 3, 1, 60, 0, 0, WeMoSwitch2
0, 0, 0, 1, 0, 0, 0, 1, 0, 0, 0, 0, 0, 0, 1, 0, 0, 0, 12, 0, 2, 1, 61, 0, 0, WeMoSwitch2
0, 0, 0, 1, 0, 0, 0, 1, 0, 0, 0, 0, 0, 0, 1, 0, 0, 0, 12, 0, 1, 2, 77, 0, 0, WeMoSwitch2
0, 0, 0, 1, 0, 0, 0, 1, 0, 0, 0, 0, 0, 0, 1, 0, 0, 0, 12, 0, 2, 1, 58, 0, 0, WeMoSwitch2
0, 0, 0, 1, 0, 0, 0, 1, 0, 0, 0, 0, 0, 0, 1, 0, 0, 0, 12, 0, 1, 2, 454, 0, 0, WeMoSwitch2
0, 0, 0, 1, 0, 0, 1, 0, 65535, 0, 0, 0, 0, 0, 0, 0, 0, 0, 12, 0, 3, 2, 60, 0, 0, WeMoSwitch2
0, 0, 0, 1, 0, 0, 1, 0, 65535, 0, 0, 0, 0, 0, 0, 0, 0, 0, 13, 0, 3, 2, 60, 0, 0, WeMoSwitch2
0, 0, 0, 1, 0, 0, 1, 0, 65535, 0, 1, 0, 0, 0, 0, 0, 0, 0, 13, 0, 2, 1, 60, 0, 0, WeMoSwitch2
0, 0, 0, 1, 0, 0, 1, 0, 65535, 0, 0, 0, 0, 0, 0, 0, 0, 0, 13, 0, 3, 2, 60, 0, 0, WeMoSwitch2
0, 0, 0, 1, 0, 0, 0, 1, 0, 0, 0, 0, 0, 0, 0, 0, 1, 0, 13, 0, 2, 1, 76, 0, 0, WeMoSwitch2
0, 0, 0, 1, 1, 0, 0, 0, 0, 0, 0, 0, 0, 0, 0, 0, 0, 0, 13, 0, 2, 1, 56, 0, 0, WeMoSwitch2
0, 0, 0, 1, 0, 0, 0, 1, 0, 0, 0, 0, 0, 0, 0, 0, 1, 0, 13, 0, 2, 1, 76, 0, 0, WeMoSwitch2
0, 0, 0, 1, 0, 0, 0, 1, 0, 0, 0, 0, 0, 0, 0, 0, 1, 0, 13, 0, 1, 2, 76, 0, 0, WeMoSwitch2
0, 0, 0, 1, 0, 0, 0, 1, 0, 0, 0, 0, 0, 0, 0, 0, 1, 0, 13, 0, 2, 1, 76, 0, 0, WeMoSwitch2
0, 0, 0, 1, 0, 0, 0, 1, 0, 0, 0, 0, 0, 0, 0, 0, 1, 0, 13, 0, 1, 2, 76, 0, 0, WeMoSwitch2
0, 0, 0, 1, 0, 0, 0, 1, 0, 0, 0, 0, 0, 0, 1, 0, 0, 0, 13, 0, 2, 1, 62, 0, 0, WeMoSwitch2
0, 0, 0, 1, 0, 0, 0, 1, 0, 0, 0, 0, 0, 0, 1, 0, 0, 0, 13, 0, 1, 2, 78, 0, 0, WeMoSwitch2
0, 0, 0, 1, 0, 0, 0, 0, 0, 0, 0, 0, 0, 0, 0, 0, 0, 0, 14, 0, 0, 0, 40, 1, 2.646782221599798, WeMoSwitch2
0, 0, 0, 1, 0, 0, 0, 1, 0, 0, 0, 0, 0, 1, 0, 0, 0, 0, 15, 0, 2, 2, 435, 1, 5.512876416129606, WeMoSwitch2
0, 0, 0, 1, 0, 0, 0, 1, 0, 0, 0, 0, 0, 1, 0, 0, 0, 0, 15, 0, 2, 2, 433, 1, 5.507087913458368, WeMoSwitch2
0, 0, 0, 1, 0, 0, 0, 1, 0, 0, 0, 0, 0, 1, 0, 0, 0, 0, 15, 0, 2, 2, 465, 1, 5.5034605853125464, WeMoSwitch2
0, 0, 0, 1, 0, 0, 0, 1, 0, 0, 0, 0, 0, 1, 0, 0, 0, 0, 15, 0, 2, 2, 465, 1, 5.526916772647575, WeMoSwitch2
0, 0, 0, 1, 0, 0, 0, 1, 0, 0, 0, 0, 0, 1, 0, 0, 0, 0, 15, 0, 2, 2, 463, 1, 5.520192566749005, WeMoSwitch2
0, 0, 0, 1, 0, 0, 0, 1, 0, 0, 0, 0, 0, 1, 0, 0, 0, 0, 15, 0, 2, 2, 467, 1, 5.499416432638249, WeMoSwitch2
0, 0, 0, 1, 0, 0, 0, 1, 0, 0, 0, 0, 0, 1, 0, 0, 0, 0, 15, 0, 2, 2, 475, 1, 5.5210933273262, WeMoSwitch2
0, 0, 0, 1, 0, 0, 0, 1, 0, 0, 0, 0, 0, 1, 0, 0, 0, 0, 15, 0, 2, 2, 457, 1, 5.500430987741391, WeMoSwitch2
0, 0, 0, 1, 0, 0, 0, 1, 0, 0, 0, 0, 0, 1, 0, 0, 0, 0, 15, 0, 2, 2, 463, 1, 5.512606544879466, WeMoSwitch2
0, 0, 0, 1, 0, 0, 0, 1, 0, 0, 0, 0, 0, 1, 0, 0, 0, 0, 15, 0, 2, 2, 471, 1, 5.4936122560882215, WeMoSwitch2
0, 0, 0, 1, 0, 0, 0, 1, 0, 0, 0, 0, 0, 1, 0, 0, 0, 0, 15, 0, 2, 2, 435, 1, 5.512876416129606, WeMoSwitch2
0, 0, 0, 1, 0, 0, 0, 1, 0, 0, 0, 0, 0, 1, 0, 0, 0, 0, 15, 0, 2, 2, 433, 1, 5.507087913458368, WeMoSwitch2
0, 0, 0, 1, 0, 0, 0, 1, 0, 0, 0, 0, 0, 1, 0, 0, 0, 0, 15, 0, 2, 2, 465, 1, 5.5034605853125464, WeMoSwitch2
0, 0, 0, 1, 0, 0, 0, 1, 0, 0, 0, 0, 0, 1, 0, 0, 0, 0, 15, 0, 2, 2, 465, 1, 5.526916772647575, WeMoSwitch2
0, 0, 0, 1, 0, 0, 0, 1, 0, 0, 0, 0, 0, 1, 0, 0, 0, 0, 15, 0, 2, 2, 463, 1, 5.520192566749005, WeMoSwitch2
0, 0, 0, 1, 0, 0, 0, 1, 0, 0, 0, 0, 0, 1, 0, 0, 0, 0, 15, 0, 2, 2, 467, 1, 5.499416432638249, WeMoSwitch2
0, 0, 0, 1, 0, 0, 0, 1, 0, 0, 0, 0, 0, 1, 0, 0, 0, 0, 15, 0, 2, 2, 475, 1, 5.5210933273262, WeMoSwitch2
0, 0, 0, 1, 0, 0, 0, 1, 0, 0, 0, 0, 0, 1, 0, 0, 0, 0, 15, 0, 2, 2, 457, 1, 5.500430987741391, WeMoSwitch2
0, 0, 0, 1, 0, 0, 0, 1, 0, 0, 0, 0, 0, 1, 0, 0, 0, 0, 15, 0, 2, 2, 463, 1, 5.512606544879466, WeMoSwitch2
0, 0, 0, 1, 0, 0, 0, 1, 0, 0, 0, 0, 0, 1, 0, 0, 0, 0, 15, 0, 2, 2, 471, 1, 5.4936122560882215, WeMoSwitch2
0, 0, 0, 1, 0, 0, 1, 0, 5840, 0, 0, 0, 0, 0, 0, 0, 0, 0, 16, 0, 2, 2, 60, 0, 0, WeMoSwitch2
0, 0, 0, 1, 0, 0, 1, 0, 5792, 0, 0, 0, 0, 0, 0, 0, 0, 0, 16, 0, 2, 2, 60, 0, 0, WeMoSwitch2
0, 0, 0, 1, 0, 0, 1, 0, 2920, 0, 0, 0, 0, 0, 0, 0, 0, 0, 16, 0, 2, 2, 52, 0, 0, WeMoSwitch2
0, 0, 0, 1, 0, 0, 1, 0, 2920, 0, 0, 0, 0, 0, 0, 0, 0, 0, 16, 0, 2, 2, 401, 1, 3.8744773373259127, WeMoSwitch2
0, 0, 0, 1, 0, 0, 1, 0, 54, 0, 0, 0, 0, 0, 0, 0, 0, 0, 16, 0, 2, 2, 52, 0, 0, WeMoSwitch2
0, 0, 0, 1, 0, 0, 1, 0, 54, 0, 0, 0, 0, 0, 0, 0, 0, 0, 16, 0, 2, 2, 66, 1, 2.502736171594004, WeMoSwitch2
0, 0, 0, 1, 0, 0, 1, 0, 2920, 0, 0, 0, 0, 0, 0, 0, 0, 0, 16, 0, 2, 2, 52, 0, 0, WeMoSwitch2
0, 0, 0, 1, 0, 0, 1, 0, 2920, 0, 0, 0, 0, 0, 0, 0, 0, 0, 16, 0, 2, 2, 52, 0, 0, WeMoSwitch2
0, 0, 0, 1, 0, 0, 1, 0, 54, 0, 0, 0, 0, 0, 0, 0, 0, 0, 16, 0, 2, 2, 52, 0, 0, WeMoSwitch2
0, 0, 0, 1, 0, 0, 1, 0, 2920, 0, 0, 0, 0, 0, 0, 0, 0, 0, 16, 0, 2, 2, 52, 0, 0, WeMoSwitch2
0, 0, 0, 1, 0, 0, 0, 0, 0, 0, 0, 0, 0, 0, 0, 0, 0, 0, 16, 0, 0, 0, 40, 1, 2.646782221599798, WeMoSwitch2
1, 0, 0, 0, 0, 0, 0, 0, 0, 0, 0, 0, 0, 0, 0, 0, 0, 0, 16, 0, 0, 0, 0, 0, 0, WeMoSwitch2
1, 0, 0, 0, 0, 0, 0, 0, 0, 0, 0, 0, 0, 0, 0, 0, 0, 0, 16, 0, 0, 0, 0, 0, 0, WeMoSwitch2
0, 0, 0, 1, 0, 0, 0, 1, 0, 0, 0, 0, 0, 0, 0, 0, 1, 0, 16, 0, 2, 1, 76, 0, 0, WeMoSwitch2
0, 0, 0, 1, 0, 0, 0, 1, 0, 0, 0, 0, 0, 0, 0, 0, 1, 0, 16, 0, 2, 1, 76, 0, 0, WeMoSwitch2
0, 0, 0, 1, 0, 0, 0, 1, 0, 0, 0, 0, 0, 0, 0, 0, 1, 0, 16, 0, 2, 1, 76, 0, 0, WeMoSwitch2
0, 0, 0, 1, 0, 0, 0, 1, 0, 0, 0, 0, 0, 0, 0, 0, 1, 0, 16, 0, 1, 2, 76, 0, 0, WeMoSwitch2
0, 0, 0, 1, 0, 0, 0, 1, 0, 0, 0, 0, 0, 0, 0, 0, 1, 0, 16, 0, 1, 2, 76, 0, 0, WeMoSwitch2
0, 0, 0, 1, 0, 0, 0, 1, 0, 0, 0, 0, 0, 1, 0, 0, 0, 0, 16, 0, 2, 2, 435, 1, 5.512876416129606, WeMoSwitch2
0, 0, 0, 1, 0, 0, 0, 1, 0, 0, 0, 0, 0, 1, 0, 0, 0, 0, 16, 0, 2, 2, 433, 1, 5.507087913458368, WeMoSwitch2
0, 0, 0, 1, 0, 0, 0, 1, 0, 0, 0, 0, 0, 1, 0, 0, 0, 0, 16, 0, 2, 2, 465, 1, 5.5034605853125464, WeMoSwitch2
0, 0, 0, 1, 0, 0, 0, 1, 0, 0, 0, 0, 0, 1, 0, 0, 0, 0, 16, 0, 2, 2, 465, 1, 5.526916772647575, WeMoSwitch2
0, 0, 0, 1, 0, 0, 0, 1, 0, 0, 0, 0, 0, 1, 0, 0, 0, 0, 16, 0, 2, 2, 463, 1, 5.520192566749005, WeMoSwitch2
0, 0, 0, 1, 0, 0, 0, 1, 0, 0, 0, 0, 0, 1, 0, 0, 0, 0, 16, 0, 2, 2, 467, 1, 5.499416432638249, WeMoSwitch2
0, 0, 0, 1, 0, 0, 0, 1, 0, 0, 0, 0, 0, 1, 0, 0, 0, 0, 16, 0, 2, 2, 475, 1, 5.5210933273262, WeMoSwitch2
0, 0, 0, 1, 0, 0, 0, 1, 0, 0, 0, 0, 0, 1, 0, 0, 0, 0, 16, 0, 2, 2, 457, 1, 5.500430987741391, WeMoSwitch2
0, 0, 0, 1, 0, 0, 0, 1, 0, 0, 0, 0, 0, 1, 0, 0, 0, 0, 16, 0, 2, 2, 463, 1, 5.512606544879466, WeMoSwitch2
0, 0, 0, 1, 0, 0, 0, 1, 0, 0, 0, 0, 0, 1, 0, 0, 0, 0, 16, 0, 2, 2, 471, 1, 5.4936122560882215, WeMoSwitch2
0, 0, 0, 1, 0, 0, 0, 1, 0, 0, 0, 0, 0, 1, 0, 0, 0, 0, 16, 0, 2, 2, 435, 1, 5.512876416129606, WeMoSwitch2
0, 0, 0, 1, 0, 0, 0, 1, 0, 0, 0, 0, 0, 1, 0, 0, 0, 0, 16, 0, 2, 2, 433, 1, 5.507087913458368, WeMoSwitch2
0, 0, 0, 1, 0, 0, 0, 1, 0, 0, 0, 0, 0, 1, 0, 0, 0, 0, 16, 0, 2, 2, 465, 1, 5.5034605853125464, WeMoSwitch2
0, 0, 0, 1, 0, 0, 0, 1, 0, 0, 0, 0, 0, 1, 0, 0, 0, 0, 16, 0, 2, 2, 465, 1, 5.526916772647575, WeMoSwitch2
0, 0, 0, 1, 0, 0, 0, 1, 0, 0, 0, 0, 0, 1, 0, 0, 0, 0, 16, 0, 2, 2, 463, 1, 5.520192566749005, WeMoSwitch2
0, 0, 0, 1, 0, 0, 0, 1, 0, 0, 0, 0, 0, 1, 0, 0, 0, 0, 16, 0, 2, 2, 467, 1, 5.499416432638249, WeMoSwitch2
0, 0, 0, 1, 0, 0, 0, 1, 0, 0, 0, 0, 0, 1, 0, 0, 0, 0, 16, 0, 2, 2, 475, 1, 5.5210933273262, WeMoSwitch2
0, 0, 0, 1, 0, 0, 0, 1, 0, 0, 0, 0, 0, 1, 0, 0, 0, 0, 16, 0, 2, 2, 457, 1, 5.500430987741391, WeMoSwitch2
0, 0, 0, 1, 0, 0, 0, 1, 0, 0, 0, 0, 0, 1, 0, 0, 0, 0, 16, 0, 2, 2, 463, 1, 5.512606544879466, WeMoSwitch2
0, 0, 0, 1, 0, 0, 0, 1, 0, 0, 0, 0, 0, 1, 0, 0, 0, 0, 16, 0, 2, 2, 471, 1, 5.4936122560882215, WeMoSwitch2
0, 0, 0, 1, 1, 0, 0, 0, 0, 0, 0, 0, 0, 0, 0, 0, 0, 0, 16, 0, 0, 0, 104, 1, 3.3245573422196424, WeMoSwitch2
0, 0, 0, 1, 1, 0, 0, 0, 0, 0, 0, 0, 0, 0, 0, 0, 0, 0, 16, 0, 0, 0, 104, 1, 3.3245573422196424, WeMoSwitch2
0, 0, 0, 1, 1, 0, 0, 0, 0, 0, 0, 0, 0, 0, 0, 0, 0, 0, 16, 0, 0, 0, 104, 1, 0.7020303092634057, WeMoSwitch2
0, 0, 0, 1, 1, 0, 0, 0, 0, 0, 0, 0, 0, 0, 0, 0, 0, 0, 16, 0, 0, 0, 104, 1, 0.7020303092634057, WeMoSwitch2
0, 0, 0, 1, 1, 0, 0, 0, 0, 0, 0, 0, 0, 0, 0, 0, 0, 0, 16, 0, 0, 0, 104, 1, 0.7020303092634057, WeMoSwitch2
0, 0, 0, 1, 1, 0, 0, 0, 0, 0, 0, 0, 0, 0, 0, 0, 0, 0, 16, 0, 0, 0, 104, 1, 0.7020303092634057, WeMoSwitch2
1, 0, 0, 0, 0, 0, 0, 0, 0, 0, 0, 0, 0, 0, 0, 0, 0, 0, 16, 0, 0, 0, 0, 0, 0, WeMoSwitch2
1, 0, 0, 0, 0, 0, 0, 0, 0, 0, 0, 0, 0, 0, 0, 0, 0, 0, 16, 0, 0, 0, 0, 0, 0, WeMoSwitch2
