0, 0, 1, 0, 0, 0, 0, 0, 0, 0, 0, 0, 0, 0, 0, 0, 0, 0, 0, 0, 0, 0, 117, 1, 4.059920275379756, WeMoInsightSwitch
0, 0, 1, 0, 0, 0, 0, 0, 0, 0, 0, 0, 0, 0, 0, 0, 0, 0, 0, 0, 0, 0, 95, 1, 1.6023157210745844, WeMoInsightSwitch
0, 1, 0, 0, 0, 0, 0, 0, 0, 0, 0, 0, 0, 0, 0, 0, 0, 0, 0, 0, 0, 0, 6, 1, 1.584962500721156, WeMoInsightSwitch
0, 0, 1, 0, 0, 0, 0, 0, 0, 0, 0, 0, 0, 0, 0, 0, 0, 0, 0, 0, 0, 0, 117, 1, 4.12410638652785, WeMoInsightSwitch
0, 0, 1, 0, 0, 0, 0, 0, 0, 0, 0, 0, 0, 0, 0, 0, 0, 0, 0, 0, 0, 0, 95, 1, 1.6313145368868314, WeMoInsightSwitch
0, 0, 0, 0, 0, 0, 0, 0, 0, 0, 0, 0, 0, 0, 0, 0, 0, 0, 0, 0, 0, 0, 1, 0, 0, WeMoInsightSwitch
0, 0, 0, 1, 0, 0, 0, 1, 0, 0, 0, 1, 1, 0, 0, 0, 0, 0, 1, 0, 1, 1, 576, 0, 0, WeMoInsightSwitch
0, 0, 0, 1, 0, 0, 0, 1, 0, 0, 0, 1, 1, 0, 0, 0, 0, 0, 1, 0, 1, 1, 576, 0, 0, WeMoInsightSwitch
0, 0, 0, 1, 0, 0, 0, 1, 0, 0, 0, 1, 1, 0, 0, 0, 0, 0, 1, 0, 1, 1, 576, 0, 0, WeMoInsightSwitch
0, 0, 0, 1, 0, 0, 0, 1, 0, 0, 0, 1, 1, 0, 0, 0, 0, 0, 1, 0, 1, 1, 576, 0, 0, WeMoInsightSwitch
0, 0, 0, 1, 0, 0, 0, 1, 0, 0, 0, 1, 1, 0, 0, 0, 0, 0, 1, 0, 1, 1, 576, 0, 0, WeMoInsightSwitch
0, 0, 0, 1, 0, 0, 0, 1, 0, 0, 0, 1, 1, 0, 0, 0, 0, 0, 1, 0, 1, 1, 576, 0, 0, WeMoInsightSwitch
0, 0, 0, 1, 0, 0, 0, 1, 0, 0, 0, 1, 1, 0, 0, 0, 0, 0, 1, 0, 1, 1, 576, 0, 0, WeMoInsightSwitch
0, 0, 0, 0, 0, 0, 0, 0, 0, 0, 0, 0, 0, 0, 0, 0, 0, 0, 1, 0, 0, 0, 1, 0, 0, WeMoInsightSwitch
1, 0, 0, 0, 0, 0, 0, 0, 0, 0, 0, 0, 0, 0, 0, 0, 0, 0, 1, 0, 0, 0, 0, 0, 0, WeMoInsightSwitch
1, 0, 0, 0, 0, 0, 0, 0, 0, 0, 0, 0, 0, 0, 0, 0, 0, 0, 1, 0, 0, 0, 0, 0, 0, WeMoInsightSwitch
1, 0, 0, 0, 0, 0, 0, 0, 0, 0, 0, 0, 0, 0, 0, 0, 0, 0, 1, 0, 0, 0, 0, 0, 0, WeMoInsightSwitch
1, 0, 0, 0, 0, 0, 0, 0, 0, 0, 0, 0, 0, 0, 0, 0, 0, 0, 1, 0, 0, 0, 0, 0, 0, WeMoInsightSwitch
0, 0, 0, 1, 0, 0, 0, 1, 0, 0, 0, 0, 0, 0, 1, 0, 0, 0, 2, 0, 2, 1, 60, 0, 0, WeMoInsightSwitch
0, 0, 0, 1, 0, 0, 0, 1, 0, 0, 0, 0, 0, 0, 1, 0, 0, 0, 3, 0, 1, 2, 429, 0, 0, WeMoInsightSwitch
0, 0, 0, 1, 0, 0, 0, 1, 0, 0, 0, 0, 0, 0, 1, 0, 0, 0, 3, 0, 2, 1, 75, 0, 0, WeMoInsightSwitch
0, 0, 0, 1, 0, 0, 0, 1, 0, 0, 0, 0, 0, 0, 1, 0, 0, 0, 3, 0, 1, 2, 203, 0, 0, WeMoInsightSwitch
0, 0, 0, 0, 0, 0, 0, 0, 0, 0, 0, 0, 0, 0, 0, 0, 0, 0, 3, 0, 0, 0, 0, 0, 0, WeMoInsightSwitch
0, 0, 0, 0, 0, 0, 0, 0, 0, 0, 0, 0, 0, 0, 0, 0, 0, 0, 3, 0, 0, 0, 1, 0, 0, WeMoInsightSwitch
1, 0, 0, 0, 0, 0, 0, 0, 0, 0, 0, 0, 0, 0, 0, 0, 0, 0, 3, 0, 0, 0, 0, 0, 0, WeMoInsightSwitch
1, 0, 0, 0, 0, 0, 0, 0, 0, 0, 0, 0, 0, 0, 0, 0, 0, 0, 3, 0, 0, 0, 0, 0, 0, WeMoInsightSwitch
0, 0, 0, 1, 0, 0, 0, 1, 0, 0, 0, 0, 0, 0, 1, 0, 0, 0, 3, 0, 2, 1, 65, 0, 0, WeMoInsightSwitch
0, 0, 0, 1, 0, 0, 0, 1, 0, 0, 0, 0, 0, 0, 1, 0, 0, 0, 3, 0, 2, 1, 63, 0, 0, WeMoInsightSwitch
0, 0, 0, 1, 0, 0, 0, 1, 0, 0, 0, 0, 0, 0, 1, 0, 0, 0, 3, 0, 1, 2, 245, 0, 0, WeMoInsightSwitch
0, 0, 0, 1, 0, 0, 0, 1, 0, 0, 0, 0, 0, 0, 1, 0, 0, 0, 3, 0, 1, 2, 282, 0, 0, WeMoInsightSwitch
0, 0, 0, 1, 0, 0, 0, 1, 0, 0, 0, 0, 0, 0, 1, 0, 0, 0, 3, 0, 2, 1, 76, 0, 0, WeMoInsightSwitch
0, 0, 0, 1, 0, 0, 0, 1, 0, 0, 0, 0, 0, 0, 1, 0, 0, 0, 3, 0, 1, 2, 92, 0, 0, WeMoInsightSwitch
0, 0, 0, 1, 0, 0, 0, 1, 0, 0, 0, 0, 0, 0, 1, 0, 0, 0, 3, 0, 2, 1, 58, 0, 0, WeMoInsightSwitch
0, 0, 0, 1, 0, 0, 0, 1, 0, 0, 0, 0, 0, 0, 1, 0, 0, 0, 3, 0, 1, 2, 454, 0, 0, WeMoInsightSwitch
0, 0, 0, 1, 0, 0, 0, 1, 0, 0, 0, 0, 0, 0, 1, 0, 0, 0, 3, 0, 2, 1, 58, 0, 0, WeMoInsightSwitch
0, 0, 0, 1, 0, 0, 0, 1, 0, 0, 0, 0, 0, 0, 1, 0, 0, 0, 3, 0, 1, 2, 454, 0, 0, WeMoInsightSwitch
0, 0, 0, 1, 0, 0, 0, 1, 0, 0, 0, 0, 0, 0, 1, 0, 0, 0, 3, 0, 2, 1, 48, 0, 0, WeMoInsightSwitch
0, 0, 0, 1, 0, 0, 0, 1, 0, 0, 0, 0, 0, 0, 1, 0, 0, 0, 3, 0, 1, 2, 104, 0, 0, WeMoInsightSwitch
0, 0, 0, 1, 0, 0, 0, 1, 0, 0, 0, 0, 0, 0, 1, 0, 0, 0, 3, 0, 2, 1, 48, 0, 0, WeMoInsightSwitch
0, 0, 0, 1, 0, 0, 0, 1, 0, 0, 0, 0, 0, 0, 1, 0, 0, 0, 3, 0, 1, 2, 48, 0, 0, WeMoInsightSwitch
0, 0, 0, 1, 0, 0, 0, 1, 0, 0, 0, 0, 0, 0, 1, 0, 0, 0, 3, 0, 2, 1, 48, 0, 0, WeMoInsightSwitch
0, 0, 0, 1, 0, 0, 0, 1, 0, 0, 0, 0, 0, 0, 1, 0, 0, 0, 3, 0, 1, 2, 48, 0, 0, WeMoInsightSwitch
0, 0, 0, 1, 0, 0, 0, 1, 0, 0, 0, 0, 0, 0, 1, 0, 0, 0, 3, 0, 2, 1, 48, 0, 0, WeMoInsightSwitch
0, 0, 0, 1, 0, 0, 0, 1, 0, 0, 0, 0, 0, 0, 1, 0, 0, 0, 3, 0, 1, 2, 48, 0, 0, WeMoInsightSwitch
0, 0, 0, 1, 0, 0, 0, 1, 0, 0, 0, 0, 0, 0, 1, 0, 0, 0, 3, 0, 2, 1, 48, 0, 0, WeMoInsightSwitch
0, 0, 0, 1, 0, 0, 0, 1, 0, 0, 0, 0, 0, 0, 1, 0, 0, 0, 3, 0, 1, 2, 48, 0, 0, WeMoInsightSwitch
0, 0, 0, 1, 0, 0, 1, 0, 65535, 0, 0, 0, 0, 0, 0, 0, 0, 0, 4, 0, 3, 2, 60, 0, 0, WeMoInsightSwitch
0, 0, 0, 1, 0, 0, 0, 1, 0, 0, 0, 0, 0, 0, 0, 0, 1, 0, 5, 0, 2, 1, 76, 0, 0, WeMoInsightSwitch
0, 0, 0, 1, 1, 0, 0, 0, 0, 0, 0, 0, 0, 0, 0, 0, 0, 0, 5, 0, 2, 1, 56, 0, 0, WeMoInsightSwitch
0, 0, 0, 1, 0, 0, 0, 1, 0, 0, 0, 0, 0, 0, 0, 0, 1, 0, 6, 0, 2, 1, 76, 0, 0, WeMoInsightSwitch
0, 0, 0, 1, 0, 0, 0, 1, 0, 0, 0, 0, 0, 0, 0, 0, 1, 0, 6, 0, 1, 2, 76, 0, 0, WeMoInsightSwitch
0, 0, 0, 1, 0, 0, 0, 1, 0, 0, 0, 0, 0, 0, 0, 0, 1, 0, 7, 0, 2, 1, 76, 0, 0, WeMoInsightSwitch
0, 0, 0, 0, 0, 0, 0, 0, 0, 0, 0, 0, 0, 0, 0, 0, 0, 0, 7, 0, 0, 0, 0, 0, 0, WeMoInsightSwitch
0, 0, 0, 1, 0, 0, 0, 1, 0, 0, 0, 0, 0, 0, 0, 0, 1, 0, 7, 0, 1, 2, 76, 0, 0, WeMoInsightSwitch
0, 0, 0, 1, 0, 0, 0, 1, 0, 0, 0, 0, 0, 0, 1, 0, 0, 0, 7, 0, 2, 1, 71, 0, 0, WeMoInsightSwitch
0, 0, 0, 1, 0, 0, 0, 1, 0, 0, 0, 0, 0, 0, 1, 0, 0, 0, 7, 0, 1, 2, 146, 0, 0, WeMoInsightSwitch
0, 0, 0, 0, 0, 0, 0, 0, 0, 0, 0, 0, 0, 0, 0, 0, 0, 0, 7, 0, 0, 0, 0, 0, 0, WeMoInsightSwitch
0, 0, 0, 1, 0, 0, 1, 0, 65535, 0, 0, 0, 0, 0, 0, 0, 0, 0, 7, 0, 3, 2, 60, 0, 0, WeMoInsightSwitch
0, 0, 0, 1, 0, 0, 0, 1, 0, 0, 0, 0, 0, 0, 1, 0, 0, 0, 7, 0, 2, 1, 70, 0, 0, WeMoInsightSwitch
0, 0, 0, 1, 0, 0, 0, 1, 0, 0, 0, 0, 0, 0, 1, 0, 0, 0, 7, 0, 1, 2, 432, 0, 0, WeMoInsightSwitch
0, 0, 0, 1, 0, 0, 1, 0, 65535, 0, 1, 0, 0, 0, 0, 0, 0, 0, 8, 0, 2, 1, 60, 0, 0, WeMoInsightSwitch
0, 0, 0, 1, 0, 0, 1, 0, 65535, 0, 1, 0, 0, 0, 0, 0, 0, 0, 8, 0, 2, 1, 60, 0, 0, WeMoInsightSwitch
0, 0, 0, 1, 0, 0, 1, 0, 65535, 0, 0, 0, 0, 0, 0, 0, 0, 0, 8, 0, 3, 2, 60, 0, 0, WeMoInsightSwitch
0, 0, 0, 1, 0, 0, 1, 0, 65535, 0, 1, 0, 0, 0, 0, 0, 0, 0, 8, 0, 2, 1, 60, 0, 0, WeMoInsightSwitch
0, 0, 0, 1, 0, 0, 0, 1, 0, 0, 0, 0, 0, 0, 0, 0, 1, 0, 8, 0, 2, 1, 76, 0, 0, WeMoInsightSwitch
0, 0, 0, 1, 0, 0, 1, 0, 65535, 0, 1, 0, 0, 0, 0, 0, 0, 0, 8, 0, 2, 1, 60, 0, 0, WeMoInsightSwitch
0, 0, 0, 1, 0, 0, 1, 0, 65535, 0, 1, 0, 0, 0, 0, 0, 0, 0, 9, 0, 3, 1, 60, 0, 0, WeMoInsightSwitch
0, 0, 0, 1, 0, 0, 1, 0, 65535, 0, 1, 0, 0, 0, 0, 0, 0, 0, 9, 0, 3, 1, 60, 0, 0, WeMoInsightSwitch
0, 0, 0, 1, 0, 0, 1, 0, 65535, 0, 0, 0, 0, 0, 0, 0, 0, 0, 9, 0, 3, 2, 60, 0, 0, WeMoInsightSwitch
0, 0, 0, 1, 0, 0, 1, 0, 65535, 0, 1, 0, 0, 0, 0, 0, 0, 0, 9, 0, 3, 1, 60, 0, 0, WeMoInsightSwitch
0, 0, 0, 1, 0, 0, 0, 1, 0, 0, 0, 0, 0, 0, 0, 0, 1, 0, 9, 0, 2, 1, 76, 0, 0, WeMoInsightSwitch
0, 0, 0, 1, 0, 0, 0, 1, 0, 0, 0, 0, 0, 0, 0, 0, 1, 0, 9, 0, 1, 2, 76, 0, 0, WeMoInsightSwitch
0, 0, 0, 1, 0, 0, 0, 1, 0, 0, 0, 0, 0, 0, 0, 0, 1, 0, 9, 0, 2, 1, 76, 0, 0, WeMoInsightSwitch
0, 0, 0, 1, 0, 0, 0, 1, 0, 0, 0, 0, 0, 0, 0, 0, 1, 0, 9, 0, 1, 2, 76, 0, 0, WeMoInsightSwitch
0, 0, 0, 1, 0, 0, 0, 0, 0, 0, 0, 0, 0, 0, 0, 0, 0, 0, 10, 0, 0, 0, 40, 1, 2.646782221599798, WeMoInsightSwitch
0, 0, 0, 1, 0, 0, 0, 1, 0, 0, 0, 0, 0, 1, 0, 0, 0, 0, 11, 0, 2, 2, 410, 1, 5.490599026720236, WeMoInsightSwitch
0, 0, 0, 1, 0, 0, 0, 1, 0, 0, 0, 0, 0, 1, 0, 0, 0, 0, 11, 0, 2, 2, 409, 1, 5.474991478240051, WeMoInsightSwitch
0, 0, 0, 1, 0, 0, 0, 1, 0, 0, 0, 0, 0, 1, 0, 0, 0, 0, 11, 0, 2, 2, 434, 1, 5.486919638589129, WeMoInsightSwitch
0, 0, 0, 1, 0, 0, 0, 1, 0, 0, 0, 0, 0, 1, 0, 0, 0, 0, 11, 0, 2, 2, 440, 1, 5.510672917744385, WeMoInsightSwitch
0, 0, 0, 1, 0, 0, 0, 1, 0, 0, 0, 0, 0, 1, 0, 0, 0, 0, 11, 0, 2, 2, 438, 1, 5.50238408472093, WeMoInsightSwitch
0, 0, 0, 1, 0, 0, 0, 1, 0, 0, 0, 0, 0, 1, 0, 0, 0, 0, 11, 0, 2, 2, 442, 1, 5.4844893131817365, WeMoInsightSwitch
0, 0, 0, 1, 0, 0, 0, 1, 0, 0, 0, 0, 0, 1, 0, 0, 0, 0, 11, 0, 2, 2, 450, 1, 5.509360287615328, WeMoInsightSwitch
0, 0, 0, 1, 0, 0, 0, 1, 0, 0, 0, 0, 0, 1, 0, 0, 0, 0, 11, 0, 2, 2, 432, 1, 5.487738853647424, WeMoInsightSwitch
0, 0, 0, 1, 0, 0, 0, 1, 0, 0, 0, 0, 0, 1, 0, 0, 0, 0, 11, 0, 2, 2, 438, 1, 5.502652443343829, WeMoInsightSwitch
0, 0, 0, 1, 0, 0, 0, 1, 0, 0, 0, 0, 0, 1, 0, 0, 0, 0, 11, 0, 2, 2, 446, 1, 5.484827844448715, WeMoInsightSwitch
0, 0, 0, 1, 0, 0, 0, 1, 0, 0, 0, 0, 0, 1, 0, 0, 0, 0, 11, 0, 2, 2, 442, 1, 5.493781068446733, WeMoInsightSwitch
0, 0, 0, 1, 0, 0, 0, 1, 0, 0, 0, 0, 0, 1, 0, 0, 0, 0, 11, 0, 2, 2, 436, 1, 5.486745894080858, WeMoInsightSwitch
0, 0, 0, 1, 0, 0, 0, 1, 0, 0, 0, 0, 0, 1, 0, 0, 0, 0, 11, 0, 2, 2, 129, 1, 5.002375250144411, WeMoInsightSwitch
0, 0, 0, 1, 0, 0, 0, 1, 0, 0, 0, 0, 0, 0, 1, 0, 0, 0, 11, 0, 2, 1, 58, 0, 0, WeMoInsightSwitch
0, 0, 0, 1, 0, 0, 0, 1, 0, 0, 0, 0, 0, 0, 1, 0, 0, 0, 11, 0, 1, 2, 454, 0, 0, WeMoInsightSwitch
0, 0, 0, 1, 0, 0, 1, 0, 5840, 0, 0, 0, 0, 0, 0, 0, 0, 0, 12, 0, 2, 2, 60, 0, 0, WeMoInsightSwitch
0, 0, 0, 1, 0, 0, 1, 0, 14480, 0, 0, 0, 0, 0, 0, 0, 0, 0, 12, 0, 2, 2, 60, 0, 0, WeMoInsightSwitch
0, 0, 0, 1, 0, 0, 1, 0, 2920, 0, 0, 0, 0, 0, 0, 0, 0, 0, 12, 0, 2, 2, 52, 0, 0, WeMoInsightSwitch
0, 0, 0, 1, 0, 0, 1, 0, 2920, 0, 0, 0, 0, 0, 0, 0, 0, 0, 12, 0, 2, 2, 279, 1, 4.905458072773356, WeMoInsightSwitch
0, 0, 0, 1, 0, 0, 1, 0, 61, 0, 0, 0, 0, 0, 0, 0, 0, 0, 12, 0, 2, 2, 52, 0, 0, WeMoInsightSwitch
0, 0, 0, 1, 0, 0, 1, 0, 61, 0, 0, 0, 0, 0, 0, 0, 0, 0, 12, 0, 2, 2, 1420, 1, 7.132511790459739, WeMoInsightSwitch
0, 0, 0, 1, 0, 0, 1, 0, 61, 0, 0, 0, 0, 0, 0, 0, 0, 0, 12, 0, 2, 2, 1420, 1, 7.232147384031645, WeMoInsightSwitch
0, 0, 0, 1, 0, 0, 1, 0, 61, 0, 0, 0, 0, 0, 0, 0, 0, 0, 12, 0, 2, 2, 1412, 1, 7.088265422741596, WeMoInsightSwitch
0, 0, 0, 1, 0, 0, 1, 0, 61, 0, 0, 0, 0, 0, 0, 0, 0, 0, 12, 0, 2, 2, 855, 1, 7.496263269339539, WeMoInsightSwitch
0, 0, 0, 1, 0, 0, 1, 0, 4288, 0, 0, 0, 0, 0, 0, 0, 0, 0, 12, 0, 2, 2, 52, 0, 0, WeMoInsightSwitch
0, 0, 0, 1, 0, 0, 1, 0, 5656, 0, 0, 0, 0, 0, 0, 0, 0, 0, 12, 0, 2, 2, 52, 0, 0, WeMoInsightSwitch
0, 0, 0, 1, 0, 0, 1, 0, 7024, 0, 0, 0, 0, 0, 0, 0, 0, 0, 12, 0, 2, 2, 52, 0, 0, WeMoInsightSwitch
0, 0, 0, 1, 0, 0, 1, 0, 8392, 0, 0, 0, 0, 0, 0, 0, 0, 0, 12, 0, 2, 2, 52, 0, 0, WeMoInsightSwitch
0, 0, 0, 1, 0, 0, 1, 0, 8392, 0, 0, 0, 0, 0, 0, 0, 0, 0, 12, 0, 2, 2, 378, 1, 7.2917290944193445, WeMoInsightSwitch
0, 0, 0, 1, 0, 0, 1, 0, 65, 0, 0, 0, 0, 0, 0, 0, 0, 0, 12, 0, 2, 2, 111, 1, 5.482479651490027, WeMoInsightSwitch
0, 0, 0, 1, 0, 0, 1, 0, 8392, 0, 0, 0, 0, 0, 0, 0, 0, 0, 12, 0, 2, 2, 52, 0, 0, WeMoInsightSwitch
0, 0, 0, 1, 0, 0, 1, 0, 8392, 0, 0, 0, 0, 0, 0, 0, 0, 0, 12, 0, 2, 2, 313, 1, 7.122377787600117, WeMoInsightSwitch
0, 0, 0, 1, 0, 0, 1, 0, 8392, 0, 0, 0, 0, 0, 0, 0, 0, 0, 12, 0, 2, 2, 1420, 1, 7.566372611796532, WeMoInsightSwitch
0, 0, 0, 1, 0, 0, 1, 0, 81, 0, 0, 0, 0, 0, 0, 0, 0, 0, 12, 0, 2, 2, 52, 0, 0, WeMoInsightSwitch
0, 0, 0, 1, 0, 0, 1, 0, 8392, 0, 0, 0, 0, 0, 0, 0, 0, 0, 12, 0, 2, 2, 1420, 1, 7.585325105754833, WeMoInsightSwitch
0, 0, 0, 1, 0, 0, 1, 0, 8392, 0, 0, 0, 0, 0, 0, 0, 0, 0, 12, 0, 2, 2, 1420, 1, 7.593569409600019, WeMoInsightSwitch
0, 0, 0, 1, 0, 0, 1, 0, 8392, 0, 0, 0, 0, 0, 0, 0, 0, 0, 12, 0, 2, 2, 1420, 1, 7.545797880231835, WeMoInsightSwitch
0, 0, 0, 1, 0, 0, 1, 0, 104, 0, 0, 0, 0, 0, 0, 0, 0, 0, 12, 0, 2, 2, 52, 0, 0, WeMoInsightSwitch
0, 0, 0, 1, 0, 0, 1, 0, 8392, 0, 0, 0, 0, 0, 0, 0, 0, 0, 12, 0, 2, 2, 1420, 1, 7.608837766902192, WeMoInsightSwitch
0, 0, 0, 1, 0, 0, 1, 0, 8392, 0, 0, 0, 0, 0, 0, 0, 0, 0, 12, 0, 2, 2, 1420, 1, 7.5985899503634515, WeMoInsightSwitch
0, 0, 0, 1, 0, 0, 1, 0, 8392, 0, 0, 0, 0, 0, 0, 0, 0, 0, 12, 0, 2, 2, 1420, 1, 7.588533229975347, WeMoInsightSwitch
0, 0, 0, 1, 0, 0, 1, 0, 115, 0, 0, 0, 0, 0, 0, 0, 0, 0, 12, 0, 2, 2, 52, 0, 0, WeMoInsightSwitch
0, 0, 0, 1, 0, 0, 1, 0, 8392, 0, 0, 0, 0, 0, 0, 0, 0, 0, 12, 0, 2, 2, 1420, 1, 7.58083144346598, WeMoInsightSwitch
0, 0, 0, 1, 0, 0, 1, 0, 8392, 0, 0, 0, 0, 0, 0, 0, 0, 0, 12, 0, 2, 2, 467, 1, 7.276428257996898, WeMoInsightSwitch
0, 0, 0, 1, 0, 0, 1, 0, 126, 0, 0, 0, 0, 0, 0, 0, 0, 0, 12, 0, 2, 2, 52, 0, 0, WeMoInsightSwitch
0, 0, 0, 1, 0, 0, 1, 0, 137, 0, 0, 0, 0, 0, 0, 0, 0, 0, 12, 0, 2, 2, 52, 0, 0, WeMoInsightSwitch
0, 0, 0, 1, 0, 0, 1, 0, 8392, 0, 0, 0, 0, 0, 0, 0, 0, 0, 12, 0, 2, 2, 1420, 1, 7.57721240424924, WeMoInsightSwitch
0, 0, 0, 1, 0, 0, 1, 0, 149, 0, 0, 0, 0, 0, 0, 0, 0, 0, 12, 0, 2, 2, 52, 0, 0, WeMoInsightSwitch
0, 0, 0, 1, 0, 0, 1, 0, 8392, 0, 0, 0, 0, 0, 0, 0, 0, 0, 12, 0, 2, 2, 1420, 1, 7.581352643228472, WeMoInsightSwitch
0, 0, 0, 1, 0, 0, 1, 0, 160, 0, 0, 0, 0, 0, 0, 0, 0, 0, 12, 0, 2, 2, 52, 0, 0, WeMoInsightSwitch
0, 0, 0, 1, 0, 0, 1, 0, 166, 0, 0, 0, 0, 0, 0, 0, 0, 0, 12, 0, 2, 2, 52, 0, 0, WeMoInsightSwitch
0, 0, 0, 1, 0, 0, 1, 0, 8392, 0, 0, 0, 0, 0, 0, 0, 0, 0, 12, 0, 2, 2, 424, 1, 7.180705809566103, WeMoInsightSwitch
0, 0, 0, 1, 0, 0, 1, 0, 8392, 0, 0, 0, 0, 0, 0, 0, 0, 0, 12, 0, 2, 2, 1420, 1, 7.606745827952143, WeMoInsightSwitch
0, 0, 0, 1, 0, 0, 1, 0, 166, 0, 0, 0, 0, 0, 0, 0, 0, 0, 12, 0, 2, 2, 52, 0, 0, WeMoInsightSwitch
0, 0, 0, 1, 0, 0, 1, 0, 8392, 0, 0, 0, 0, 0, 0, 0, 0, 0, 12, 0, 2, 2, 1420, 1, 7.5538358720348, WeMoInsightSwitch
0, 0, 0, 1, 0, 0, 1, 0, 166, 0, 0, 0, 0, 0, 0, 0, 0, 0, 12, 0, 2, 2, 52, 0, 0, WeMoInsightSwitch
0, 0, 0, 1, 0, 0, 1, 0, 166, 0, 0, 0, 0, 0, 0, 0, 0, 0, 12, 0, 2, 2, 52, 0, 0, WeMoInsightSwitch
0, 0, 0, 1, 0, 0, 1, 0, 8392, 0, 0, 0, 0, 0, 0, 0, 0, 0, 12, 0, 2, 2, 1090, 1, 7.547337356118378, WeMoInsightSwitch
0, 0, 0, 1, 0, 0, 1, 0, 166, 0, 0, 0, 0, 0, 0, 0, 0, 0, 12, 0, 2, 2, 52, 0, 0, WeMoInsightSwitch
0, 0, 0, 1, 0, 0, 1, 0, 166, 0, 0, 0, 0, 0, 0, 0, 0, 0, 12, 0, 2, 2, 52, 0, 0, WeMoInsightSwitch
0, 0, 0, 1, 0, 0, 1, 0, 166, 0, 0, 0, 0, 0, 0, 0, 0, 0, 12, 0, 2, 2, 52, 0, 0, WeMoInsightSwitch
0, 0, 0, 1, 0, 0, 1, 0, 166, 0, 0, 0, 0, 0, 0, 0, 0, 0, 12, 0, 2, 2, 1420, 1, 7.847152250241841, WeMoInsightSwitch
0, 0, 0, 1, 0, 0, 1, 0, 166, 0, 0, 0, 0, 0, 0, 0, 0, 0, 12, 0, 2, 2, 305, 1, 7.124008149664838, WeMoInsightSwitch
0, 0, 0, 1, 0, 0, 1, 0, 8392, 0, 0, 0, 0, 0, 0, 0, 0, 0, 12, 0, 2, 2, 52, 0, 0, WeMoInsightSwitch
0, 0, 0, 1, 0, 0, 1, 0, 8392, 0, 0, 0, 0, 0, 0, 0, 0, 0, 12, 0, 2, 2, 89, 1, 4.993237149412736, WeMoInsightSwitch
0, 0, 0, 1, 0, 0, 1, 0, 8392, 0, 0, 0, 0, 0, 0, 0, 0, 0, 12, 0, 2, 2, 52, 0, 0, WeMoInsightSwitch
0, 0, 0, 1, 0, 0, 1, 0, 166, 0, 0, 0, 0, 0, 0, 0, 0, 0, 12, 0, 2, 2, 52, 0, 0, WeMoInsightSwitch
0, 0, 0, 1, 0, 0, 1, 0, 166, 0, 0, 0, 0, 0, 0, 0, 0, 0, 12, 0, 2, 2, 89, 1, 5.047291203466791, WeMoInsightSwitch
0, 0, 0, 1, 0, 0, 1, 0, 166, 0, 0, 0, 0, 0, 0, 0, 0, 0, 12, 0, 2, 2, 52, 0, 0, WeMoInsightSwitch
0, 0, 0, 1, 0, 0, 1, 0, 166, 0, 0, 0, 0, 0, 0, 0, 0, 0, 12, 0, 2, 2, 52, 0, 0, WeMoInsightSwitch
0, 0, 0, 1, 0, 0, 1, 0, 0, 0, 0, 0, 0, 0, 0, 0, 0, 0, 12, 0, 2, 2, 40, 0, 0, WeMoInsightSwitch
0, 0, 0, 1, 0, 0, 1, 0, 0, 0, 0, 0, 0, 0, 0, 0, 0, 0, 12, 0, 2, 2, 40, 0, 0, WeMoInsightSwitch
0, 0, 0, 1, 0, 0, 1, 0, 0, 0, 0, 0, 0, 0, 0, 0, 0, 0, 12, 0, 2, 2, 40, 0, 0, WeMoInsightSwitch
0, 0, 0, 1, 0, 0, 0, 1, 0, 0, 0, 0, 0, 0, 1, 0, 0, 0, 12, 0, 2, 1, 58, 0, 0, WeMoInsightSwitch
0, 0, 0, 1, 0, 0, 0, 1, 0, 0, 0, 0, 0, 0, 1, 0, 0, 0, 12, 0, 1, 2, 454, 0, 0, WeMoInsightSwitch
0, 0, 0, 1, 0, 0, 1, 0, 5840, 0, 0, 0, 0, 0, 0, 0, 0, 0, 13, 0, 2, 2, 60, 0, 0, WeMoInsightSwitch
0, 0, 0, 1, 0, 0, 0, 1, 0, 0, 0, 0, 0, 0, 1, 0, 0, 0, 13, 0, 2, 1, 58, 0, 0, WeMoInsightSwitch
0, 0, 0, 1, 0, 0, 0, 1, 0, 0, 0, 0, 0, 0, 1, 0, 0, 0, 13, 0, 1, 2, 454, 0, 0, WeMoInsightSwitch
0, 0, 0, 1, 0, 0, 1, 0, 14480, 0, 0, 0, 0, 0, 0, 0, 0, 0, 13, 0, 2, 2, 60, 0, 0, WeMoInsightSwitch
0, 0, 0, 1, 0, 0, 1, 0, 5840, 0, 0, 0, 0, 0, 0, 0, 0, 0, 14, 0, 2, 2, 60, 0, 0, WeMoInsightSwitch
0, 0, 0, 1, 0, 0, 1, 0, 2920, 0, 0, 0, 0, 0, 0, 0, 0, 0, 14, 0, 2, 2, 52, 0, 0, WeMoInsightSwitch
0, 0, 0, 1, 0, 0, 1, 0, 2920, 0, 0, 0, 0, 0, 0, 0, 0, 0, 14, 0, 2, 2, 279, 1, 4.821102473513866, WeMoInsightSwitch
0, 0, 0, 1, 0, 0, 1, 0, 14480, 0, 0, 0, 0, 0, 0, 0, 0, 0, 14, 0, 2, 2, 60, 0, 0, WeMoInsightSwitch
0, 0, 0, 1, 0, 0, 1, 0, 2920, 0, 0, 0, 0, 0, 0, 0, 0, 0, 14, 0, 2, 2, 52, 0, 0, WeMoInsightSwitch
0, 0, 0, 1, 0, 0, 1, 0, 61, 0, 0, 0, 0, 0, 0, 0, 0, 0, 14, 0, 2, 2, 52, 0, 0, WeMoInsightSwitch
0, 0, 0, 1, 0, 0, 1, 0, 61, 0, 0, 0, 0, 0, 0, 0, 0, 0, 14, 0, 2, 2, 1420, 1, 7.142925100758845, WeMoInsightSwitch
0, 0, 0, 1, 0, 0, 1, 0, 61, 0, 0, 0, 0, 0, 0, 0, 0, 0, 14, 0, 2, 2, 1420, 1, 7.232147384031645, WeMoInsightSwitch
0, 0, 0, 1, 0, 0, 1, 0, 61, 0, 0, 0, 0, 0, 0, 0, 0, 0, 14, 0, 2, 2, 1412, 1, 7.088265422741596, WeMoInsightSwitch
0, 0, 0, 1, 0, 0, 1, 0, 61, 0, 0, 0, 0, 0, 0, 0, 0, 0, 14, 0, 2, 2, 855, 1, 7.496263269339539, WeMoInsightSwitch
0, 0, 0, 1, 0, 0, 1, 0, 4288, 0, 0, 0, 0, 0, 0, 0, 0, 0, 14, 0, 2, 2, 52, 0, 0, WeMoInsightSwitch
0, 0, 0, 1, 0, 0, 1, 0, 5656, 0, 0, 0, 0, 0, 0, 0, 0, 0, 14, 0, 2, 2, 52, 0, 0, WeMoInsightSwitch
0, 0, 0, 1, 0, 0, 1, 0, 2920, 0, 0, 0, 0, 0, 0, 0, 0, 0, 14, 0, 2, 2, 279, 1, 4.892882068490213, WeMoInsightSwitch
0, 0, 0, 1, 0, 0, 1, 0, 7024, 0, 0, 0, 0, 0, 0, 0, 0, 0, 14, 0, 2, 2, 52, 0, 0, WeMoInsightSwitch
0, 0, 0, 1, 0, 0, 1, 0, 8392, 0, 0, 0, 0, 0, 0, 0, 0, 0, 14, 0, 2, 2, 52, 0, 0, WeMoInsightSwitch
0, 0, 0, 1, 0, 0, 1, 0, 8392, 0, 0, 0, 0, 0, 0, 0, 0, 0, 14, 0, 2, 2, 378, 1, 7.30851030603597, WeMoInsightSwitch
0, 0, 0, 1, 0, 0, 1, 0, 61, 0, 0, 0, 0, 0, 0, 0, 0, 0, 14, 0, 2, 2, 52, 0, 0, WeMoInsightSwitch
0, 0, 0, 1, 0, 0, 1, 0, 61, 0, 0, 0, 0, 0, 0, 0, 0, 0, 14, 0, 2, 2, 1420, 1, 7.133133781831688, WeMoInsightSwitch
0, 0, 0, 1, 0, 0, 1, 0, 61, 0, 0, 0, 0, 0, 0, 0, 0, 0, 14, 0, 2, 2, 1420, 1, 7.232147384031645, WeMoInsightSwitch
0, 0, 0, 1, 0, 0, 1, 0, 61, 0, 0, 0, 0, 0, 0, 0, 0, 0, 14, 0, 2, 2, 1412, 1, 7.088265422741596, WeMoInsightSwitch
0, 0, 0, 1, 0, 0, 1, 0, 61, 0, 0, 0, 0, 0, 0, 0, 0, 0, 14, 0, 2, 2, 855, 1, 7.496263269339539, WeMoInsightSwitch
0, 0, 0, 1, 0, 0, 1, 0, 4288, 0, 0, 0, 0, 0, 0, 0, 0, 0, 14, 0, 2, 2, 52, 0, 0, WeMoInsightSwitch
0, 0, 0, 1, 0, 0, 1, 0, 5656, 0, 0, 0, 0, 0, 0, 0, 0, 0, 14, 0, 2, 2, 52, 0, 0, WeMoInsightSwitch
0, 0, 0, 1, 0, 0, 1, 0, 7024, 0, 0, 0, 0, 0, 0, 0, 0, 0, 14, 0, 2, 2, 52, 0, 0, WeMoInsightSwitch
0, 0, 0, 1, 0, 0, 1, 0, 8392, 0, 0, 0, 0, 0, 0, 0, 0, 0, 14, 0, 2, 2, 52, 0, 0, WeMoInsightSwitch
0, 0, 0, 1, 0, 0, 1, 0, 65, 0, 0, 0, 0, 0, 0, 0, 0, 0, 14, 0, 2, 2, 111, 1, 5.482479651490027, WeMoInsightSwitch
0, 0, 0, 1, 0, 0, 1, 0, 8392, 0, 0, 0, 0, 0, 0, 0, 0, 0, 14, 0, 2, 2, 52, 0, 0, WeMoInsightSwitch
0, 0, 0, 1, 0, 0, 1, 0, 8392, 0, 0, 0, 0, 0, 0, 0, 0, 0, 14, 0, 2, 2, 378, 1, 7.25109991497813, WeMoInsightSwitch
0, 0, 0, 1, 0, 0, 1, 0, 8392, 0, 0, 0, 0, 0, 0, 0, 0, 0, 14, 0, 2, 2, 313, 1, 7.136689425506284, WeMoInsightSwitch
0, 0, 0, 1, 0, 0, 1, 0, 8392, 0, 0, 0, 0, 0, 0, 0, 0, 0, 14, 0, 2, 2, 1420, 1, 7.5913956634215785, WeMoInsightSwitch
0, 0, 0, 1, 0, 0, 1, 0, 65, 0, 0, 0, 0, 0, 0, 0, 0, 0, 14, 0, 2, 2, 111, 1, 5.611456608683871, WeMoInsightSwitch
0, 0, 0, 1, 0, 0, 1, 0, 8392, 0, 0, 0, 0, 0, 0, 0, 0, 0, 14, 0, 2, 2, 52, 0, 0, WeMoInsightSwitch
0, 0, 0, 1, 0, 0, 1, 0, 8392, 0, 0, 0, 0, 0, 0, 0, 0, 0, 14, 0, 2, 2, 313, 1, 7.217224099868941, WeMoInsightSwitch
0, 0, 0, 1, 0, 0, 0, 0, 0, 0, 0, 0, 0, 0, 0, 0, 0, 0, 14, 0, 0, 0, 40, 1, 2.646782221599798, WeMoInsightSwitch
0, 0, 0, 1, 0, 0, 1, 0, 81, 0, 0, 0, 0, 0, 0, 0, 0, 0, 14, 0, 2, 2, 52, 0, 0, WeMoInsightSwitch
0, 0, 0, 1, 0, 0, 1, 0, 8392, 0, 0, 0, 0, 0, 0, 0, 0, 0, 14, 0, 2, 2, 1420, 1, 7.578059810284002, WeMoInsightSwitch
0, 0, 0, 1, 0, 0, 1, 0, 8392, 0, 0, 0, 0, 0, 0, 0, 0, 0, 14, 0, 2, 2, 1420, 1, 7.593857168183363, WeMoInsightSwitch
0, 0, 0, 1, 0, 0, 1, 0, 8392, 0, 0, 0, 0, 0, 0, 0, 0, 0, 14, 0, 2, 2, 721, 1, 7.402790072467022, WeMoInsightSwitch
0, 0, 0, 1, 0, 0, 1, 0, 8392, 0, 0, 0, 0, 0, 0, 0, 0, 0, 14, 0, 2, 2, 1420, 1, 7.625713452026633, WeMoInsightSwitch
0, 0, 0, 1, 0, 0, 1, 0, 104, 0, 0, 0, 0, 0, 0, 0, 0, 0, 14, 0, 2, 2, 52, 0, 0, WeMoInsightSwitch
0, 0, 0, 1, 0, 0, 1, 0, 8392, 0, 0, 0, 0, 0, 0, 0, 0, 0, 14, 0, 2, 2, 1420, 1, 7.556955982952462, WeMoInsightSwitch
0, 0, 0, 1, 0, 0, 1, 0, 8392, 0, 0, 0, 0, 0, 0, 0, 0, 0, 14, 0, 2, 2, 1420, 1, 7.5989291887599855, WeMoInsightSwitch
0, 0, 0, 1, 0, 0, 1, 0, 70, 0, 0, 0, 0, 0, 0, 0, 0, 0, 14, 0, 2, 2, 52, 0, 0, WeMoInsightSwitch
0, 0, 0, 1, 0, 0, 1, 0, 8392, 0, 0, 0, 0, 0, 0, 0, 0, 0, 14, 0, 2, 2, 1237, 1, 7.581130752599163, WeMoInsightSwitch
0, 0, 0, 1, 0, 0, 1, 0, 114, 0, 0, 0, 0, 0, 0, 0, 0, 0, 14, 0, 2, 2, 52, 0, 0, WeMoInsightSwitch
0, 0, 0, 1, 0, 0, 1, 0, 81, 0, 0, 0, 0, 0, 0, 0, 0, 0, 14, 0, 2, 2, 52, 0, 0, WeMoInsightSwitch
0, 0, 0, 1, 0, 0, 1, 0, 8392, 0, 0, 0, 0, 0, 0, 0, 0, 0, 14, 0, 2, 2, 535, 1, 7.347590305513315, WeMoInsightSwitch
0, 0, 0, 1, 0, 0, 1, 0, 8392, 0, 0, 0, 0, 0, 0, 0, 0, 0, 14, 0, 2, 2, 1420, 1, 7.595437923695629, WeMoInsightSwitch
0, 0, 0, 1, 0, 0, 1, 0, 8392, 0, 0, 0, 0, 0, 0, 0, 0, 0, 14, 0, 2, 2, 1420, 1, 7.58179772795451, WeMoInsightSwitch
0, 0, 0, 1, 0, 0, 1, 0, 126, 0, 0, 0, 0, 0, 0, 0, 0, 0, 14, 0, 2, 2, 52, 0, 0, WeMoInsightSwitch
0, 0, 0, 1, 0, 0, 1, 0, 137, 0, 0, 0, 0, 0, 0, 0, 0, 0, 14, 0, 2, 2, 52, 0, 0, WeMoInsightSwitch
0, 0, 0, 1, 0, 0, 1, 0, 92, 0, 0, 0, 0, 0, 0, 0, 0, 0, 14, 0, 2, 2, 52, 0, 0, WeMoInsightSwitch
0, 0, 0, 1, 0, 0, 1, 0, 8392, 0, 0, 0, 0, 0, 0, 0, 0, 0, 14, 0, 2, 2, 1311, 1, 7.581636066152524, WeMoInsightSwitch
0, 0, 0, 1, 0, 0, 1, 0, 148, 0, 0, 0, 0, 0, 0, 0, 0, 0, 14, 0, 2, 2, 52, 0, 0, WeMoInsightSwitch
0, 0, 0, 1, 0, 0, 1, 0, 8392, 0, 0, 0, 0, 0, 0, 0, 0, 0, 14, 0, 2, 2, 682, 1, 7.333640698784532, WeMoInsightSwitch
0, 0, 0, 1, 0, 0, 1, 0, 104, 0, 0, 0, 0, 0, 0, 0, 0, 0, 14, 0, 2, 2, 52, 0, 0, WeMoInsightSwitch
0, 0, 0, 1, 0, 0, 1, 0, 8392, 0, 0, 0, 0, 0, 0, 0, 0, 0, 14, 0, 2, 2, 1420, 1, 7.59713552528181, WeMoInsightSwitch
0, 0, 0, 1, 0, 0, 1, 0, 159, 0, 0, 0, 0, 0, 0, 0, 0, 0, 14, 0, 2, 2, 52, 0, 0, WeMoInsightSwitch
0, 0, 0, 1, 0, 0, 1, 0, 8392, 0, 0, 0, 0, 0, 0, 0, 0, 0, 14, 0, 2, 2, 1420, 1, 7.599251228285557, WeMoInsightSwitch
0, 0, 0, 1, 0, 0, 1, 0, 115, 0, 0, 0, 0, 0, 0, 0, 0, 0, 14, 0, 2, 2, 52, 0, 0, WeMoInsightSwitch
0, 0, 0, 1, 0, 0, 1, 0, 8392, 0, 0, 0, 0, 0, 0, 0, 0, 0, 14, 0, 2, 2, 719, 1, 7.4674882779947085, WeMoInsightSwitch
0, 0, 0, 1, 0, 0, 1, 0, 166, 0, 0, 0, 0, 0, 0, 0, 0, 0, 14, 0, 2, 2, 52, 0, 0, WeMoInsightSwitch
0, 0, 0, 1, 0, 0, 1, 0, 8392, 0, 0, 0, 0, 0, 0, 0, 0, 0, 14, 0, 2, 2, 978, 1, 7.498246268468146, WeMoInsightSwitch
0, 0, 0, 1, 0, 0, 1, 0, 8392, 0, 0, 0, 0, 0, 0, 0, 0, 0, 14, 0, 2, 2, 1420, 1, 7.627218202269534, WeMoInsightSwitch
0, 0, 0, 1, 0, 0, 1, 0, 126, 0, 0, 0, 0, 0, 0, 0, 0, 0, 14, 0, 2, 2, 52, 0, 0, WeMoInsightSwitch
0, 0, 0, 1, 0, 0, 1, 0, 166, 0, 0, 0, 0, 0, 0, 0, 0, 0, 14, 0, 2, 2, 52, 0, 0, WeMoInsightSwitch
0, 0, 0, 1, 0, 0, 1, 0, 8392, 0, 0, 0, 0, 0, 0, 0, 0, 0, 14, 0, 2, 2, 1420, 1, 7.600228112090365, WeMoInsightSwitch
0, 0, 0, 1, 0, 0, 1, 0, 137, 0, 0, 0, 0, 0, 0, 0, 0, 0, 14, 0, 2, 2, 52, 0, 0, WeMoInsightSwitch
0, 0, 0, 1, 0, 0, 1, 0, 8392, 0, 0, 0, 0, 0, 0, 0, 0, 0, 14, 0, 2, 2, 829, 1, 7.436640261720772, WeMoInsightSwitch
0, 0, 0, 1, 0, 0, 1, 0, 166, 0, 0, 0, 0, 0, 0, 0, 0, 0, 14, 0, 2, 2, 52, 0, 0, WeMoInsightSwitch
0, 0, 0, 1, 0, 0, 1, 0, 8392, 0, 0, 0, 0, 0, 0, 0, 0, 0, 14, 0, 2, 2, 1349, 1, 7.5757935867027, WeMoInsightSwitch
0, 0, 0, 1, 0, 0, 1, 0, 166, 0, 0, 0, 0, 0, 0, 0, 0, 0, 14, 0, 2, 2, 52, 0, 0, WeMoInsightSwitch
0, 0, 0, 1, 0, 0, 1, 0, 166, 0, 0, 0, 0, 0, 0, 0, 0, 0, 14, 0, 2, 2, 52, 0, 0, WeMoInsightSwitch
0, 0, 0, 1, 0, 0, 1, 0, 148, 0, 0, 0, 0, 0, 0, 0, 0, 0, 14, 0, 2, 2, 52, 0, 0, WeMoInsightSwitch
0, 0, 0, 1, 0, 0, 1, 0, 148, 0, 0, 0, 0, 0, 0, 0, 0, 0, 14, 0, 2, 2, 1420, 1, 7.85650579695829, WeMoInsightSwitch
0, 0, 0, 1, 0, 0, 1, 0, 148, 0, 0, 0, 0, 0, 0, 0, 0, 0, 14, 0, 2, 2, 401, 1, 7.424960994157933, WeMoInsightSwitch
0, 0, 0, 1, 0, 0, 1, 0, 8392, 0, 0, 0, 0, 0, 0, 0, 0, 0, 14, 0, 2, 2, 52, 0, 0, WeMoInsightSwitch
0, 0, 0, 1, 0, 0, 1, 0, 166, 0, 0, 0, 0, 0, 0, 0, 0, 0, 14, 0, 2, 2, 52, 0, 0, WeMoInsightSwitch
0, 0, 0, 1, 0, 0, 1, 0, 8392, 0, 0, 0, 0, 0, 0, 0, 0, 0, 14, 0, 2, 2, 977, 1, 7.506761568504631, WeMoInsightSwitch
0, 0, 0, 1, 0, 0, 1, 0, 166, 0, 0, 0, 0, 0, 0, 0, 0, 0, 14, 0, 2, 2, 52, 0, 0, WeMoInsightSwitch
0, 0, 0, 1, 0, 0, 1, 0, 166, 0, 0, 0, 0, 0, 0, 0, 0, 0, 14, 0, 2, 2, 1420, 1, 7.8704699384681, WeMoInsightSwitch
0, 0, 0, 1, 0, 0, 1, 0, 166, 0, 0, 0, 0, 0, 0, 0, 0, 0, 14, 0, 2, 2, 1420, 1, 7.838984602220914, WeMoInsightSwitch
0, 0, 0, 1, 0, 0, 1, 0, 166, 0, 0, 0, 0, 0, 0, 0, 0, 0, 14, 0, 2, 2, 1420, 1, 7.847122954641332, WeMoInsightSwitch
0, 0, 0, 1, 0, 0, 1, 0, 166, 0, 0, 0, 0, 0, 0, 0, 0, 0, 14, 0, 2, 2, 1201, 1, 7.842295856475151, WeMoInsightSwitch
0, 0, 0, 1, 0, 0, 1, 0, 8392, 0, 0, 0, 0, 0, 0, 0, 0, 0, 14, 0, 2, 2, 52, 0, 0, WeMoInsightSwitch
0, 0, 0, 1, 0, 0, 1, 0, 8392, 0, 0, 0, 0, 0, 0, 0, 0, 0, 14, 0, 2, 2, 52, 0, 0, WeMoInsightSwitch
0, 0, 0, 1, 0, 0, 1, 0, 8392, 0, 0, 0, 0, 0, 0, 0, 0, 0, 14, 0, 2, 2, 89, 1, 4.993237149412737, WeMoInsightSwitch
0, 0, 0, 1, 0, 0, 1, 0, 8392, 0, 0, 0, 0, 0, 0, 0, 0, 0, 14, 0, 2, 2, 89, 1, 5.026888838543454, WeMoInsightSwitch
0, 0, 0, 1, 0, 0, 1, 0, 8392, 0, 0, 0, 0, 0, 0, 0, 0, 0, 14, 0, 2, 2, 52, 0, 0, WeMoInsightSwitch
0, 0, 0, 1, 0, 0, 1, 0, 8392, 0, 0, 0, 0, 0, 0, 0, 0, 0, 14, 0, 2, 2, 52, 0, 0, WeMoInsightSwitch
0, 0, 0, 1, 0, 0, 1, 0, 148, 0, 0, 0, 0, 0, 0, 0, 0, 0, 14, 0, 2, 2, 89, 1, 5.101345257520845, WeMoInsightSwitch
0, 0, 0, 1, 0, 0, 1, 0, 148, 0, 0, 0, 0, 0, 0, 0, 0, 0, 14, 0, 2, 2, 52, 0, 0, WeMoInsightSwitch
0, 0, 0, 1, 0, 0, 1, 0, 0, 0, 0, 0, 0, 0, 0, 0, 0, 0, 14, 0, 2, 2, 40, 0, 0, WeMoInsightSwitch
0, 0, 0, 1, 0, 0, 1, 0, 0, 0, 0, 0, 0, 0, 0, 0, 0, 0, 14, 0, 2, 2, 40, 0, 0, WeMoInsightSwitch
0, 0, 0, 1, 0, 0, 1, 0, 166, 0, 0, 0, 0, 0, 0, 0, 0, 0, 14, 0, 2, 2, 89, 1, 5.047291203466791, WeMoInsightSwitch
0, 0, 0, 1, 0, 0, 1, 0, 166, 0, 0, 0, 0, 0, 0, 0, 0, 0, 14, 0, 2, 2, 52, 0, 0, WeMoInsightSwitch
0, 0, 0, 1, 0, 0, 1, 0, 0, 0, 0, 0, 0, 0, 0, 0, 0, 0, 14, 0, 2, 2, 40, 0, 0, WeMoInsightSwitch
0, 0, 0, 1, 0, 0, 1, 0, 0, 0, 0, 0, 0, 0, 0, 0, 0, 0, 14, 0, 2, 2, 40, 0, 0, WeMoInsightSwitch
1, 0, 0, 0, 0, 0, 0, 0, 0, 0, 0, 0, 0, 0, 0, 0, 0, 0, 14, 0, 0, 0, 0, 0, 0, WeMoInsightSwitch
0, 0, 0, 1, 0, 0, 0, 1, 0, 0, 0, 0, 0, 1, 0, 0, 0, 0, 14, 0, 2, 2, 410, 1, 5.490599026720236, WeMoInsightSwitch
0, 0, 0, 1, 0, 0, 0, 1, 0, 0, 0, 0, 0, 1, 0, 0, 0, 0, 14, 0, 2, 2, 409, 1, 5.474991478240051, WeMoInsightSwitch
0, 0, 0, 1, 0, 0, 0, 1, 0, 0, 0, 0, 0, 1, 0, 0, 0, 0, 14, 0, 2, 2, 434, 1, 5.486919638589129, WeMoInsightSwitch
0, 0, 0, 1, 0, 0, 0, 1, 0, 0, 0, 0, 0, 1, 0, 0, 0, 0, 14, 0, 2, 2, 440, 1, 5.510672917744385, WeMoInsightSwitch
0, 0, 0, 1, 0, 0, 0, 1, 0, 0, 0, 0, 0, 1, 0, 0, 0, 0, 14, 0, 2, 2, 438, 1, 5.50238408472093, WeMoInsightSwitch
0, 0, 0, 1, 0, 0, 0, 1, 0, 0, 0, 0, 0, 1, 0, 0, 0, 0, 14, 0, 2, 2, 442, 1, 5.4844893131817365, WeMoInsightSwitch
0, 0, 0, 1, 0, 0, 0, 1, 0, 0, 0, 0, 0, 1, 0, 0, 0, 0, 14, 0, 2, 2, 450, 1, 5.509360287615328, WeMoInsightSwitch
0, 0, 0, 1, 0, 0, 0, 1, 0, 0, 0, 0, 0, 1, 0, 0, 0, 0, 14, 0, 2, 2, 432, 1, 5.487738853647424, WeMoInsightSwitch
0, 0, 0, 1, 0, 0, 0, 1, 0, 0, 0, 0, 0, 1, 0, 0, 0, 0, 14, 0, 2, 2, 438, 1, 5.502652443343829, WeMoInsightSwitch
0, 0, 0, 1, 0, 0, 0, 1, 0, 0, 0, 0, 0, 1, 0, 0, 0, 0, 14, 0, 2, 2, 446, 1, 5.484827844448715, WeMoInsightSwitch
0, 0, 0, 1, 0, 0, 0, 1, 0, 0, 0, 0, 0, 1, 0, 0, 0, 0, 14, 0, 2, 2, 442, 1, 5.493781068446733, WeMoInsightSwitch
0, 0, 0, 1, 0, 0, 0, 1, 0, 0, 0, 0, 0, 1, 0, 0, 0, 0, 14, 0, 2, 2, 436, 1, 5.486745894080858, WeMoInsightSwitch
0, 0, 0, 1, 0, 0, 0, 1, 0, 0, 0, 0, 0, 0, 1, 0, 0, 0, 14, 0, 2, 1, 58, 0, 0, WeMoInsightSwitch
0, 0, 0, 1, 0, 0, 0, 1, 0, 0, 0, 0, 0, 0, 1, 0, 0, 0, 14, 0, 1, 2, 359, 0, 0, WeMoInsightSwitch
0, 0, 0, 1, 0, 0, 0, 1, 0, 0, 0, 0, 0, 0, 1, 0, 0, 0, 14, 0, 2, 1, 103, 0, 0, WeMoInsightSwitch
0, 0, 0, 1, 0, 0, 0, 1, 0, 0, 0, 0, 0, 0, 1, 0, 0, 0, 14, 0, 1, 2, 135, 0, 0, WeMoInsightSwitch
0, 0, 0, 1, 0, 0, 0, 1, 0, 0, 0, 0, 0, 0, 1, 0, 0, 0, 14, 0, 2, 1, 65, 0, 0, WeMoInsightSwitch
0, 0, 0, 1, 0, 0, 0, 1, 0, 0, 0, 0, 0, 0, 1, 0, 0, 0, 14, 0, 1, 2, 81, 0, 0, WeMoInsightSwitch
0, 0, 0, 1, 0, 0, 1, 0, 5840, 0, 1, 0, 0, 0, 0, 0, 0, 0, 15, 0, 2, 1, 60, 0, 0, WeMoInsightSwitch
0, 0, 0, 1, 0, 0, 1, 0, 17898, 0, 1, 0, 0, 0, 0, 0, 0, 0, 15, 0, 1, 2, 60, 0, 0, WeMoInsightSwitch
0, 0, 0, 1, 0, 0, 1, 0, 2920, 0, 1, 0, 0, 0, 0, 0, 0, 0, 15, 0, 2, 1, 52, 0, 0, WeMoInsightSwitch
0, 0, 0, 1, 0, 0, 1, 0, 2920, 0, 1, 0, 0, 0, 0, 0, 0, 0, 15, 0, 2, 1, 286, 1, 4.958701903277117, WeMoInsightSwitch
0, 0, 0, 1, 0, 0, 1, 0, 75, 0, 1, 0, 0, 0, 0, 0, 0, 0, 15, 0, 1, 2, 52, 0, 0, WeMoInsightSwitch
0, 0, 0, 1, 0, 0, 1, 0, 75, 0, 1, 0, 0, 0, 0, 0, 0, 0, 15, 0, 1, 2, 1094, 1, 7.32256215153153, WeMoInsightSwitch
0, 0, 0, 1, 0, 0, 1, 0, 3962, 0, 1, 0, 0, 0, 0, 0, 0, 0, 15, 0, 2, 1, 52, 0, 0, WeMoInsightSwitch
0, 0, 0, 1, 0, 0, 1, 0, 3962, 0, 1, 0, 0, 0, 0, 0, 0, 0, 15, 0, 2, 1, 186, 1, 6.315870347077322, WeMoInsightSwitch
0, 0, 0, 1, 0, 0, 0, 1, 0, 0, 0, 0, 0, 0, 0, 0, 1, 0, 15, 0, 2, 1, 76, 0, 0, WeMoInsightSwitch
0, 0, 0, 1, 0, 0, 0, 1, 0, 0, 0, 0, 0, 0, 0, 0, 1, 0, 15, 0, 2, 1, 76, 0, 0, WeMoInsightSwitch
0, 0, 0, 1, 1, 0, 0, 0, 0, 0, 0, 0, 0, 0, 0, 0, 0, 0, 15, 0, 2, 1, 56, 0, 0, WeMoInsightSwitch
0, 0, 0, 1, 0, 0, 0, 1, 0, 0, 0, 0, 0, 0, 0, 0, 1, 0, 15, 0, 1, 2, 76, 0, 0, WeMoInsightSwitch
0, 0, 0, 1, 0, 0, 0, 1, 0, 0, 0, 0, 0, 0, 0, 0, 1, 0, 15, 0, 2, 1, 76, 0, 0, WeMoInsightSwitch
0, 0, 0, 1, 0, 0, 0, 1, 0, 0, 0, 0, 0, 0, 0, 0, 1, 0, 15, 0, 1, 2, 76, 0, 0, WeMoInsightSwitch
0, 0, 0, 1, 0, 0, 1, 0, 79, 0, 1, 0, 0, 0, 0, 0, 0, 0, 15, 0, 1, 2, 111, 1, 5.611456608683871, WeMoInsightSwitch
0, 0, 0, 1, 0, 0, 1, 0, 3962, 0, 1, 0, 0, 0, 0, 0, 0, 0, 15, 0, 2, 1, 52, 0, 0, WeMoInsightSwitch
0, 0, 0, 1, 0, 0, 1, 0, 3962, 0, 1, 0, 0, 0, 0, 0, 0, 0, 15, 0, 2, 1, 281, 1, 7.091067052147373, WeMoInsightSwitch
0, 0, 0, 1, 0, 0, 1, 0, 3962, 0, 1, 0, 0, 0, 0, 0, 0, 0, 15, 0, 2, 1, 1420, 1, 7.620825488781209, WeMoInsightSwitch
0, 0, 0, 1, 0, 0, 1, 0, 83, 0, 1, 0, 0, 0, 0, 0, 0, 0, 15, 0, 1, 2, 233, 1, 6.8877244090750604, WeMoInsightSwitch
0, 0, 0, 1, 0, 0, 1, 0, 3962, 0, 1, 0, 0, 0, 0, 0, 0, 0, 15, 0, 2, 1, 1420, 1, 7.596968482304104, WeMoInsightSwitch
0, 0, 0, 1, 0, 0, 1, 0, 3962, 0, 1, 0, 0, 0, 0, 0, 0, 0, 15, 0, 2, 1, 91, 1, 5.131556065016093, WeMoInsightSwitch
0, 0, 0, 1, 0, 0, 1, 0, 94, 0, 1, 0, 0, 0, 0, 0, 0, 0, 15, 0, 1, 2, 52, 0, 0, WeMoInsightSwitch
0, 0, 0, 1, 0, 0, 1, 0, 104, 0, 1, 0, 0, 0, 0, 0, 0, 0, 15, 0, 1, 2, 52, 0, 0, WeMoInsightSwitch
0, 0, 0, 1, 0, 0, 1, 0, 104, 0, 1, 0, 0, 0, 0, 0, 0, 0, 15, 0, 1, 2, 52, 0, 0, WeMoInsightSwitch
0, 0, 0, 1, 0, 0, 1, 0, 3962, 0, 1, 0, 0, 0, 0, 0, 0, 0, 15, 0, 2, 1, 89, 1, 4.9728347844893985, WeMoInsightSwitch
0, 0, 0, 1, 0, 0, 1, 0, 104, 0, 1, 0, 0, 0, 0, 0, 0, 0, 15, 0, 1, 2, 52, 0, 0, WeMoInsightSwitch
0, 0, 0, 1, 0, 0, 1, 0, 104, 0, 1, 0, 0, 0, 0, 0, 0, 0, 15, 0, 1, 2, 89, 1, 5.101345257520845, WeMoInsightSwitch
0, 0, 0, 1, 0, 0, 1, 0, 104, 0, 1, 0, 0, 0, 0, 0, 0, 0, 15, 0, 1, 2, 52, 0, 0, WeMoInsightSwitch
0, 0, 0, 1, 0, 0, 1, 0, 3962, 0, 1, 0, 0, 0, 0, 0, 0, 0, 15, 0, 2, 1, 52, 0, 0, WeMoInsightSwitch
0, 0, 0, 1, 0, 0, 1, 0, 3962, 0, 1, 0, 0, 0, 0, 0, 0, 0, 15, 0, 2, 1, 52, 0, 0, WeMoInsightSwitch
0, 0, 0, 1, 0, 0, 1, 0, 5840, 0, 0, 0, 0, 0, 0, 0, 0, 0, 16, 0, 2, 2, 60, 0, 0, WeMoInsightSwitch
0, 0, 0, 1, 0, 0, 1, 0, 14480, 0, 0, 0, 0, 0, 0, 0, 0, 0, 16, 0, 2, 2, 60, 0, 0, WeMoInsightSwitch
0, 0, 0, 1, 0, 0, 1, 0, 2920, 0, 0, 0, 0, 0, 0, 0, 0, 0, 16, 0, 2, 2, 52, 0, 0, WeMoInsightSwitch
0, 0, 0, 1, 0, 0, 1, 0, 2920, 0, 0, 0, 0, 0, 0, 0, 0, 0, 16, 0, 2, 2, 401, 1, 3.8744773373259127, WeMoInsightSwitch
0, 0, 0, 1, 0, 0, 1, 0, 61, 0, 0, 0, 0, 0, 0, 0, 0, 0, 16, 0, 2, 2, 52, 0, 0, WeMoInsightSwitch
0, 0, 0, 1, 0, 0, 1, 0, 61, 0, 0, 0, 0, 0, 0, 0, 0, 0, 16, 0, 2, 2, 64, 1, 2.688721875540867, WeMoInsightSwitch
0, 0, 0, 1, 0, 0, 1, 0, 2920, 0, 0, 0, 0, 0, 0, 0, 0, 0, 16, 0, 2, 2, 52, 0, 0, WeMoInsightSwitch
0, 0, 0, 1, 0, 0, 1, 0, 2920, 0, 0, 0, 0, 0, 0, 0, 0, 0, 16, 0, 2, 2, 52, 0, 0, WeMoInsightSwitch
0, 0, 0, 1, 0, 0, 1, 0, 61, 0, 0, 0, 0, 0, 0, 0, 0, 0, 16, 0, 2, 2, 52, 0, 0, WeMoInsightSwitch
0, 0, 0, 1, 0, 0, 1, 0, 2920, 0, 0, 0, 0, 0, 0, 0, 0, 0, 16, 0, 2, 2, 52, 0, 0, WeMoInsightSwitch
0, 0, 0, 1, 1, 0, 0, 0, 0, 0, 0, 0, 0, 0, 0, 0, 0, 0, 16, 0, 0, 0, 104, 1, 3.2625910129463342, WeMoInsightSwitch
0, 0, 0, 1, 1, 0, 0, 0, 0, 0, 0, 0, 0, 0, 0, 0, 0, 0, 16, 0, 0, 0, 104, 1, 3.2625910129463342, WeMoInsightSwitch
0, 0, 0, 1, 1, 0, 0, 0, 0, 0, 0, 0, 0, 0, 0, 0, 0, 0, 16, 0, 0, 0, 104, 1, 0.6025352609942743, WeMoInsightSwitch
0, 0, 0, 1, 1, 0, 0, 0, 0, 0, 0, 0, 0, 0, 0, 0, 0, 0, 16, 0, 0, 0, 104, 1, 0.6025352609942743, WeMoInsightSwitch
0, 0, 0, 1, 0, 0, 0, 1, 0, 0, 0, 0, 0, 0, 1, 0, 0, 0, 16, 0, 2, 1, 58, 0, 0, WeMoInsightSwitch
0, 0, 0, 1, 0, 0, 0, 1, 0, 0, 0, 0, 0, 0, 1, 0, 0, 0, 16, 0, 1, 2, 454, 0, 0, WeMoInsightSwitch
0, 0, 0, 1, 0, 0, 1, 0, 5840, 0, 0, 0, 0, 0, 0, 0, 0, 0, 17, 0, 2, 2, 60, 0, 0, WeMoInsightSwitch
0, 0, 0, 1, 0, 0, 1, 0, 14480, 0, 0, 0, 0, 0, 0, 0, 0, 0, 17, 0, 2, 2, 60, 0, 0, WeMoInsightSwitch
0, 0, 0, 1, 0, 0, 1, 0, 2920, 0, 0, 0, 0, 0, 0, 0, 0, 0, 17, 0, 2, 2, 52, 0, 0, WeMoInsightSwitch
0, 0, 0, 1, 0, 0, 1, 0, 2920, 0, 0, 0, 0, 0, 0, 0, 0, 0, 17, 0, 2, 2, 279, 1, 4.889002841524416, WeMoInsightSwitch
0, 0, 0, 1, 0, 0, 1, 0, 61, 0, 0, 0, 0, 0, 0, 0, 0, 0, 17, 0, 2, 2, 52, 0, 0, WeMoInsightSwitch
0, 0, 0, 1, 0, 0, 1, 0, 61, 0, 0, 0, 0, 0, 0, 0, 0, 0, 17, 0, 2, 2, 1420, 1, 7.129192314391591, WeMoInsightSwitch
0, 0, 0, 1, 0, 0, 1, 0, 61, 0, 0, 0, 0, 0, 0, 0, 0, 0, 17, 0, 2, 2, 1420, 1, 7.232147384031645, WeMoInsightSwitch
0, 0, 0, 1, 0, 0, 1, 0, 61, 0, 0, 0, 0, 0, 0, 0, 0, 0, 17, 0, 2, 2, 1412, 1, 7.088265422741596, WeMoInsightSwitch
0, 0, 0, 1, 0, 0, 1, 0, 61, 0, 0, 0, 0, 0, 0, 0, 0, 0, 17, 0, 2, 2, 855, 1, 7.496263269339539, WeMoInsightSwitch
0, 0, 0, 1, 0, 0, 1, 0, 4288, 0, 0, 0, 0, 0, 0, 0, 0, 0, 17, 0, 2, 2, 52, 0, 0, WeMoInsightSwitch
0, 0, 0, 1, 0, 0, 1, 0, 5656, 0, 0, 0, 0, 0, 0, 0, 0, 0, 17, 0, 2, 2, 52, 0, 0, WeMoInsightSwitch
0, 0, 0, 1, 0, 0, 1, 0, 7024, 0, 0, 0, 0, 0, 0, 0, 0, 0, 17, 0, 2, 2, 52, 0, 0, WeMoInsightSwitch
0, 0, 0, 1, 0, 0, 1, 0, 8392, 0, 0, 0, 0, 0, 0, 0, 0, 0, 17, 0, 2, 2, 52, 0, 0, WeMoInsightSwitch
0, 0, 0, 1, 0, 0, 1, 0, 8392, 0, 0, 0, 0, 0, 0, 0, 0, 0, 17, 0, 2, 2, 378, 1, 7.268142530528517, WeMoInsightSwitch
0, 0, 0, 1, 0, 0, 1, 0, 65, 0, 0, 0, 0, 0, 0, 0, 0, 0, 17, 0, 2, 2, 111, 1, 5.369682667895898, WeMoInsightSwitch
0, 0, 0, 1, 0, 0, 1, 0, 8392, 0, 0, 0, 0, 0, 0, 0, 0, 0, 17, 0, 2, 2, 52, 0, 0, WeMoInsightSwitch
0, 0, 0, 1, 0, 0, 1, 0, 8392, 0, 0, 0, 0, 0, 0, 0, 0, 0, 17, 0, 2, 2, 313, 1, 7.247110188220592, WeMoInsightSwitch
0, 0, 0, 1, 0, 0, 1, 0, 8392, 0, 0, 0, 0, 0, 0, 0, 0, 0, 17, 0, 2, 2, 1420, 1, 7.5701732265533765, WeMoInsightSwitch
0, 0, 0, 1, 0, 0, 1, 0, 81, 0, 0, 0, 0, 0, 0, 0, 0, 0, 17, 0, 2, 2, 52, 0, 0, WeMoInsightSwitch
0, 0, 0, 1, 0, 0, 1, 0, 8392, 0, 0, 0, 0, 0, 0, 0, 0, 0, 17, 0, 2, 2, 1420, 1, 7.576050071603893, WeMoInsightSwitch
0, 0, 0, 1, 0, 0, 1, 0, 8392, 0, 0, 0, 0, 0, 0, 0, 0, 0, 17, 0, 2, 2, 1420, 1, 7.578156739364567, WeMoInsightSwitch
0, 0, 0, 1, 0, 0, 1, 0, 8392, 0, 0, 0, 0, 0, 0, 0, 0, 0, 17, 0, 2, 2, 1420, 1, 7.585642443054915, WeMoInsightSwitch
0, 0, 0, 1, 1, 0, 0, 0, 0, 0, 0, 0, 0, 0, 0, 0, 0, 0, 17, 0, 0, 0, 104, 1, 0.6025352609942743, WeMoInsightSwitch
0, 0, 0, 1, 1, 0, 0, 0, 0, 0, 0, 0, 0, 0, 0, 0, 0, 0, 17, 0, 0, 0, 104, 1, 0.6025352609942743, WeMoInsightSwitch
0, 0, 0, 1, 0, 0, 1, 0, 104, 0, 0, 0, 0, 0, 0, 0, 0, 0, 17, 0, 2, 2, 52, 0, 0, WeMoInsightSwitch
0, 0, 0, 1, 0, 0, 1, 0, 8392, 0, 0, 0, 0, 0, 0, 0, 0, 0, 17, 0, 2, 2, 1420, 1, 7.6135367678172585, WeMoInsightSwitch
0, 0, 0, 1, 0, 0, 1, 0, 8392, 0, 0, 0, 0, 0, 0, 0, 0, 0, 17, 0, 2, 2, 1420, 1, 7.607907902108845, WeMoInsightSwitch
0, 0, 0, 1, 0, 0, 1, 0, 8392, 0, 0, 0, 0, 0, 0, 0, 0, 0, 17, 0, 2, 2, 1420, 1, 7.591289861533212, WeMoInsightSwitch
0, 0, 0, 1, 0, 0, 1, 0, 115, 0, 0, 0, 0, 0, 0, 0, 0, 0, 17, 0, 2, 2, 52, 0, 0, WeMoInsightSwitch
0, 0, 0, 1, 0, 0, 1, 0, 8392, 0, 0, 0, 0, 0, 0, 0, 0, 0, 17, 0, 2, 2, 1420, 1, 7.601530308345874, WeMoInsightSwitch
0, 0, 0, 1, 0, 0, 1, 0, 8392, 0, 0, 0, 0, 0, 0, 0, 0, 0, 17, 0, 2, 2, 726, 1, 7.503838158880565, WeMoInsightSwitch
0, 0, 0, 1, 0, 0, 1, 0, 126, 0, 0, 0, 0, 0, 0, 0, 0, 0, 17, 0, 2, 2, 52, 0, 0, WeMoInsightSwitch
0, 0, 0, 1, 0, 0, 1, 0, 137, 0, 0, 0, 0, 0, 0, 0, 0, 0, 17, 0, 2, 2, 52, 0, 0, WeMoInsightSwitch
0, 0, 0, 1, 0, 0, 1, 0, 149, 0, 0, 0, 0, 0, 0, 0, 0, 0, 17, 0, 2, 2, 52, 0, 0, WeMoInsightSwitch
0, 0, 0, 1, 0, 0, 1, 0, 8392, 0, 0, 0, 0, 0, 0, 0, 0, 0, 17, 0, 2, 2, 1420, 1, 7.583528412575171, WeMoInsightSwitch
0, 0, 0, 1, 0, 0, 1, 0, 8392, 0, 0, 0, 0, 0, 0, 0, 0, 0, 17, 0, 2, 2, 1420, 1, 7.588781437242501, WeMoInsightSwitch
0, 0, 0, 1, 0, 0, 1, 0, 160, 0, 0, 0, 0, 0, 0, 0, 0, 0, 17, 0, 2, 2, 52, 0, 0, WeMoInsightSwitch
0, 0, 0, 1, 0, 0, 1, 0, 166, 0, 0, 0, 0, 0, 0, 0, 0, 0, 17, 0, 2, 2, 52, 0, 0, WeMoInsightSwitch
0, 0, 0, 1, 0, 0, 1, 0, 8392, 0, 0, 0, 0, 0, 0, 0, 0, 0, 17, 0, 2, 2, 831, 1, 7.496208173021711, WeMoInsightSwitch
0, 0, 0, 1, 0, 0, 1, 0, 8392, 0, 0, 0, 0, 0, 0, 0, 0, 0, 17, 0, 2, 2, 1420, 1, 7.614775245256236, WeMoInsightSwitch
0, 0, 0, 1, 0, 0, 1, 0, 166, 0, 0, 0, 0, 0, 0, 0, 0, 0, 17, 0, 2, 2, 52, 0, 0, WeMoInsightSwitch
0, 0, 0, 1, 0, 0, 1, 0, 166, 0, 0, 0, 0, 0, 0, 0, 0, 0, 17, 0, 2, 2, 52, 0, 0, WeMoInsightSwitch
0, 0, 0, 1, 0, 0, 1, 0, 166, 0, 0, 0, 0, 0, 0, 0, 0, 0, 17, 0, 2, 2, 52, 0, 0, WeMoInsightSwitch
0, 0, 0, 1, 0, 0, 1, 0, 8392, 0, 0, 0, 0, 0, 0, 0, 0, 0, 17, 0, 2, 2, 793, 1, 7.459486603913568, WeMoInsightSwitch
0, 0, 0, 1, 0, 0, 1, 0, 166, 0, 0, 0, 0, 0, 0, 0, 0, 0, 17, 0, 2, 2, 52, 0, 0, WeMoInsightSwitch
0, 0, 0, 1, 0, 0, 0, 1, 0, 0, 0, 0, 0, 0, 1, 0, 0, 0, 17, 0, 2, 1, 58, 0, 0, WeMoInsightSwitch
0, 0, 0, 1, 0, 0, 0, 1, 0, 0, 0, 0, 0, 0, 1, 0, 0, 0, 17, 0, 1, 2, 454, 0, 0, WeMoInsightSwitch
0, 0, 0, 1, 0, 0, 1, 0, 5840, 0, 0, 0, 0, 0, 0, 0, 0, 0, 18, 0, 2, 2, 60, 0, 0, WeMoInsightSwitch
0, 0, 0, 1, 0, 0, 1, 0, 166, 0, 0, 0, 0, 0, 0, 0, 0, 0, 18, 0, 2, 2, 52, 0, 0, WeMoInsightSwitch
0, 0, 0, 1, 0, 0, 1, 0, 166, 0, 0, 0, 0, 0, 0, 0, 0, 0, 18, 0, 2, 2, 457, 1, 7.472509920011621, WeMoInsightSwitch
0, 0, 0, 1, 0, 0, 1, 0, 8392, 0, 0, 0, 0, 0, 0, 0, 0, 0, 18, 0, 2, 2, 89, 1, 4.993237149412737, WeMoInsightSwitch
0, 0, 0, 1, 0, 0, 1, 0, 8392, 0, 0, 0, 0, 0, 0, 0, 0, 0, 18, 0, 2, 2, 52, 0, 0, WeMoInsightSwitch
0, 0, 0, 1, 0, 0, 1, 0, 14480, 0, 0, 0, 0, 0, 0, 0, 0, 0, 18, 0, 2, 2, 60, 0, 0, WeMoInsightSwitch
0, 0, 0, 1, 0, 0, 1, 0, 2920, 0, 0, 0, 0, 0, 0, 0, 0, 0, 18, 0, 2, 2, 52, 0, 0, WeMoInsightSwitch
0, 0, 0, 1, 0, 0, 1, 0, 2920, 0, 0, 0, 0, 0, 0, 0, 0, 0, 18, 0, 2, 2, 279, 1, 4.906623986898865, WeMoInsightSwitch
0, 0, 0, 1, 0, 0, 1, 0, 166, 0, 0, 0, 0, 0, 0, 0, 0, 0, 18, 0, 2, 2, 52, 0, 0, WeMoInsightSwitch
0, 0, 0, 1, 0, 0, 1, 0, 166, 0, 0, 0, 0, 0, 0, 0, 0, 0, 18, 0, 2, 2, 89, 1, 4.8647266763812915, WeMoInsightSwitch
0, 0, 0, 1, 0, 0, 1, 0, 166, 0, 0, 0, 0, 0, 0, 0, 0, 0, 18, 0, 2, 2, 52, 0, 0, WeMoInsightSwitch
0, 0, 0, 1, 0, 0, 1, 0, 166, 0, 0, 0, 0, 0, 0, 0, 0, 0, 18, 0, 2, 2, 52, 0, 0, WeMoInsightSwitch
0, 0, 0, 1, 0, 0, 1, 0, 0, 0, 0, 0, 0, 0, 0, 0, 0, 0, 18, 0, 2, 2, 40, 0, 0, WeMoInsightSwitch
0, 0, 0, 1, 0, 0, 1, 0, 0, 0, 0, 0, 0, 0, 0, 0, 0, 0, 18, 0, 2, 2, 40, 0, 0, WeMoInsightSwitch
0, 0, 0, 1, 0, 0, 1, 0, 0, 0, 0, 0, 0, 0, 0, 0, 0, 0, 18, 0, 2, 2, 40, 0, 0, WeMoInsightSwitch
0, 0, 0, 1, 0, 0, 1, 0, 61, 0, 0, 0, 0, 0, 0, 0, 0, 0, 18, 0, 2, 2, 52, 0, 0, WeMoInsightSwitch
0, 0, 0, 1, 0, 0, 1, 0, 61, 0, 0, 0, 0, 0, 0, 0, 0, 0, 18, 0, 2, 2, 1420, 1, 7.124744459753604, WeMoInsightSwitch
0, 0, 0, 1, 0, 0, 1, 0, 61, 0, 0, 0, 0, 0, 0, 0, 0, 0, 18, 0, 2, 2, 1420, 1, 7.232147384031645, WeMoInsightSwitch
0, 0, 0, 1, 0, 0, 1, 0, 61, 0, 0, 0, 0, 0, 0, 0, 0, 0, 18, 0, 2, 2, 1412, 1, 7.088265422741596, WeMoInsightSwitch
0, 0, 0, 1, 0, 0, 1, 0, 61, 0, 0, 0, 0, 0, 0, 0, 0, 0, 18, 0, 2, 2, 855, 1, 7.496263269339539, WeMoInsightSwitch
0, 0, 0, 1, 0, 0, 1, 0, 4288, 0, 0, 0, 0, 0, 0, 0, 0, 0, 18, 0, 2, 2, 52, 0, 0, WeMoInsightSwitch
0, 0, 0, 1, 0, 0, 1, 0, 5656, 0, 0, 0, 0, 0, 0, 0, 0, 0, 18, 0, 2, 2, 52, 0, 0, WeMoInsightSwitch
0, 0, 0, 1, 0, 0, 1, 0, 7024, 0, 0, 0, 0, 0, 0, 0, 0, 0, 18, 0, 2, 2, 52, 0, 0, WeMoInsightSwitch
0, 0, 0, 1, 0, 0, 1, 0, 8392, 0, 0, 0, 0, 0, 0, 0, 0, 0, 18, 0, 2, 2, 52, 0, 0, WeMoInsightSwitch
0, 0, 0, 1, 0, 0, 1, 0, 8392, 0, 0, 0, 0, 0, 0, 0, 0, 0, 18, 0, 2, 2, 378, 1, 7.242955675616, WeMoInsightSwitch
0, 0, 0, 1, 0, 0, 1, 0, 65, 0, 0, 0, 0, 0, 0, 0, 0, 0, 18, 0, 2, 2, 111, 1, 5.509761693429634, WeMoInsightSwitch
0, 0, 0, 1, 0, 0, 1, 0, 8392, 0, 0, 0, 0, 0, 0, 0, 0, 0, 18, 0, 2, 2, 52, 0, 0, WeMoInsightSwitch
0, 0, 0, 1, 0, 0, 1, 0, 8392, 0, 0, 0, 0, 0, 0, 0, 0, 0, 18, 0, 2, 2, 313, 1, 7.176017634343413, WeMoInsightSwitch
0, 0, 0, 1, 0, 0, 1, 0, 8392, 0, 0, 0, 0, 0, 0, 0, 0, 0, 18, 0, 2, 2, 1420, 1, 7.599843137994606, WeMoInsightSwitch
0, 0, 0, 1, 0, 0, 1, 0, 81, 0, 0, 0, 0, 0, 0, 0, 0, 0, 18, 0, 2, 2, 52, 0, 0, WeMoInsightSwitch
0, 0, 0, 1, 0, 0, 1, 0, 8392, 0, 0, 0, 0, 0, 0, 0, 0, 0, 18, 0, 2, 2, 1420, 1, 7.582320641250295, WeMoInsightSwitch
0, 0, 0, 1, 0, 0, 1, 0, 8392, 0, 0, 0, 0, 0, 0, 0, 0, 0, 18, 0, 2, 2, 1420, 1, 7.612217724267667, WeMoInsightSwitch
0, 0, 0, 1, 0, 0, 1, 0, 8392, 0, 0, 0, 0, 0, 0, 0, 0, 0, 18, 0, 2, 2, 1420, 1, 7.567925954314745, WeMoInsightSwitch
0, 0, 0, 1, 0, 0, 1, 0, 104, 0, 0, 0, 0, 0, 0, 0, 0, 0, 18, 0, 2, 2, 52, 0, 0, WeMoInsightSwitch
0, 0, 0, 1, 0, 0, 1, 0, 8392, 0, 0, 0, 0, 0, 0, 0, 0, 0, 18, 0, 2, 2, 1420, 1, 7.607109270363584, WeMoInsightSwitch
0, 0, 0, 1, 0, 0, 1, 0, 8392, 0, 0, 0, 0, 0, 0, 0, 0, 0, 18, 0, 2, 2, 1204, 1, 7.590073001446332, WeMoInsightSwitch
0, 0, 0, 1, 0, 0, 1, 0, 115, 0, 0, 0, 0, 0, 0, 0, 0, 0, 18, 0, 2, 2, 52, 0, 0, WeMoInsightSwitch
0, 0, 0, 1, 0, 0, 1, 0, 126, 0, 0, 0, 0, 0, 0, 0, 0, 0, 18, 0, 2, 2, 52, 0, 0, WeMoInsightSwitch
0, 0, 0, 1, 0, 0, 1, 0, 137, 0, 0, 0, 0, 0, 0, 0, 0, 0, 18, 0, 2, 2, 52, 0, 0, WeMoInsightSwitch
0, 0, 0, 1, 0, 0, 1, 0, 137, 0, 0, 0, 0, 0, 0, 0, 0, 0, 18, 0, 2, 2, 553, 1, 7.555407133162744, WeMoInsightSwitch
0, 0, 0, 1, 0, 0, 1, 0, 8392, 0, 0, 0, 0, 0, 0, 0, 0, 0, 18, 0, 2, 2, 89, 1, 5.155399311574899, WeMoInsightSwitch
0, 0, 0, 1, 0, 0, 1, 0, 8392, 0, 0, 0, 0, 0, 0, 0, 0, 0, 18, 0, 2, 2, 52, 0, 0, WeMoInsightSwitch
0, 0, 0, 1, 0, 0, 1, 0, 137, 0, 0, 0, 0, 0, 0, 0, 0, 0, 18, 0, 2, 2, 89, 1, 4.993237149412737, WeMoInsightSwitch
0, 0, 0, 1, 0, 0, 1, 0, 137, 0, 0, 0, 0, 0, 0, 0, 0, 0, 18, 0, 2, 2, 52, 0, 0, WeMoInsightSwitch
0, 0, 0, 1, 0, 0, 1, 0, 0, 0, 0, 0, 0, 0, 0, 0, 0, 0, 18, 0, 2, 2, 40, 0, 0, WeMoInsightSwitch
0, 0, 0, 1, 0, 0, 1, 0, 137, 0, 0, 0, 0, 0, 0, 0, 0, 0, 18, 0, 2, 2, 52, 0, 0, WeMoInsightSwitch
0, 0, 0, 1, 0, 0, 1, 0, 0, 0, 0, 0, 0, 0, 0, 0, 0, 0, 18, 0, 2, 2, 40, 0, 0, WeMoInsightSwitch
0, 0, 0, 1, 0, 0, 1, 0, 0, 0, 0, 0, 0, 0, 0, 0, 0, 0, 18, 0, 2, 2, 40, 0, 0, WeMoInsightSwitch
1, 0, 0, 0, 0, 0, 0, 0, 0, 0, 0, 0, 0, 0, 0, 0, 0, 0, 18, 0, 0, 0, 0, 0, 0, WeMoInsightSwitch
1, 0, 0, 0, 0, 0, 0, 0, 0, 0, 0, 0, 0, 0, 0, 0, 0, 0, 18, 0, 0, 0, 0, 0, 0, WeMoInsightSwitch
