0, 0, 1, 0, 0, 0, 0, 0, 0, 0, 0, 0, 0, 0, 0, 0, 0, 0, 0, 0, 0, 0, 117, 1, 4.104055143368477, WeMoSwitch
0, 0, 1, 0, 0, 0, 0, 0, 0, 0, 0, 0, 0, 0, 0, 0, 0, 0, 0, 0, 0, 0, 95, 1, 1.6313145368868314, WeMoSwitch
0, 0, 0, 1, 0, 0, 0, 1, 0, 0, 0, 1, 1, 0, 0, 0, 0, 0, 1, 0, 1, 1, 328, 0, 0, WeMoSwitch
0, 0, 0, 1, 0, 0, 0, 1, 0, 0, 0, 1, 1, 0, 0, 0, 0, 0, 2, 0, 1, 1, 328, 0, 0, WeMoSwitch
0, 0, 0, 1, 0, 0, 0, 1, 0, 0, 0, 1, 1, 0, 0, 0, 0, 0, 2, 0, 1, 1, 328, 0, 0, WeMoSwitch
0, 0, 0, 1, 0, 0, 0, 1, 0, 0, 0, 1, 1, 0, 0, 0, 0, 0, 2, 0, 1, 1, 328, 0, 0, WeMoSwitch
1, 0, 0, 0, 0, 0, 0, 0, 0, 0, 0, 0, 0, 0, 0, 0, 0, 0, 2, 0, 0, 0, 0, 0, 0, WeMoSwitch
1, 0, 0, 0, 0, 0, 0, 0, 0, 0, 0, 0, 0, 0, 0, 0, 0, 0, 2, 0, 0, 0, 0, 0, 0, WeMoSwitch
1, 0, 0, 0, 0, 0, 0, 0, 0, 0, 0, 0, 0, 0, 0, 0, 0, 0, 2, 0, 0, 0, 0, 0, 0, WeMoSwitch
1, 0, 0, 0, 0, 0, 0, 0, 0, 0, 0, 0, 0, 0, 0, 0, 0, 0, 2, 0, 0, 0, 0, 0, 0, WeMoSwitch
0, 0, 0, 1, 1, 0, 0, 0, 0, 0, 0, 0, 0, 0, 0, 0, 0, 0, 3, 0, 0, 0, 84, 1, 0.5140894694980185, WeMoSwitch
0, 0, 0, 1, 1, 0, 0, 0, 0, 0, 0, 0, 0, 0, 0, 0, 0, 0, 3, 0, 0, 0, 84, 1, 0.5140894694980185, WeMoSwitch
0, 0, 0, 1, 1, 0, 0, 0, 0, 0, 0, 0, 0, 0, 0, 0, 0, 0, 3, 0, 0, 0, 84, 1, 0.5140894694980185, WeMoSwitch
0, 0, 0, 1, 1, 0, 0, 0, 0, 0, 0, 0, 0, 0, 0, 0, 0, 0, 3, 0, 0, 0, 84, 1, 0.5140894694980185, WeMoSwitch
0, 0, 0, 1, 0, 0, 0, 0, 0, 0, 0, 0, 0, 0, 0, 0, 0, 0, 4, 0, 0, 0, 40, 1, 2.646782221599798, WeMoSwitch
0, 0, 0, 1, 0, 0, 0, 1, 0, 0, 0, 0, 0, 1, 0, 0, 0, 0, 5, 0, 2, 2, 409, 1, 5.499491809781777, WeMoSwitch
0, 0, 0, 1, 0, 0, 0, 1, 0, 0, 0, 0, 0, 1, 0, 0, 0, 0, 5, 0, 2, 2, 407, 1, 5.490425471687406, WeMoSwitch
0, 0, 0, 1, 0, 0, 0, 1, 0, 0, 0, 0, 0, 1, 0, 0, 0, 0, 5, 0, 2, 2, 439, 1, 5.497520222252916, WeMoSwitch
0, 0, 0, 1, 0, 0, 0, 1, 0, 0, 0, 0, 0, 1, 0, 0, 0, 0, 5, 0, 2, 2, 439, 1, 5.513369141339241, WeMoSwitch
0, 0, 0, 1, 0, 0, 0, 1, 0, 0, 0, 0, 0, 1, 0, 0, 0, 0, 5, 0, 2, 2, 437, 1, 5.507262428650734, WeMoSwitch
0, 0, 0, 1, 0, 0, 0, 1, 0, 0, 0, 0, 0, 1, 0, 0, 0, 0, 5, 0, 2, 2, 441, 1, 5.488226975677021, WeMoSwitch
0, 0, 0, 1, 0, 0, 0, 1, 0, 0, 0, 0, 0, 1, 0, 0, 0, 0, 5, 0, 2, 2, 443, 1, 5.474263338988677, WeMoSwitch
0, 0, 0, 1, 0, 0, 0, 1, 0, 0, 0, 0, 0, 1, 0, 0, 0, 0, 5, 0, 2, 2, 447, 1, 5.49966128882887, WeMoSwitch
0, 0, 0, 1, 0, 0, 0, 1, 0, 0, 0, 0, 0, 1, 0, 0, 0, 0, 5, 0, 2, 2, 443, 1, 5.497971041329451, WeMoSwitch
0, 0, 0, 1, 0, 0, 0, 1, 0, 0, 0, 0, 0, 1, 0, 0, 0, 0, 5, 0, 2, 2, 449, 1, 5.513692702516605, WeMoSwitch
0, 0, 0, 1, 0, 0, 0, 1, 0, 0, 0, 0, 0, 1, 0, 0, 0, 0, 5, 0, 2, 2, 431, 1, 5.494166684799306, WeMoSwitch
0, 0, 0, 1, 0, 0, 0, 1, 0, 0, 0, 0, 0, 1, 0, 0, 0, 0, 5, 0, 2, 2, 437, 1, 5.506304264230105, WeMoSwitch
0, 0, 0, 1, 0, 0, 0, 1, 0, 0, 0, 0, 0, 1, 0, 0, 0, 0, 5, 0, 2, 2, 445, 1, 5.484502463759759, WeMoSwitch
0, 0, 0, 1, 0, 0, 0, 1, 0, 0, 0, 0, 0, 1, 0, 0, 0, 0, 5, 0, 2, 2, 441, 1, 5.492976992867094, WeMoSwitch
0, 0, 0, 1, 0, 0, 0, 1, 0, 0, 0, 0, 0, 1, 0, 0, 0, 0, 5, 0, 2, 2, 441, 1, 5.492894068301165, WeMoSwitch
0, 0, 0, 1, 0, 0, 0, 1, 0, 0, 0, 0, 0, 1, 0, 0, 0, 0, 5, 0, 2, 2, 443, 1, 5.502979409246207, WeMoSwitch
1, 0, 0, 0, 0, 0, 0, 0, 0, 0, 0, 0, 0, 0, 0, 0, 0, 0, 5, 0, 0, 0, 0, 0, 0, WeMoSwitch
1, 0, 0, 0, 0, 0, 0, 0, 0, 0, 0, 0, 0, 0, 0, 0, 0, 0, 5, 0, 0, 0, 0, 0, 0, WeMoSwitch
0, 0, 0, 1, 0, 0, 0, 1, 0, 0, 0, 0, 0, 0, 1, 0, 0, 0, 6, 0, 3, 1, 58, 0, 0, WeMoSwitch
0, 0, 0, 1, 0, 0, 0, 1, 0, 0, 0, 0, 0, 0, 1, 0, 0, 0, 6, 0, 1, 3, 454, 0, 0, WeMoSwitch
0, 0, 0, 1, 0, 0, 1, 0, 5840, 0, 0, 0, 0, 0, 0, 0, 0, 0, 7, 0, 2, 2, 52, 0, 0, WeMoSwitch
0, 0, 0, 1, 0, 0, 1, 0, 14600, 0, 0, 0, 0, 0, 0, 0, 0, 0, 7, 0, 2, 2, 52, 0, 0, WeMoSwitch
0, 0, 0, 1, 0, 0, 1, 0, 2920, 0, 0, 0, 0, 0, 0, 0, 0, 0, 7, 0, 2, 2, 40, 0, 0, WeMoSwitch
0, 0, 0, 1, 0, 0, 1, 0, 2920, 0, 0, 0, 0, 0, 0, 0, 0, 0, 7, 0, 2, 2, 157, 1, 4.867100082332001, WeMoSwitch
0, 0, 0, 1, 0, 0, 1, 0, 58, 0, 0, 0, 0, 0, 0, 0, 0, 0, 7, 0, 2, 2, 40, 0, 0, WeMoSwitch
0, 0, 0, 1, 0, 0, 1, 0, 58, 0, 0, 0, 0, 0, 0, 0, 0, 0, 7, 0, 2, 2, 1420, 1, 7.148635821041108, WeMoSwitch
0, 0, 0, 1, 0, 0, 1, 0, 58, 0, 0, 0, 0, 0, 0, 0, 0, 0, 7, 0, 2, 2, 1420, 1, 7.202871773758742, WeMoSwitch
0, 0, 0, 1, 0, 0, 1, 0, 58, 0, 0, 0, 0, 0, 0, 0, 0, 0, 7, 0, 2, 2, 1376, 1, 7.107476588008091, WeMoSwitch
0, 0, 0, 1, 0, 0, 1, 0, 58, 0, 0, 0, 0, 0, 0, 0, 0, 0, 7, 0, 2, 2, 843, 1, 7.496263269339539, WeMoSwitch
0, 0, 0, 1, 0, 0, 1, 0, 4300, 0, 0, 0, 0, 0, 0, 0, 0, 0, 7, 0, 2, 2, 40, 0, 0, WeMoSwitch
0, 0, 0, 1, 0, 0, 1, 0, 5680, 0, 0, 0, 0, 0, 0, 0, 0, 0, 7, 0, 2, 2, 40, 0, 0, WeMoSwitch
0, 0, 0, 1, 0, 0, 1, 0, 7060, 0, 0, 0, 0, 0, 0, 0, 0, 0, 7, 0, 2, 2, 40, 0, 0, WeMoSwitch
0, 0, 0, 1, 0, 0, 1, 0, 8440, 0, 0, 0, 0, 0, 0, 0, 0, 0, 7, 0, 2, 2, 40, 0, 0, WeMoSwitch
0, 0, 0, 1, 0, 0, 1, 0, 8440, 0, 0, 0, 0, 0, 0, 0, 0, 0, 7, 0, 2, 2, 366, 1, 7.244658609855094, WeMoSwitch
0, 0, 0, 1, 0, 0, 1, 0, 62, 0, 0, 0, 0, 0, 0, 0, 0, 0, 7, 0, 2, 2, 99, 1, 5.475863388344888, WeMoSwitch
0, 0, 0, 1, 0, 0, 1, 0, 8440, 0, 0, 0, 0, 0, 0, 0, 0, 0, 7, 0, 2, 2, 40, 0, 0, WeMoSwitch
0, 0, 0, 1, 0, 0, 1, 0, 8440, 0, 0, 0, 0, 0, 0, 0, 0, 0, 7, 0, 2, 2, 418, 1, 7.381696269667168, WeMoSwitch
0, 0, 0, 1, 0, 0, 1, 0, 8440, 0, 0, 0, 0, 0, 0, 0, 0, 0, 7, 0, 2, 2, 1420, 1, 7.56919996463097, WeMoSwitch
0, 0, 0, 1, 0, 0, 1, 0, 77, 0, 0, 0, 0, 0, 0, 0, 0, 0, 7, 0, 2, 2, 40, 0, 0, WeMoSwitch
0, 0, 0, 1, 0, 0, 1, 0, 8440, 0, 0, 0, 0, 0, 0, 0, 0, 0, 7, 0, 2, 2, 1420, 1, 7.6070335123832065, WeMoSwitch
0, 0, 0, 1, 0, 0, 1, 0, 8440, 0, 0, 0, 0, 0, 0, 0, 0, 0, 7, 0, 2, 2, 1420, 1, 7.575823741384694, WeMoSwitch
0, 0, 0, 1, 0, 0, 1, 0, 8440, 0, 0, 0, 0, 0, 0, 0, 0, 0, 7, 0, 2, 2, 1420, 1, 7.570270655441146, WeMoSwitch
0, 0, 0, 1, 0, 0, 1, 0, 100, 0, 0, 0, 0, 0, 0, 0, 0, 0, 7, 0, 2, 2, 40, 0, 0, WeMoSwitch
0, 0, 0, 1, 0, 0, 1, 0, 8440, 0, 0, 0, 0, 0, 0, 0, 0, 0, 7, 0, 2, 2, 1420, 1, 7.581335455450044, WeMoSwitch
0, 0, 0, 1, 0, 0, 1, 0, 8440, 0, 0, 0, 0, 0, 0, 0, 0, 0, 7, 0, 2, 2, 1420, 1, 7.59237571642332, WeMoSwitch
0, 0, 0, 1, 0, 0, 1, 0, 8440, 0, 0, 0, 0, 0, 0, 0, 0, 0, 7, 0, 2, 2, 1420, 1, 7.574709124175178, WeMoSwitch
0, 0, 0, 1, 0, 0, 1, 0, 112, 0, 0, 0, 0, 0, 0, 0, 0, 0, 7, 0, 2, 2, 40, 0, 0, WeMoSwitch
0, 0, 0, 1, 0, 0, 1, 0, 8440, 0, 0, 0, 0, 0, 0, 0, 0, 0, 7, 0, 2, 2, 1420, 1, 7.574757382455207, WeMoSwitch
0, 0, 0, 1, 0, 0, 1, 0, 8440, 0, 0, 0, 0, 0, 0, 0, 0, 0, 7, 0, 2, 2, 1420, 1, 7.6100950363717255, WeMoSwitch
0, 0, 0, 1, 0, 0, 1, 0, 123, 0, 0, 0, 0, 0, 0, 0, 0, 0, 7, 0, 2, 2, 40, 0, 0, WeMoSwitch
0, 0, 0, 1, 0, 0, 1, 0, 134, 0, 0, 0, 0, 0, 0, 0, 0, 0, 7, 0, 2, 2, 40, 0, 0, WeMoSwitch
0, 0, 0, 1, 0, 0, 1, 0, 146, 0, 0, 0, 0, 0, 0, 0, 0, 0, 7, 0, 2, 2, 40, 0, 0, WeMoSwitch
0, 0, 0, 1, 0, 0, 1, 0, 8440, 0, 0, 0, 0, 0, 0, 0, 0, 0, 7, 0, 2, 2, 1420, 1, 7.589978498605196, WeMoSwitch
0, 0, 0, 1, 0, 0, 1, 0, 8440, 0, 0, 0, 0, 0, 0, 0, 0, 0, 7, 0, 2, 2, 78, 1, 5.19529593449622, WeMoSwitch
0, 0, 0, 1, 0, 0, 1, 0, 8440, 0, 0, 0, 0, 0, 0, 0, 0, 0, 7, 0, 2, 2, 1420, 1, 7.589794159086232, WeMoSwitch
0, 0, 0, 1, 0, 0, 1, 0, 8440, 0, 0, 0, 0, 0, 0, 0, 0, 0, 7, 0, 2, 2, 1420, 1, 7.608876910629092, WeMoSwitch
0, 0, 0, 1, 0, 0, 1, 0, 157, 0, 0, 0, 0, 0, 0, 0, 0, 0, 7, 0, 2, 2, 40, 0, 0, WeMoSwitch
0, 0, 0, 1, 0, 0, 1, 0, 165, 0, 0, 0, 0, 0, 0, 0, 0, 0, 7, 0, 2, 2, 40, 0, 0, WeMoSwitch
0, 0, 0, 1, 0, 0, 1, 0, 8440, 0, 0, 0, 0, 0, 0, 0, 0, 0, 7, 0, 2, 2, 1420, 1, 7.597790086911486, WeMoSwitch
0, 0, 0, 1, 0, 0, 1, 0, 8440, 0, 0, 0, 0, 0, 0, 0, 0, 0, 7, 0, 2, 2, 1420, 1, 7.59038145356068, WeMoSwitch
0, 0, 0, 1, 0, 0, 1, 0, 8440, 0, 0, 0, 0, 0, 0, 0, 0, 0, 7, 0, 2, 2, 1420, 1, 7.610432461173443, WeMoSwitch
0, 0, 0, 1, 0, 0, 1, 0, 8440, 0, 0, 0, 0, 0, 0, 0, 0, 0, 7, 0, 2, 2, 1420, 1, 7.603419402377433, WeMoSwitch
0, 0, 0, 1, 0, 0, 1, 0, 165, 0, 0, 0, 0, 0, 0, 0, 0, 0, 7, 0, 2, 2, 40, 0, 0, WeMoSwitch
0, 0, 0, 1, 0, 0, 1, 0, 165, 0, 0, 0, 0, 0, 0, 0, 0, 0, 7, 0, 2, 2, 40, 0, 0, WeMoSwitch
0, 0, 0, 1, 0, 0, 1, 0, 8440, 0, 0, 0, 0, 0, 0, 0, 0, 0, 7, 0, 2, 2, 1420, 1, 7.59406921771239, WeMoSwitch
0, 0, 0, 1, 0, 0, 1, 0, 8440, 0, 0, 0, 0, 0, 0, 0, 0, 0, 7, 0, 2, 2, 74, 1, 5.028639311838574, WeMoSwitch
0, 0, 0, 1, 0, 0, 1, 0, 165, 0, 0, 0, 0, 0, 0, 0, 0, 0, 7, 0, 2, 2, 40, 0, 0, WeMoSwitch
0, 0, 0, 1, 0, 0, 1, 0, 8440, 0, 0, 0, 0, 0, 0, 0, 0, 0, 7, 0, 2, 2, 1420, 1, 7.562780983822861, WeMoSwitch
0, 0, 0, 1, 0, 0, 1, 0, 165, 0, 0, 0, 0, 0, 0, 0, 0, 0, 7, 0, 2, 2, 40, 0, 0, WeMoSwitch
0, 0, 0, 1, 0, 0, 1, 0, 8440, 0, 0, 0, 0, 0, 0, 0, 0, 0, 7, 0, 2, 2, 1420, 1, 7.625386166633582, WeMoSwitch
0, 0, 0, 1, 0, 0, 1, 0, 165, 0, 0, 0, 0, 0, 0, 0, 0, 0, 7, 0, 2, 2, 40, 0, 0, WeMoSwitch
0, 0, 0, 1, 0, 0, 1, 0, 8440, 0, 0, 0, 0, 0, 0, 0, 0, 0, 7, 0, 2, 2, 1420, 1, 7.58187027824526, WeMoSwitch
0, 0, 0, 1, 0, 0, 1, 0, 165, 0, 0, 0, 0, 0, 0, 0, 0, 0, 7, 0, 2, 2, 40, 0, 0, WeMoSwitch
0, 0, 0, 1, 0, 0, 1, 0, 8440, 0, 0, 0, 0, 0, 0, 0, 0, 0, 7, 0, 2, 2, 1420, 1, 7.571947241218489, WeMoSwitch
0, 0, 0, 1, 0, 0, 1, 0, 165, 0, 0, 0, 0, 0, 0, 0, 0, 0, 7, 0, 2, 2, 40, 0, 0, WeMoSwitch
0, 0, 0, 1, 0, 0, 1, 0, 8440, 0, 0, 0, 0, 0, 0, 0, 0, 0, 7, 0, 2, 2, 1420, 1, 7.603165491338272, WeMoSwitch
0, 0, 0, 1, 0, 0, 1, 0, 165, 0, 0, 0, 0, 0, 0, 0, 0, 0, 7, 0, 2, 2, 40, 0, 0, WeMoSwitch
0, 0, 0, 1, 0, 0, 1, 0, 8440, 0, 0, 0, 0, 0, 0, 0, 0, 0, 7, 0, 2, 2, 1420, 1, 7.564171219870461, WeMoSwitch
0, 0, 0, 1, 0, 0, 1, 0, 8440, 0, 0, 0, 0, 0, 0, 0, 0, 0, 7, 0, 2, 2, 1420, 1, 7.571043960053136, WeMoSwitch
0, 0, 0, 1, 0, 0, 1, 0, 164, 0, 0, 0, 0, 0, 0, 0, 0, 0, 7, 0, 2, 2, 40, 0, 0, WeMoSwitch
0, 0, 0, 1, 0, 0, 1, 0, 8440, 0, 0, 0, 0, 0, 0, 0, 0, 0, 7, 0, 2, 2, 1420, 1, 7.598916838763331, WeMoSwitch
0, 0, 0, 1, 0, 0, 1, 0, 8440, 0, 0, 0, 0, 0, 0, 0, 0, 0, 7, 0, 2, 2, 100, 1, 5.74022392894185, WeMoSwitch
0, 0, 0, 1, 0, 0, 1, 0, 8440, 0, 0, 0, 0, 0, 0, 0, 0, 0, 7, 0, 2, 2, 1420, 1, 7.5976002001488165, WeMoSwitch
0, 0, 0, 1, 0, 0, 1, 0, 165, 0, 0, 0, 0, 0, 0, 0, 0, 0, 7, 0, 2, 2, 40, 0, 0, WeMoSwitch
0, 0, 0, 1, 0, 0, 1, 0, 8440, 0, 0, 0, 0, 0, 0, 0, 0, 0, 7, 0, 2, 2, 1420, 1, 7.591661413970783, WeMoSwitch
0, 0, 0, 1, 0, 0, 1, 0, 8440, 0, 0, 0, 0, 0, 0, 0, 0, 0, 7, 0, 2, 2, 1420, 1, 7.569562710144507, WeMoSwitch
0, 0, 0, 1, 0, 0, 1, 0, 165, 0, 0, 0, 0, 0, 0, 0, 0, 0, 7, 0, 2, 2, 40, 0, 0, WeMoSwitch
0, 0, 0, 1, 0, 0, 1, 0, 165, 0, 0, 0, 0, 0, 0, 0, 0, 0, 7, 0, 2, 2, 40, 0, 0, WeMoSwitch
0, 0, 0, 1, 0, 0, 1, 0, 165, 0, 0, 0, 0, 0, 0, 0, 0, 0, 7, 0, 2, 2, 40, 0, 0, WeMoSwitch
0, 0, 0, 1, 0, 0, 1, 0, 165, 0, 0, 0, 0, 0, 0, 0, 0, 0, 7, 0, 2, 2, 40, 0, 0, WeMoSwitch
0, 0, 0, 1, 0, 0, 1, 0, 8440, 0, 0, 0, 0, 0, 0, 0, 0, 0, 7, 0, 2, 2, 118, 1, 5.891108789347338, WeMoSwitch
0, 0, 0, 1, 0, 0, 1, 0, 165, 0, 0, 0, 0, 0, 0, 0, 0, 0, 7, 0, 2, 2, 40, 0, 0, WeMoSwitch
0, 0, 0, 1, 0, 0, 1, 0, 165, 0, 0, 0, 0, 0, 0, 0, 0, 0, 7, 0, 2, 2, 40, 0, 0, WeMoSwitch
0, 0, 0, 1, 0, 0, 1, 0, 165, 0, 0, 0, 0, 0, 0, 0, 0, 0, 7, 0, 2, 2, 40, 0, 0, WeMoSwitch
0, 0, 0, 1, 0, 0, 1, 0, 165, 0, 0, 0, 0, 0, 0, 0, 0, 0, 7, 0, 2, 2, 1420, 1, 7.855544319617576, WeMoSwitch
0, 0, 0, 1, 0, 0, 1, 0, 165, 0, 0, 0, 0, 0, 0, 0, 0, 0, 7, 0, 2, 2, 281, 1, 7.198871908700448, WeMoSwitch
0, 0, 0, 1, 0, 0, 1, 0, 8440, 0, 0, 0, 0, 0, 0, 0, 0, 0, 7, 0, 2, 2, 40, 0, 0, WeMoSwitch
0, 0, 0, 1, 0, 0, 0, 0, 0, 0, 0, 0, 0, 0, 0, 0, 0, 0, 7, 0, 0, 0, 40, 1, 2.646782221599798, WeMoSwitch
1, 0, 0, 0, 0, 0, 0, 0, 0, 0, 0, 0, 0, 0, 0, 0, 0, 0, 7, 0, 0, 0, 0, 0, 0, WeMoSwitch
1, 0, 0, 0, 0, 0, 0, 0, 0, 0, 0, 0, 0, 0, 0, 0, 0, 0, 7, 0, 0, 0, 0, 0, 0, WeMoSwitch
0, 0, 0, 1, 0, 0, 1, 0, 8440, 0, 0, 0, 0, 0, 0, 0, 0, 0, 7, 0, 2, 2, 77, 1, 4.939183095358682, WeMoSwitch
0, 0, 0, 1, 0, 0, 1, 0, 8440, 0, 0, 0, 0, 0, 0, 0, 0, 0, 7, 0, 2, 2, 40, 0, 0, WeMoSwitch
0, 0, 0, 1, 0, 0, 1, 0, 165, 0, 0, 0, 0, 0, 0, 0, 0, 0, 7, 0, 2, 2, 77, 1, 5.101345257520845, WeMoSwitch
0, 0, 0, 1, 0, 0, 1, 0, 165, 0, 0, 0, 0, 0, 0, 0, 0, 0, 7, 0, 2, 2, 40, 0, 0, WeMoSwitch
0, 0, 0, 1, 0, 0, 1, 0, 0, 0, 0, 0, 0, 0, 0, 0, 0, 0, 7, 0, 2, 2, 40, 0, 0, WeMoSwitch
0, 0, 0, 1, 0, 0, 1, 0, 0, 0, 0, 0, 0, 0, 0, 0, 0, 0, 7, 0, 2, 2, 40, 0, 0, WeMoSwitch
0, 0, 0, 1, 0, 0, 0, 1, 0, 0, 0, 0, 0, 0, 1, 0, 0, 0, 7, 0, 2, 1, 58, 0, 0, WeMoSwitch
0, 0, 0, 1, 0, 0, 0, 1, 0, 0, 0, 0, 0, 0, 1, 0, 0, 0, 7, 0, 1, 2, 359, 0, 0, WeMoSwitch
0, 0, 0, 1, 0, 0, 1, 0, 5840, 0, 0, 0, 0, 0, 0, 0, 0, 0, 8, 0, 2, 2, 52, 0, 0, WeMoSwitch
0, 0, 0, 1, 0, 0, 1, 0, 14600, 0, 0, 0, 0, 0, 0, 0, 0, 0, 8, 0, 2, 2, 52, 0, 0, WeMoSwitch
0, 0, 0, 1, 0, 0, 1, 0, 2920, 0, 0, 0, 0, 0, 0, 0, 0, 0, 8, 0, 2, 2, 40, 0, 0, WeMoSwitch
0, 0, 0, 1, 0, 0, 1, 0, 2920, 0, 0, 0, 0, 0, 0, 0, 0, 0, 8, 0, 2, 2, 389, 1, 3.8744773373259127, WeMoSwitch
0, 0, 0, 1, 0, 0, 1, 0, 62, 0, 0, 0, 0, 0, 0, 0, 0, 0, 8, 0, 2, 2, 40, 0, 0, WeMoSwitch
0, 0, 0, 1, 0, 0, 1, 0, 62, 0, 0, 0, 0, 0, 0, 0, 0, 0, 8, 0, 2, 2, 52, 1, 2.688721875540867, WeMoSwitch
0, 0, 0, 1, 0, 0, 1, 0, 2920, 0, 0, 0, 0, 0, 0, 0, 0, 0, 8, 0, 2, 2, 40, 0, 0, WeMoSwitch
0, 0, 0, 1, 0, 0, 1, 0, 2920, 0, 0, 0, 0, 0, 0, 0, 0, 0, 8, 0, 2, 2, 40, 0, 0, WeMoSwitch
0, 0, 0, 1, 0, 0, 1, 0, 62, 0, 0, 0, 0, 0, 0, 0, 0, 0, 8, 0, 2, 2, 40, 0, 0, WeMoSwitch
0, 0, 0, 1, 0, 0, 1, 0, 2920, 0, 0, 0, 0, 0, 0, 0, 0, 0, 8, 0, 2, 2, 40, 0, 0, WeMoSwitch
0, 0, 0, 1, 0, 0, 1, 0, 5840, 0, 0, 0, 0, 0, 0, 0, 0, 0, 9, 0, 2, 2, 52, 0, 0, WeMoSwitch
0, 0, 0, 1, 0, 0, 1, 0, 29200, 0, 0, 0, 0, 0, 0, 0, 0, 0, 9, 0, 2, 2, 52, 0, 0, WeMoSwitch
0, 0, 0, 1, 0, 0, 1, 0, 2920, 0, 0, 0, 0, 0, 0, 0, 0, 0, 9, 0, 2, 2, 40, 0, 0, WeMoSwitch
0, 0, 0, 1, 0, 0, 1, 0, 2920, 0, 0, 0, 0, 0, 0, 0, 0, 0, 9, 0, 2, 2, 88, 1, 4.4160934103912775, WeMoSwitch
0, 0, 0, 1, 0, 0, 1, 0, 229, 0, 0, 0, 0, 0, 0, 0, 0, 0, 9, 0, 2, 2, 40, 0, 0, WeMoSwitch
0, 0, 0, 1, 0, 0, 1, 0, 229, 0, 0, 0, 0, 0, 0, 0, 0, 0, 9, 0, 2, 2, 180, 1, 5.237988307232973, WeMoSwitch
0, 0, 0, 1, 0, 0, 1, 0, 2920, 0, 0, 0, 0, 0, 0, 0, 0, 0, 9, 0, 2, 2, 40, 0, 0, WeMoSwitch
0, 0, 0, 1, 0, 0, 1, 0, 2920, 0, 0, 0, 0, 0, 0, 0, 0, 0, 9, 0, 2, 2, 196, 1, 5.404546834926693, WeMoSwitch
0, 0, 0, 1, 0, 0, 1, 0, 237, 0, 0, 0, 0, 0, 0, 0, 0, 0, 9, 0, 2, 2, 40, 0, 0, WeMoSwitch
0, 0, 0, 1, 0, 0, 1, 0, 237, 0, 0, 0, 0, 0, 0, 0, 0, 0, 9, 0, 2, 2, 144, 1, 5.473920704905413, WeMoSwitch
0, 0, 0, 1, 0, 0, 1, 0, 2920, 0, 0, 0, 0, 0, 0, 0, 0, 0, 9, 0, 2, 2, 40, 0, 0, WeMoSwitch
0, 0, 0, 1, 0, 0, 1, 0, 5840, 0, 0, 0, 0, 0, 0, 0, 0, 0, 10, 0, 2, 2, 52, 0, 0, WeMoSwitch
0, 0, 0, 1, 0, 0, 1, 0, 14600, 0, 0, 0, 0, 0, 0, 0, 0, 0, 10, 0, 2, 2, 52, 0, 0, WeMoSwitch
0, 0, 0, 1, 0, 0, 1, 0, 2920, 0, 0, 0, 0, 0, 0, 0, 0, 0, 10, 0, 2, 2, 40, 0, 0, WeMoSwitch
0, 0, 0, 1, 0, 0, 1, 0, 2920, 0, 0, 0, 0, 0, 0, 0, 0, 0, 10, 0, 2, 2, 157, 1, 5.044492283205193, WeMoSwitch
0, 0, 0, 1, 0, 0, 1, 0, 58, 0, 0, 0, 0, 0, 0, 0, 0, 0, 10, 0, 2, 2, 40, 0, 0, WeMoSwitch
0, 0, 0, 1, 0, 0, 1, 0, 58, 0, 0, 0, 0, 0, 0, 0, 0, 0, 10, 0, 2, 2, 1420, 1, 7.1443778915178004, WeMoSwitch
0, 0, 0, 1, 0, 0, 1, 0, 58, 0, 0, 0, 0, 0, 0, 0, 0, 0, 10, 0, 2, 2, 1420, 1, 7.202871773758742, WeMoSwitch
0, 0, 0, 1, 0, 0, 1, 0, 58, 0, 0, 0, 0, 0, 0, 0, 0, 0, 10, 0, 2, 2, 1376, 1, 7.107476588008091, WeMoSwitch
0, 0, 0, 1, 0, 0, 1, 0, 58, 0, 0, 0, 0, 0, 0, 0, 0, 0, 10, 0, 2, 2, 843, 1, 7.496263269339539, WeMoSwitch
0, 0, 0, 1, 0, 0, 1, 0, 4300, 0, 0, 0, 0, 0, 0, 0, 0, 0, 10, 0, 2, 2, 40, 0, 0, WeMoSwitch
0, 0, 0, 1, 0, 0, 1, 0, 5680, 0, 0, 0, 0, 0, 0, 0, 0, 0, 10, 0, 2, 2, 40, 0, 0, WeMoSwitch
0, 0, 0, 1, 0, 0, 1, 0, 7060, 0, 0, 0, 0, 0, 0, 0, 0, 0, 10, 0, 2, 2, 40, 0, 0, WeMoSwitch
0, 0, 0, 1, 0, 0, 1, 0, 8440, 0, 0, 0, 0, 0, 0, 0, 0, 0, 10, 0, 2, 2, 40, 0, 0, WeMoSwitch
0, 0, 0, 1, 0, 0, 1, 0, 8440, 0, 0, 0, 0, 0, 0, 0, 0, 0, 10, 0, 2, 2, 366, 1, 7.223006309161961, WeMoSwitch
0, 0, 0, 1, 0, 0, 1, 0, 62, 0, 0, 0, 0, 0, 0, 0, 0, 0, 10, 0, 2, 2, 99, 1, 5.509761693429634, WeMoSwitch
0, 0, 0, 1, 0, 0, 1, 0, 8440, 0, 0, 0, 0, 0, 0, 0, 0, 0, 10, 0, 2, 2, 40, 0, 0, WeMoSwitch
0, 0, 0, 1, 0, 0, 1, 0, 8440, 0, 0, 0, 0, 0, 0, 0, 0, 0, 10, 0, 2, 2, 418, 1, 7.455273294474883, WeMoSwitch
0, 0, 0, 1, 0, 0, 1, 0, 8440, 0, 0, 0, 0, 0, 0, 0, 0, 0, 10, 0, 2, 2, 1420, 1, 7.583130862423914, WeMoSwitch
0, 0, 0, 1, 0, 0, 1, 0, 77, 0, 0, 0, 0, 0, 0, 0, 0, 0, 10, 0, 2, 2, 40, 0, 0, WeMoSwitch
0, 0, 0, 1, 0, 0, 1, 0, 8440, 0, 0, 0, 0, 0, 0, 0, 0, 0, 10, 0, 2, 2, 1420, 1, 7.600377839041735, WeMoSwitch
0, 0, 0, 1, 0, 0, 1, 0, 8440, 0, 0, 0, 0, 0, 0, 0, 0, 0, 10, 0, 2, 2, 1420, 1, 7.558939951746284, WeMoSwitch
0, 0, 0, 1, 0, 0, 1, 0, 8440, 0, 0, 0, 0, 0, 0, 0, 0, 0, 10, 0, 2, 2, 1420, 1, 7.599950218334206, WeMoSwitch
0, 0, 0, 1, 0, 0, 1, 0, 100, 0, 0, 0, 0, 0, 0, 0, 0, 0, 10, 0, 2, 2, 40, 0, 0, WeMoSwitch
0, 0, 0, 1, 0, 0, 1, 0, 8440, 0, 0, 0, 0, 0, 0, 0, 0, 0, 10, 0, 2, 2, 1420, 1, 7.598957603628931, WeMoSwitch
0, 0, 0, 1, 0, 0, 1, 0, 8440, 0, 0, 0, 0, 0, 0, 0, 0, 0, 10, 0, 2, 2, 1420, 1, 7.601218792147392, WeMoSwitch
0, 0, 0, 1, 0, 0, 1, 0, 8440, 0, 0, 0, 0, 0, 0, 0, 0, 0, 10, 0, 2, 2, 1420, 1, 7.588243025736439, WeMoSwitch
0, 0, 0, 1, 0, 0, 1, 0, 112, 0, 0, 0, 0, 0, 0, 0, 0, 0, 10, 0, 2, 2, 40, 0, 0, WeMoSwitch
0, 0, 0, 1, 0, 0, 1, 0, 8440, 0, 0, 0, 0, 0, 0, 0, 0, 0, 10, 0, 2, 2, 1420, 1, 7.587709045065806, WeMoSwitch
0, 0, 0, 1, 0, 0, 1, 0, 8440, 0, 0, 0, 0, 0, 0, 0, 0, 0, 10, 0, 2, 2, 1420, 1, 7.606703055098521, WeMoSwitch
0, 0, 0, 1, 0, 0, 1, 0, 123, 0, 0, 0, 0, 0, 0, 0, 0, 0, 10, 0, 2, 2, 40, 0, 0, WeMoSwitch
0, 0, 0, 1, 0, 0, 1, 0, 8440, 0, 0, 0, 0, 0, 0, 0, 0, 0, 10, 0, 2, 2, 1420, 1, 7.59705571117176, WeMoSwitch
0, 0, 0, 1, 0, 0, 1, 0, 134, 0, 0, 0, 0, 0, 0, 0, 0, 0, 10, 0, 2, 2, 40, 0, 0, WeMoSwitch
0, 0, 0, 1, 0, 0, 1, 0, 8440, 0, 0, 0, 0, 0, 0, 0, 0, 0, 10, 0, 2, 2, 78, 1, 5.142664355548852, WeMoSwitch
0, 0, 0, 1, 0, 0, 1, 0, 146, 0, 0, 0, 0, 0, 0, 0, 0, 0, 10, 0, 2, 2, 40, 0, 0, WeMoSwitch
0, 0, 0, 1, 0, 0, 1, 0, 8440, 0, 0, 0, 0, 0, 0, 0, 0, 0, 10, 0, 2, 2, 1420, 1, 7.575785309810789, WeMoSwitch
0, 0, 0, 1, 0, 0, 1, 0, 8440, 0, 0, 0, 0, 0, 0, 0, 0, 0, 10, 0, 2, 2, 1420, 1, 7.57934422390255, WeMoSwitch
0, 0, 0, 1, 0, 0, 1, 0, 157, 0, 0, 0, 0, 0, 0, 0, 0, 0, 10, 0, 2, 2, 40, 0, 0, WeMoSwitch
0, 0, 0, 1, 0, 0, 1, 0, 8440, 0, 0, 0, 0, 0, 0, 0, 0, 0, 10, 0, 2, 2, 1420, 1, 7.596813995347919, WeMoSwitch
0, 0, 0, 1, 0, 0, 1, 0, 165, 0, 0, 0, 0, 0, 0, 0, 0, 0, 10, 0, 2, 2, 40, 0, 0, WeMoSwitch
0, 0, 0, 1, 0, 0, 1, 0, 165, 0, 0, 0, 0, 0, 0, 0, 0, 0, 10, 0, 2, 2, 40, 0, 0, WeMoSwitch
0, 0, 0, 1, 0, 0, 1, 0, 165, 0, 0, 0, 0, 0, 0, 0, 0, 0, 10, 0, 2, 2, 40, 0, 0, WeMoSwitch
0, 0, 0, 1, 0, 0, 1, 0, 8440, 0, 0, 0, 0, 0, 0, 0, 0, 0, 10, 0, 2, 2, 118, 1, 5.968031866270416, WeMoSwitch
0, 0, 0, 1, 0, 0, 1, 0, 165, 0, 0, 0, 0, 0, 0, 0, 0, 0, 10, 0, 2, 2, 40, 0, 0, WeMoSwitch
0, 0, 0, 1, 0, 0, 1, 0, 165, 0, 0, 0, 0, 0, 0, 0, 0, 0, 10, 0, 2, 2, 40, 0, 0, WeMoSwitch
0, 0, 0, 1, 0, 0, 1, 0, 165, 0, 0, 0, 0, 0, 0, 0, 0, 0, 10, 0, 2, 2, 40, 0, 0, WeMoSwitch
0, 0, 0, 1, 0, 0, 1, 0, 165, 0, 0, 0, 0, 0, 0, 0, 0, 0, 10, 0, 2, 2, 40, 0, 0, WeMoSwitch
0, 0, 0, 1, 0, 0, 1, 0, 165, 0, 0, 0, 0, 0, 0, 0, 0, 0, 10, 0, 2, 2, 1420, 1, 7.858837395601396, WeMoSwitch
0, 0, 0, 1, 0, 0, 1, 0, 165, 0, 0, 0, 0, 0, 0, 0, 0, 0, 10, 0, 2, 2, 137, 1, 6.262233589587516, WeMoSwitch
0, 0, 0, 1, 0, 0, 1, 0, 8440, 0, 0, 0, 0, 0, 0, 0, 0, 0, 10, 0, 2, 2, 40, 0, 0, WeMoSwitch
0, 0, 0, 1, 0, 0, 1, 0, 8440, 0, 0, 0, 0, 0, 0, 0, 0, 0, 10, 0, 2, 2, 77, 1, 5.026888838543454, WeMoSwitch
0, 0, 0, 1, 0, 0, 1, 0, 8440, 0, 0, 0, 0, 0, 0, 0, 0, 0, 10, 0, 2, 2, 40, 0, 0, WeMoSwitch
0, 0, 0, 1, 0, 0, 1, 0, 165, 0, 0, 0, 0, 0, 0, 0, 0, 0, 10, 0, 2, 2, 77, 1, 5.101345257520845, WeMoSwitch
0, 0, 0, 1, 0, 0, 1, 0, 165, 0, 0, 0, 0, 0, 0, 0, 0, 0, 10, 0, 2, 2, 40, 0, 0, WeMoSwitch
0, 0, 0, 1, 0, 0, 1, 0, 0, 0, 0, 0, 0, 0, 0, 0, 0, 0, 10, 0, 2, 2, 40, 0, 0, WeMoSwitch
0, 0, 0, 1, 0, 0, 1, 0, 0, 0, 0, 0, 0, 0, 0, 0, 0, 0, 10, 0, 2, 2, 40, 0, 0, WeMoSwitch
0, 0, 0, 1, 0, 0, 1, 0, 5840, 0, 0, 0, 0, 0, 0, 0, 0, 0, 10, 0, 2, 2, 52, 0, 0, WeMoSwitch
0, 0, 0, 1, 0, 0, 1, 0, 14600, 0, 0, 0, 0, 0, 0, 0, 0, 0, 10, 0, 2, 2, 52, 0, 0, WeMoSwitch
0, 0, 0, 1, 0, 0, 1, 0, 2920, 0, 0, 0, 0, 0, 0, 0, 0, 0, 10, 0, 2, 2, 40, 0, 0, WeMoSwitch
0, 0, 0, 1, 0, 0, 1, 0, 2920, 0, 0, 0, 0, 0, 0, 0, 0, 0, 10, 0, 2, 2, 157, 1, 4.986758201990121, WeMoSwitch
0, 0, 0, 1, 0, 0, 1, 0, 58, 0, 0, 0, 0, 0, 0, 0, 0, 0, 10, 0, 2, 2, 40, 0, 0, WeMoSwitch
0, 0, 0, 1, 0, 0, 1, 0, 58, 0, 0, 0, 0, 0, 0, 0, 0, 0, 10, 0, 2, 2, 1420, 1, 7.159681463581767, WeMoSwitch
0, 0, 0, 1, 0, 0, 1, 0, 58, 0, 0, 0, 0, 0, 0, 0, 0, 0, 10, 0, 2, 2, 1420, 1, 7.202871773758742, WeMoSwitch
0, 0, 0, 1, 0, 0, 1, 0, 58, 0, 0, 0, 0, 0, 0, 0, 0, 0, 10, 0, 2, 2, 1376, 1, 7.107476588008091, WeMoSwitch
0, 0, 0, 1, 0, 0, 1, 0, 58, 0, 0, 0, 0, 0, 0, 0, 0, 0, 10, 0, 2, 2, 843, 1, 7.496263269339539, WeMoSwitch
0, 0, 0, 1, 0, 0, 1, 0, 4300, 0, 0, 0, 0, 0, 0, 0, 0, 0, 10, 0, 2, 2, 40, 0, 0, WeMoSwitch
0, 0, 0, 1, 0, 0, 1, 0, 5680, 0, 0, 0, 0, 0, 0, 0, 0, 0, 10, 0, 2, 2, 40, 0, 0, WeMoSwitch
0, 0, 0, 1, 0, 0, 1, 0, 7060, 0, 0, 0, 0, 0, 0, 0, 0, 0, 10, 0, 2, 2, 40, 0, 0, WeMoSwitch
0, 0, 0, 1, 0, 0, 1, 0, 8440, 0, 0, 0, 0, 0, 0, 0, 0, 0, 10, 0, 2, 2, 40, 0, 0, WeMoSwitch
0, 0, 0, 1, 0, 0, 1, 0, 8440, 0, 0, 0, 0, 0, 0, 0, 0, 0, 10, 0, 2, 2, 366, 1, 7.276331701754766, WeMoSwitch
0, 0, 0, 1, 0, 0, 1, 0, 62, 0, 0, 0, 0, 0, 0, 0, 0, 0, 10, 0, 2, 2, 99, 1, 5.496966990003134, WeMoSwitch
0, 0, 0, 1, 0, 0, 1, 0, 8440, 0, 0, 0, 0, 0, 0, 0, 0, 0, 10, 0, 2, 2, 40, 0, 0, WeMoSwitch
0, 0, 0, 1, 0, 0, 1, 0, 8440, 0, 0, 0, 0, 0, 0, 0, 0, 0, 10, 0, 2, 2, 450, 1, 7.48210313355488, WeMoSwitch
0, 0, 0, 1, 0, 0, 1, 0, 8440, 0, 0, 0, 0, 0, 0, 0, 0, 0, 10, 0, 2, 2, 1420, 1, 7.561502098688891, WeMoSwitch
0, 0, 0, 1, 0, 0, 1, 0, 77, 0, 0, 0, 0, 0, 0, 0, 0, 0, 10, 0, 2, 2, 40, 0, 0, WeMoSwitch
0, 0, 0, 1, 0, 0, 1, 0, 8440, 0, 0, 0, 0, 0, 0, 0, 0, 0, 10, 0, 2, 2, 1420, 1, 7.609065868068987, WeMoSwitch
0, 0, 0, 1, 0, 0, 1, 0, 8440, 0, 0, 0, 0, 0, 0, 0, 0, 0, 10, 0, 2, 2, 1420, 1, 7.608817036114988, WeMoSwitch
0, 0, 0, 1, 0, 0, 1, 0, 8440, 0, 0, 0, 0, 0, 0, 0, 0, 0, 10, 0, 2, 2, 1420, 1, 7.587207343949286, WeMoSwitch
0, 0, 0, 1, 0, 0, 1, 0, 100, 0, 0, 0, 0, 0, 0, 0, 0, 0, 10, 0, 2, 2, 40, 0, 0, WeMoSwitch
0, 0, 0, 1, 0, 0, 1, 0, 8440, 0, 0, 0, 0, 0, 0, 0, 0, 0, 10, 0, 2, 2, 1420, 1, 7.565407688515751, WeMoSwitch
0, 0, 0, 1, 0, 0, 1, 0, 8440, 0, 0, 0, 0, 0, 0, 0, 0, 0, 10, 0, 2, 2, 1420, 1, 7.622548462862977, WeMoSwitch
0, 0, 0, 1, 0, 0, 1, 0, 8440, 0, 0, 0, 0, 0, 0, 0, 0, 0, 10, 0, 2, 2, 1420, 1, 7.5852833646778235, WeMoSwitch
0, 0, 0, 1, 0, 0, 1, 0, 112, 0, 0, 0, 0, 0, 0, 0, 0, 0, 10, 0, 2, 2, 40, 0, 0, WeMoSwitch
0, 0, 0, 1, 0, 0, 1, 0, 8440, 0, 0, 0, 0, 0, 0, 0, 0, 0, 10, 0, 2, 2, 1420, 1, 7.578673358466935, WeMoSwitch
0, 0, 0, 1, 0, 0, 1, 0, 8440, 0, 0, 0, 0, 0, 0, 0, 0, 0, 10, 0, 2, 2, 1420, 1, 7.624453569115878, WeMoSwitch
0, 0, 0, 1, 0, 0, 1, 0, 123, 0, 0, 0, 0, 0, 0, 0, 0, 0, 10, 0, 2, 2, 40, 0, 0, WeMoSwitch
0, 0, 0, 1, 0, 0, 1, 0, 8440, 0, 0, 0, 0, 0, 0, 0, 0, 0, 10, 0, 2, 2, 1420, 1, 7.567480099371416, WeMoSwitch
0, 0, 0, 1, 0, 0, 1, 0, 8440, 0, 0, 0, 0, 0, 0, 0, 0, 0, 10, 0, 2, 2, 78, 1, 5.090032776601483, WeMoSwitch
0, 0, 0, 1, 0, 0, 1, 0, 134, 0, 0, 0, 0, 0, 0, 0, 0, 0, 10, 0, 2, 2, 40, 0, 0, WeMoSwitch
0, 0, 0, 1, 0, 0, 1, 0, 146, 0, 0, 0, 0, 0, 0, 0, 0, 0, 10, 0, 2, 2, 40, 0, 0, WeMoSwitch
0, 0, 0, 1, 0, 0, 1, 0, 8440, 0, 0, 0, 0, 0, 0, 0, 0, 0, 10, 0, 2, 2, 1420, 1, 7.5995009162204346, WeMoSwitch
0, 0, 0, 1, 0, 0, 1, 0, 8440, 0, 0, 0, 0, 0, 0, 0, 0, 0, 10, 0, 2, 2, 1420, 1, 7.624951953046012, WeMoSwitch
0, 0, 0, 1, 0, 0, 1, 0, 157, 0, 0, 0, 0, 0, 0, 0, 0, 0, 10, 0, 2, 2, 40, 0, 0, WeMoSwitch
0, 0, 0, 1, 0, 0, 1, 0, 165, 0, 0, 0, 0, 0, 0, 0, 0, 0, 10, 0, 2, 2, 40, 0, 0, WeMoSwitch
0, 0, 0, 1, 0, 0, 1, 0, 8440, 0, 0, 0, 0, 0, 0, 0, 0, 0, 10, 0, 2, 2, 1420, 1, 7.596954037887674, WeMoSwitch
0, 0, 0, 1, 0, 0, 1, 0, 8440, 0, 0, 0, 0, 0, 0, 0, 0, 0, 10, 0, 2, 2, 1420, 1, 7.582975552915594, WeMoSwitch
0, 0, 0, 1, 0, 0, 1, 0, 8440, 0, 0, 0, 0, 0, 0, 0, 0, 0, 10, 0, 2, 2, 1420, 1, 7.581140348003065, WeMoSwitch
0, 0, 0, 1, 0, 0, 1, 0, 8440, 0, 0, 0, 0, 0, 0, 0, 0, 0, 10, 0, 2, 2, 1420, 1, 7.620789619838062, WeMoSwitch
0, 0, 0, 1, 0, 0, 1, 0, 165, 0, 0, 0, 0, 0, 0, 0, 0, 0, 10, 0, 2, 2, 40, 0, 0, WeMoSwitch
0, 0, 0, 1, 0, 0, 1, 0, 165, 0, 0, 0, 0, 0, 0, 0, 0, 0, 10, 0, 2, 2, 40, 0, 0, WeMoSwitch
0, 0, 0, 1, 0, 0, 1, 0, 8440, 0, 0, 0, 0, 0, 0, 0, 0, 0, 10, 0, 2, 2, 1420, 1, 7.593542667466722, WeMoSwitch
0, 0, 0, 1, 0, 0, 1, 0, 8440, 0, 0, 0, 0, 0, 0, 0, 0, 0, 10, 0, 2, 2, 74, 1, 5.028639311838574, WeMoSwitch
0, 0, 0, 1, 0, 0, 1, 0, 8440, 0, 0, 0, 0, 0, 0, 0, 0, 0, 10, 0, 2, 2, 1420, 1, 7.602385452171101, WeMoSwitch
0, 0, 0, 1, 0, 0, 1, 0, 165, 0, 0, 0, 0, 0, 0, 0, 0, 0, 10, 0, 2, 2, 40, 0, 0, WeMoSwitch
0, 0, 0, 1, 0, 0, 1, 0, 8440, 0, 0, 0, 0, 0, 0, 0, 0, 0, 10, 0, 2, 2, 1420, 1, 7.6029031894163435, WeMoSwitch
0, 0, 0, 1, 0, 0, 1, 0, 165, 0, 0, 0, 0, 0, 0, 0, 0, 0, 10, 0, 2, 2, 40, 0, 0, WeMoSwitch
0, 0, 0, 1, 0, 0, 1, 0, 8440, 0, 0, 0, 0, 0, 0, 0, 0, 0, 10, 0, 2, 2, 1420, 1, 7.615702427139004, WeMoSwitch
0, 0, 0, 1, 0, 0, 1, 0, 165, 0, 0, 0, 0, 0, 0, 0, 0, 0, 10, 0, 2, 2, 40, 0, 0, WeMoSwitch
0, 0, 0, 1, 0, 0, 1, 0, 8440, 0, 0, 0, 0, 0, 0, 0, 0, 0, 10, 0, 2, 2, 1420, 1, 7.611561538115517, WeMoSwitch
0, 0, 0, 1, 0, 0, 1, 0, 165, 0, 0, 0, 0, 0, 0, 0, 0, 0, 10, 0, 2, 2, 40, 0, 0, WeMoSwitch
0, 0, 0, 1, 0, 0, 1, 0, 8440, 0, 0, 0, 0, 0, 0, 0, 0, 0, 10, 0, 2, 2, 1420, 1, 7.603490990557679, WeMoSwitch
0, 0, 0, 1, 0, 0, 1, 0, 165, 0, 0, 0, 0, 0, 0, 0, 0, 0, 10, 0, 2, 2, 40, 0, 0, WeMoSwitch
0, 0, 0, 1, 0, 0, 1, 0, 165, 0, 0, 0, 0, 0, 0, 0, 0, 0, 10, 0, 2, 2, 40, 0, 0, WeMoSwitch
0, 0, 0, 1, 0, 0, 1, 0, 8440, 0, 0, 0, 0, 0, 0, 0, 0, 0, 10, 0, 2, 2, 1420, 1, 7.5869975206328775, WeMoSwitch
0, 0, 0, 1, 0, 0, 1, 0, 8440, 0, 0, 0, 0, 0, 0, 0, 0, 0, 10, 0, 2, 2, 1420, 1, 7.550124893112332, WeMoSwitch
0, 0, 0, 1, 0, 0, 1, 0, 165, 0, 0, 0, 0, 0, 0, 0, 0, 0, 10, 0, 2, 2, 40, 0, 0, WeMoSwitch
0, 0, 0, 1, 0, 0, 1, 0, 8440, 0, 0, 0, 0, 0, 0, 0, 0, 0, 10, 0, 2, 2, 1258, 1, 7.5632322911997605, WeMoSwitch
0, 0, 0, 1, 0, 0, 1, 0, 8440, 0, 0, 0, 0, 0, 0, 0, 0, 0, 10, 0, 2, 2, 1420, 1, 7.593067161830765, WeMoSwitch
0, 0, 0, 1, 0, 0, 1, 0, 165, 0, 0, 0, 0, 0, 0, 0, 0, 0, 10, 0, 2, 2, 40, 0, 0, WeMoSwitch
0, 0, 0, 1, 0, 0, 1, 0, 8440, 0, 0, 0, 0, 0, 0, 0, 0, 0, 10, 0, 2, 2, 1420, 1, 7.60291588948331, WeMoSwitch
0, 0, 0, 1, 0, 0, 1, 0, 8440, 0, 0, 0, 0, 0, 0, 0, 0, 0, 10, 0, 2, 2, 1420, 1, 7.607878424627871, WeMoSwitch
0, 0, 0, 1, 0, 0, 1, 0, 165, 0, 0, 0, 0, 0, 0, 0, 0, 0, 10, 0, 2, 2, 40, 0, 0, WeMoSwitch
0, 0, 0, 1, 0, 0, 1, 0, 8440, 0, 0, 0, 0, 0, 0, 0, 0, 0, 10, 0, 2, 2, 1420, 1, 7.61225959935721, WeMoSwitch
0, 0, 0, 1, 0, 0, 1, 0, 8440, 0, 0, 0, 0, 0, 0, 0, 0, 0, 10, 0, 2, 2, 1420, 1, 7.573628636967983, WeMoSwitch
0, 0, 0, 1, 0, 0, 1, 0, 165, 0, 0, 0, 0, 0, 0, 0, 0, 0, 10, 0, 2, 2, 40, 0, 0, WeMoSwitch
0, 0, 0, 1, 0, 0, 1, 0, 8440, 0, 0, 0, 0, 0, 0, 0, 0, 0, 10, 0, 2, 2, 1420, 1, 7.599623171272484, WeMoSwitch
0, 0, 0, 1, 0, 0, 1, 0, 165, 0, 0, 0, 0, 0, 0, 0, 0, 0, 10, 0, 2, 2, 40, 0, 0, WeMoSwitch
0, 0, 0, 1, 0, 0, 1, 0, 8440, 0, 0, 0, 0, 0, 0, 0, 0, 0, 10, 0, 2, 2, 936, 1, 7.498089497639358, WeMoSwitch
0, 0, 0, 1, 0, 0, 1, 0, 165, 0, 0, 0, 0, 0, 0, 0, 0, 0, 10, 0, 2, 2, 40, 0, 0, WeMoSwitch
0, 0, 0, 1, 0, 0, 1, 0, 165, 0, 0, 0, 0, 0, 0, 0, 0, 0, 10, 0, 2, 2, 40, 0, 0, WeMoSwitch
0, 0, 0, 1, 0, 0, 1, 0, 165, 0, 0, 0, 0, 0, 0, 0, 0, 0, 10, 0, 2, 2, 40, 0, 0, WeMoSwitch
0, 0, 0, 1, 0, 0, 1, 0, 165, 0, 0, 0, 0, 0, 0, 0, 0, 0, 10, 0, 2, 2, 40, 0, 0, WeMoSwitch
0, 0, 0, 1, 0, 0, 1, 0, 165, 0, 0, 0, 0, 0, 0, 0, 0, 0, 10, 0, 2, 2, 445, 1, 7.465707728648261, WeMoSwitch
0, 0, 0, 1, 0, 0, 1, 0, 8440, 0, 0, 0, 0, 0, 0, 0, 0, 0, 10, 0, 2, 2, 40, 0, 0, WeMoSwitch
1, 0, 0, 0, 0, 0, 0, 0, 0, 0, 0, 0, 0, 0, 0, 0, 0, 0, 10, 0, 0, 0, 0, 0, 0, WeMoSwitch
1, 0, 0, 0, 0, 0, 0, 0, 0, 0, 0, 0, 0, 0, 0, 0, 0, 0, 10, 0, 0, 0, 0, 0, 0, WeMoSwitch
0, 0, 0, 1, 1, 0, 0, 0, 0, 0, 0, 0, 0, 0, 0, 0, 0, 0, 10, 0, 0, 0, 84, 1, 0.5140894694980185, WeMoSwitch
0, 0, 0, 1, 1, 0, 0, 0, 0, 0, 0, 0, 0, 0, 0, 0, 0, 0, 10, 0, 0, 0, 84, 1, 0.5140894694980185, WeMoSwitch
0, 0, 0, 1, 1, 0, 0, 0, 0, 0, 0, 0, 0, 0, 0, 0, 0, 0, 10, 0, 0, 0, 84, 1, 0.5140894694980185, WeMoSwitch
0, 0, 0, 1, 1, 0, 0, 0, 0, 0, 0, 0, 0, 0, 0, 0, 0, 0, 10, 0, 0, 0, 84, 1, 0.5140894694980185, WeMoSwitch
0, 0, 0, 1, 1, 0, 0, 0, 0, 0, 0, 0, 0, 0, 0, 0, 0, 0, 10, 0, 0, 0, 84, 1, 0.5140894694980185, WeMoSwitch
0, 0, 0, 1, 1, 0, 0, 0, 0, 0, 0, 0, 0, 0, 0, 0, 0, 0, 10, 0, 0, 0, 84, 1, 0.5140894694980185, WeMoSwitch
