0, 0, 1, 0, 0, 0, 0, 0, 0, 0, 0, 0, 0, 0, 0, 0, 0, 0, 0, 0, 0, 0, 117, 1, 4.141200403621867, WeMoLink
0, 0, 1, 0, 0, 0, 0, 0, 0, 0, 0, 0, 0, 0, 0, 0, 0, 0, 0, 0, 0, 0, 95, 1, 1.6313145368868314, WeMoLink
0, 0, 0, 1, 0, 0, 0, 1, 0, 0, 0, 1, 1, 0, 0, 0, 0, 0, 1, 0, 1, 1, 388, 0, 0, WeMoLink
0, 0, 0, 1, 0, 0, 0, 1, 0, 0, 0, 1, 1, 0, 0, 0, 0, 0, 2, 0, 1, 1, 328, 0, 0, WeMoLink
0, 0, 0, 1, 0, 0, 0, 1, 0, 0, 0, 1, 1, 0, 0, 0, 0, 0, 2, 0, 1, 1, 396, 0, 0, WeMoLink
0, 0, 0, 1, 0, 0, 0, 1, 0, 0, 0, 1, 1, 0, 0, 0, 0, 0, 2, 0, 1, 1, 328, 0, 0, WeMoLink
1, 0, 0, 0, 0, 0, 0, 0, 0, 0, 0, 0, 0, 0, 0, 0, 0, 0, 2, 0, 0, 0, 0, 0, 0, WeMoLink
1, 0, 0, 0, 0, 0, 0, 0, 0, 0, 0, 0, 0, 0, 0, 0, 0, 0, 2, 0, 0, 0, 0, 0, 0, WeMoLink
1, 0, 0, 0, 0, 0, 0, 0, 0, 0, 0, 0, 0, 0, 0, 0, 0, 0, 2, 0, 0, 0, 0, 0, 0, WeMoLink
1, 0, 0, 0, 0, 0, 0, 0, 0, 0, 0, 0, 0, 0, 0, 0, 0, 0, 2, 0, 0, 0, 0, 0, 0, WeMoLink
0, 0, 0, 1, 0, 0, 0, 1, 0, 0, 0, 0, 0, 0, 1, 0, 0, 0, 3, 0, 2, 1, 63, 0, 0, WeMoLink
0, 0, 0, 1, 0, 0, 0, 1, 0, 0, 0, 0, 0, 0, 1, 0, 0, 0, 3, 0, 1, 2, 245, 0, 0, WeMoLink
0, 0, 0, 1, 0, 0, 1, 0, 65535, 0, 0, 0, 0, 0, 0, 0, 0, 0, 4, 0, 2, 2, 60, 0, 0, WeMoLink
0, 0, 0, 1, 0, 0, 0, 1, 0, 0, 0, 0, 0, 0, 1, 0, 0, 0, 4, 0, 2, 1, 64, 0, 0, WeMoLink
0, 0, 0, 1, 0, 0, 0, 1, 0, 0, 0, 0, 0, 0, 1, 0, 0, 0, 4, 0, 1, 2, 466, 0, 0, WeMoLink
0, 0, 0, 1, 0, 0, 1, 0, 65535, 0, 1, 0, 0, 0, 0, 0, 0, 0, 5, 0, 3, 1, 60, 0, 0, WeMoLink
0, 0, 0, 1, 0, 0, 1, 0, 65535, 0, 0, 0, 0, 0, 0, 0, 0, 0, 5, 0, 2, 2, 60, 0, 0, WeMoLink
0, 0, 0, 1, 0, 0, 0, 1, 0, 0, 0, 0, 0, 0, 0, 0, 1, 0, 6, 0, 2, 1, 76, 0, 0, WeMoLink
0, 0, 0, 1, 1, 0, 0, 0, 0, 0, 0, 0, 0, 0, 0, 0, 0, 0, 7, 0, 0, 0, 84, 1, 0.5140894694980185, WeMoLink
0, 0, 0, 1, 1, 0, 0, 0, 0, 0, 0, 0, 0, 0, 0, 0, 0, 0, 7, 0, 0, 0, 84, 1, 0.5140894694980185, WeMoLink
0, 0, 0, 1, 0, 0, 1, 0, 65535, 0, 1, 0, 0, 0, 0, 0, 0, 0, 7, 0, 3, 1, 60, 0, 0, WeMoLink
0, 0, 0, 1, 0, 0, 0, 1, 0, 0, 0, 0, 0, 0, 0, 0, 1, 0, 8, 0, 2, 1, 76, 0, 0, WeMoLink
0, 0, 0, 1, 1, 0, 0, 0, 0, 0, 0, 0, 0, 0, 0, 0, 0, 0, 8, 0, 0, 0, 84, 1, 0.5140894694980185, WeMoLink
0, 0, 0, 1, 1, 0, 0, 0, 0, 0, 0, 0, 0, 0, 0, 0, 0, 0, 8, 0, 0, 0, 84, 1, 0.5140894694980185, WeMoLink
0, 0, 0, 1, 0, 0, 0, 1, 0, 0, 0, 0, 0, 0, 0, 0, 1, 0, 8, 0, 1, 2, 76, 0, 0, WeMoLink
0, 0, 0, 1, 0, 0, 1, 0, 65535, 0, 0, 0, 0, 0, 0, 0, 0, 0, 8, 0, 2, 2, 60, 0, 0, WeMoLink
0, 0, 0, 1, 1, 0, 0, 0, 0, 0, 0, 0, 0, 0, 0, 0, 0, 0, 8, 0, 0, 0, 84, 1, 0.5140894694980185, WeMoLink
0, 0, 0, 1, 1, 0, 0, 0, 0, 0, 0, 0, 0, 0, 0, 0, 0, 0, 8, 0, 0, 0, 84, 1, 0.5140894694980185, WeMoLink
0, 0, 0, 1, 0, 0, 1, 0, 65535, 0, 1, 0, 0, 0, 0, 0, 0, 0, 8, 0, 3, 1, 60, 0, 0, WeMoLink
0, 0, 0, 1, 1, 0, 0, 0, 0, 0, 0, 0, 0, 0, 0, 0, 0, 0, 8, 0, 0, 0, 84, 1, 0.5140894694980185, WeMoLink
0, 0, 0, 1, 1, 0, 0, 0, 0, 0, 0, 0, 0, 0, 0, 0, 0, 0, 8, 0, 0, 0, 84, 1, 0.5140894694980185, WeMoLink
0, 0, 0, 1, 0, 0, 0, 1, 0, 0, 0, 0, 0, 0, 0, 0, 1, 0, 8, 0, 2, 1, 76, 0, 0, WeMoLink
1, 0, 0, 0, 0, 0, 0, 0, 0, 0, 0, 0, 0, 0, 0, 0, 0, 0, 8, 0, 0, 0, 0, 0, 0, WeMoLink
1, 0, 0, 0, 0, 0, 0, 0, 0, 0, 0, 0, 0, 0, 0, 0, 0, 0, 8, 0, 0, 0, 0, 0, 0, WeMoLink
0, 0, 0, 1, 0, 0, 0, 1, 0, 0, 0, 0, 0, 0, 0, 0, 1, 0, 8, 0, 2, 1, 76, 0, 0, WeMoLink
0, 0, 0, 1, 0, 0, 0, 1, 0, 0, 0, 0, 0, 0, 0, 0, 1, 0, 8, 0, 1, 2, 76, 0, 0, WeMoLink
0, 0, 0, 1, 0, 0, 0, 1, 0, 0, 0, 0, 0, 0, 1, 0, 0, 0, 8, 0, 2, 1, 58, 0, 0, WeMoLink
0, 0, 0, 1, 0, 0, 0, 1, 0, 0, 0, 0, 0, 0, 1, 0, 0, 0, 8, 0, 1, 2, 359, 0, 0, WeMoLink
0, 0, 0, 1, 0, 0, 0, 1, 0, 0, 0, 0, 0, 0, 1, 0, 0, 0, 8, 0, 2, 1, 70, 0, 0, WeMoLink
0, 0, 0, 1, 0, 0, 0, 1, 0, 0, 0, 0, 0, 0, 1, 0, 0, 0, 8, 0, 1, 2, 432, 0, 0, WeMoLink
0, 0, 0, 1, 0, 0, 1, 0, 65535, 0, 1, 0, 0, 0, 0, 0, 0, 0, 9, 0, 2, 1, 60, 0, 0, WeMoLink
0, 0, 0, 1, 0, 0, 1, 0, 5840, 0, 0, 0, 0, 0, 0, 0, 0, 0, 10, 0, 2, 2, 52, 0, 0, WeMoLink
0, 0, 0, 1, 0, 0, 1, 0, 65535, 0, 0, 0, 0, 0, 0, 0, 0, 0, 10, 0, 2, 2, 60, 0, 0, WeMoLink
0, 0, 0, 1, 0, 0, 1, 0, 14600, 0, 0, 0, 0, 0, 0, 0, 0, 0, 10, 0, 2, 2, 52, 0, 0, WeMoLink
0, 0, 0, 1, 0, 0, 1, 0, 2920, 0, 0, 0, 0, 0, 0, 0, 0, 0, 10, 0, 2, 2, 40, 0, 0, WeMoLink
0, 0, 0, 1, 0, 0, 1, 0, 2920, 0, 0, 0, 0, 0, 0, 0, 0, 0, 10, 0, 2, 2, 389, 1, 3.8744773373259127, WeMoLink
0, 0, 0, 1, 0, 0, 1, 0, 65535, 0, 1, 0, 0, 0, 0, 0, 0, 0, 10, 0, 2, 1, 60, 0, 0, WeMoLink
0, 0, 0, 1, 0, 0, 1, 0, 62, 0, 0, 0, 0, 0, 0, 0, 0, 0, 10, 0, 2, 2, 40, 0, 0, WeMoLink
0, 0, 0, 1, 0, 0, 1, 0, 62, 0, 0, 0, 0, 0, 0, 0, 0, 0, 10, 0, 2, 2, 53, 1, 2.66122625626979, WeMoLink
0, 0, 0, 1, 0, 0, 1, 0, 2920, 0, 0, 0, 0, 0, 0, 0, 0, 0, 10, 0, 2, 2, 40, 0, 0, WeMoLink
0, 0, 0, 1, 0, 0, 1, 0, 2920, 0, 0, 0, 0, 0, 0, 0, 0, 0, 10, 0, 2, 2, 40, 0, 0, WeMoLink
0, 0, 0, 1, 0, 0, 1, 0, 62, 0, 0, 0, 0, 0, 0, 0, 0, 0, 10, 0, 2, 2, 40, 0, 0, WeMoLink
0, 0, 0, 1, 0, 0, 1, 0, 2920, 0, 0, 0, 0, 0, 0, 0, 0, 0, 10, 0, 2, 2, 40, 0, 0, WeMoLink
0, 0, 0, 1, 0, 0, 1, 0, 65535, 0, 1, 0, 0, 0, 0, 0, 0, 0, 10, 0, 3, 1, 60, 0, 0, WeMoLink
0, 0, 0, 1, 0, 0, 1, 0, 5840, 0, 0, 0, 0, 0, 0, 0, 0, 0, 11, 0, 2, 2, 52, 0, 0, WeMoLink
0, 0, 0, 1, 0, 0, 1, 0, 29200, 0, 0, 0, 0, 0, 0, 0, 0, 0, 11, 0, 2, 2, 52, 0, 0, WeMoLink
0, 0, 0, 1, 0, 0, 1, 0, 2920, 0, 0, 0, 0, 0, 0, 0, 0, 0, 11, 0, 2, 2, 40, 0, 0, WeMoLink
0, 0, 0, 1, 0, 0, 1, 0, 2920, 0, 0, 0, 0, 0, 0, 0, 0, 0, 11, 0, 2, 2, 88, 1, 4.4577600770579435, WeMoLink
0, 0, 0, 1, 0, 0, 1, 0, 229, 0, 0, 0, 0, 0, 0, 0, 0, 0, 11, 0, 2, 2, 40, 0, 0, WeMoLink
0, 0, 0, 1, 0, 0, 1, 0, 229, 0, 0, 0, 0, 0, 0, 0, 0, 0, 11, 0, 2, 2, 180, 1, 5.214993443312446, WeMoLink
0, 0, 0, 1, 0, 0, 1, 0, 2920, 0, 0, 0, 0, 0, 0, 0, 0, 0, 11, 0, 2, 2, 40, 0, 0, WeMoLink
0, 0, 0, 1, 0, 0, 1, 0, 2920, 0, 0, 0, 0, 0, 0, 0, 0, 0, 11, 0, 2, 2, 196, 1, 5.4839366688544935, WeMoLink
0, 0, 0, 1, 0, 0, 0, 1, 0, 0, 0, 0, 0, 0, 1, 0, 0, 0, 11, 0, 2, 1, 58, 0, 0, WeMoLink
0, 0, 0, 1, 0, 0, 1, 0, 237, 0, 0, 0, 0, 0, 0, 0, 0, 0, 11, 0, 2, 2, 144, 1, 5.4052164065618875, WeMoLink
0, 0, 0, 1, 0, 0, 0, 1, 0, 0, 0, 0, 0, 0, 1, 0, 0, 0, 11, 0, 1, 2, 454, 0, 0, WeMoLink
0, 0, 0, 1, 0, 0, 1, 0, 5840, 0, 0, 0, 0, 0, 0, 0, 0, 0, 12, 0, 2, 2, 52, 0, 0, WeMoLink
0, 0, 0, 1, 0, 0, 1, 0, 2920, 0, 0, 0, 0, 0, 0, 0, 0, 0, 12, 0, 2, 2, 40, 0, 0, WeMoLink
0, 0, 0, 1, 0, 0, 1, 0, 14600, 0, 0, 0, 0, 0, 0, 0, 0, 0, 12, 0, 2, 2, 52, 0, 0, WeMoLink
0, 0, 0, 1, 0, 0, 1, 0, 2920, 0, 0, 0, 0, 0, 0, 0, 0, 0, 12, 0, 2, 2, 40, 0, 0, WeMoLink
0, 0, 0, 1, 0, 0, 1, 0, 2920, 0, 0, 0, 0, 0, 0, 0, 0, 0, 12, 0, 2, 2, 267, 1, 4.879752332845518, WeMoLink
0, 0, 0, 1, 0, 0, 1, 0, 62, 0, 0, 0, 0, 0, 0, 0, 0, 0, 12, 0, 2, 2, 40, 0, 0, WeMoLink
0, 0, 0, 1, 0, 0, 1, 0, 62, 0, 0, 0, 0, 0, 0, 0, 0, 0, 12, 0, 2, 2, 1420, 1, 7.145872307479947, WeMoLink
0, 0, 0, 1, 0, 0, 1, 0, 62, 0, 0, 0, 0, 0, 0, 0, 0, 0, 12, 0, 2, 2, 1420, 1, 7.202871773758742, WeMoLink
0, 0, 0, 1, 0, 0, 1, 0, 62, 0, 0, 0, 0, 0, 0, 0, 0, 0, 12, 0, 2, 2, 1376, 1, 7.107476588008091, WeMoLink
0, 0, 0, 1, 0, 0, 1, 0, 62, 0, 0, 0, 0, 0, 0, 0, 0, 0, 12, 0, 2, 2, 843, 1, 7.496263269339539, WeMoLink
0, 0, 0, 1, 0, 0, 1, 0, 4300, 0, 0, 0, 0, 0, 0, 0, 0, 0, 12, 0, 2, 2, 40, 0, 0, WeMoLink
0, 0, 0, 1, 0, 0, 1, 0, 5680, 0, 0, 0, 0, 0, 0, 0, 0, 0, 12, 0, 2, 2, 40, 0, 0, WeMoLink
0, 0, 0, 1, 0, 0, 1, 0, 7060, 0, 0, 0, 0, 0, 0, 0, 0, 0, 12, 0, 2, 2, 40, 0, 0, WeMoLink
0, 0, 0, 1, 0, 0, 1, 0, 8440, 0, 0, 0, 0, 0, 0, 0, 0, 0, 12, 0, 2, 2, 40, 0, 0, WeMoLink
0, 0, 0, 1, 0, 0, 1, 0, 8440, 0, 0, 0, 0, 0, 0, 0, 0, 0, 12, 0, 2, 2, 366, 1, 7.32703515271483, WeMoLink
0, 0, 0, 1, 0, 0, 1, 0, 65535, 0, 1, 0, 0, 0, 0, 0, 0, 0, 12, 0, 2, 1, 60, 0, 0, WeMoLink
0, 0, 0, 1, 0, 0, 1, 0, 66, 0, 0, 0, 0, 0, 0, 0, 0, 0, 12, 0, 2, 2, 99, 1, 5.509761693429634, WeMoLink
0, 0, 0, 1, 0, 0, 1, 0, 8440, 0, 0, 0, 0, 0, 0, 0, 0, 0, 12, 0, 2, 2, 40, 0, 0, WeMoLink
0, 0, 0, 1, 0, 0, 1, 0, 8440, 0, 0, 0, 0, 0, 0, 0, 0, 0, 12, 0, 2, 2, 301, 1, 7.216841473546681, WeMoLink
0, 0, 0, 1, 0, 0, 1, 0, 8440, 0, 0, 0, 0, 0, 0, 0, 0, 0, 12, 0, 2, 2, 1420, 1, 7.595517200027423, WeMoLink
0, 0, 0, 1, 0, 0, 1, 0, 81, 0, 0, 0, 0, 0, 0, 0, 0, 0, 12, 0, 2, 2, 40, 0, 0, WeMoLink
0, 0, 0, 1, 0, 0, 1, 0, 8440, 0, 0, 0, 0, 0, 0, 0, 0, 0, 12, 0, 2, 2, 1420, 1, 7.583552393550427, WeMoLink
0, 0, 0, 1, 0, 0, 1, 0, 8440, 0, 0, 0, 0, 0, 0, 0, 0, 0, 12, 0, 2, 2, 1420, 1, 7.576392955450173, WeMoLink
0, 0, 0, 1, 0, 0, 1, 0, 8440, 0, 0, 0, 0, 0, 0, 0, 0, 0, 12, 0, 2, 2, 1420, 1, 7.577185913049271, WeMoLink
0, 0, 0, 1, 0, 0, 1, 0, 104, 0, 0, 0, 0, 0, 0, 0, 0, 0, 12, 0, 2, 2, 40, 0, 0, WeMoLink
0, 0, 0, 1, 0, 0, 1, 0, 8440, 0, 0, 0, 0, 0, 0, 0, 0, 0, 12, 0, 2, 2, 1420, 1, 7.608228220019828, WeMoLink
0, 0, 0, 1, 0, 0, 1, 0, 8440, 0, 0, 0, 0, 0, 0, 0, 0, 0, 12, 0, 2, 2, 1420, 1, 7.588848315745143, WeMoLink
0, 0, 0, 1, 0, 0, 1, 0, 8440, 0, 0, 0, 0, 0, 0, 0, 0, 0, 12, 0, 2, 2, 1420, 1, 7.5847904838202584, WeMoLink
0, 0, 0, 1, 0, 0, 1, 0, 116, 0, 0, 0, 0, 0, 0, 0, 0, 0, 12, 0, 2, 2, 40, 0, 0, WeMoLink
0, 0, 0, 1, 0, 0, 1, 0, 8440, 0, 0, 0, 0, 0, 0, 0, 0, 0, 12, 0, 2, 2, 1420, 1, 7.564684780490408, WeMoLink
0, 0, 0, 1, 0, 0, 1, 0, 8440, 0, 0, 0, 0, 0, 0, 0, 0, 0, 12, 0, 2, 2, 1420, 1, 7.58605476797296, WeMoLink
0, 0, 0, 1, 0, 0, 1, 0, 127, 0, 0, 0, 0, 0, 0, 0, 0, 0, 12, 0, 2, 2, 40, 0, 0, WeMoLink
0, 0, 0, 1, 0, 0, 1, 0, 139, 0, 0, 0, 0, 0, 0, 0, 0, 0, 12, 0, 2, 2, 40, 0, 0, WeMoLink
0, 0, 0, 1, 0, 0, 1, 0, 150, 0, 0, 0, 0, 0, 0, 0, 0, 0, 12, 0, 2, 2, 40, 0, 0, WeMoLink
0, 0, 0, 1, 0, 0, 1, 0, 8440, 0, 0, 0, 0, 0, 0, 0, 0, 0, 12, 0, 2, 2, 1420, 1, 7.620661682025332, WeMoLink
0, 0, 0, 1, 0, 0, 1, 0, 8440, 0, 0, 0, 0, 0, 0, 0, 0, 0, 12, 0, 2, 2, 41, 1, -0.0, WeMoLink
0, 0, 0, 1, 0, 0, 1, 0, 8440, 0, 0, 0, 0, 0, 0, 0, 0, 0, 12, 0, 2, 2, 1420, 1, 7.583027227998084, WeMoLink
0, 0, 0, 1, 0, 0, 1, 0, 8440, 0, 0, 0, 0, 0, 0, 0, 0, 0, 12, 0, 2, 2, 1420, 1, 7.587244391444262, WeMoLink
0, 0, 0, 1, 0, 0, 1, 0, 161, 0, 0, 0, 0, 0, 0, 0, 0, 0, 12, 0, 2, 2, 40, 0, 0, WeMoLink
0, 0, 0, 1, 0, 0, 1, 0, 165, 0, 0, 0, 0, 0, 0, 0, 0, 0, 12, 0, 2, 2, 40, 0, 0, WeMoLink
0, 0, 0, 1, 0, 0, 1, 0, 8440, 0, 0, 0, 0, 0, 0, 0, 0, 0, 12, 0, 2, 2, 1420, 1, 7.548186092773607, WeMoLink
0, 0, 0, 1, 0, 0, 1, 0, 8440, 0, 0, 0, 0, 0, 0, 0, 0, 0, 12, 0, 2, 2, 1420, 1, 7.579091101455618, WeMoLink
0, 0, 0, 1, 0, 0, 1, 0, 8440, 0, 0, 0, 0, 0, 0, 0, 0, 0, 12, 0, 2, 2, 1420, 1, 7.570797817226421, WeMoLink
0, 0, 0, 1, 0, 0, 1, 0, 165, 0, 0, 0, 0, 0, 0, 0, 0, 0, 12, 0, 2, 2, 40, 0, 0, WeMoLink
0, 0, 0, 1, 0, 0, 1, 0, 165, 0, 0, 0, 0, 0, 0, 0, 0, 0, 12, 0, 2, 2, 40, 0, 0, WeMoLink
0, 0, 0, 1, 0, 0, 1, 0, 8440, 0, 0, 0, 0, 0, 0, 0, 0, 0, 12, 0, 2, 2, 1280, 1, 7.590129645020269, WeMoLink
0, 0, 0, 1, 0, 0, 1, 0, 165, 0, 0, 0, 0, 0, 0, 0, 0, 0, 12, 0, 2, 2, 40, 0, 0, WeMoLink
0, 0, 0, 1, 0, 0, 1, 0, 165, 0, 0, 0, 0, 0, 0, 0, 0, 0, 12, 0, 2, 2, 40, 0, 0, WeMoLink
0, 0, 0, 1, 0, 0, 1, 0, 165, 0, 0, 0, 0, 0, 0, 0, 0, 0, 12, 0, 2, 2, 40, 0, 0, WeMoLink
0, 0, 0, 1, 0, 0, 1, 0, 165, 0, 0, 0, 0, 0, 0, 0, 0, 0, 12, 0, 2, 2, 40, 0, 0, WeMoLink
0, 0, 0, 1, 0, 0, 1, 0, 165, 0, 0, 0, 0, 0, 0, 0, 0, 0, 12, 0, 2, 2, 40, 0, 0, WeMoLink
0, 0, 0, 1, 0, 0, 1, 0, 165, 0, 0, 0, 0, 0, 0, 0, 0, 0, 12, 0, 2, 2, 40, 0, 0, WeMoLink
0, 0, 0, 1, 0, 0, 1, 0, 8440, 0, 0, 0, 0, 0, 0, 0, 0, 0, 12, 0, 2, 2, 1335, 1, 7.589251842191133, WeMoLink
0, 0, 0, 1, 0, 0, 1, 0, 165, 0, 0, 0, 0, 0, 0, 0, 0, 0, 12, 0, 2, 2, 40, 0, 0, WeMoLink
0, 0, 0, 1, 0, 0, 1, 0, 165, 0, 0, 0, 0, 0, 0, 0, 0, 0, 12, 0, 2, 2, 1420, 1, 7.869095069367544, WeMoLink
0, 0, 0, 1, 0, 0, 1, 0, 165, 0, 0, 0, 0, 0, 0, 0, 0, 0, 12, 0, 2, 2, 809, 1, 7.767940181808333, WeMoLink
0, 0, 0, 1, 0, 0, 1, 0, 8440, 0, 0, 0, 0, 0, 0, 0, 0, 0, 12, 0, 2, 2, 40, 0, 0, WeMoLink
0, 0, 0, 1, 0, 0, 1, 0, 8440, 0, 0, 0, 0, 0, 0, 0, 0, 0, 12, 0, 2, 2, 77, 1, 4.993237149412737, WeMoLink
0, 0, 0, 1, 0, 0, 1, 0, 8440, 0, 0, 0, 0, 0, 0, 0, 0, 0, 12, 0, 2, 2, 40, 0, 0, WeMoLink
1, 0, 0, 0, 0, 0, 0, 0, 0, 0, 0, 0, 0, 0, 0, 0, 0, 0, 12, 0, 0, 0, 0, 0, 0, WeMoLink
1, 0, 0, 0, 0, 0, 0, 0, 0, 0, 0, 0, 0, 0, 0, 0, 0, 0, 12, 0, 0, 0, 0, 0, 0, WeMoLink
0, 0, 0, 1, 0, 0, 1, 0, 165, 0, 0, 0, 0, 0, 0, 0, 0, 0, 12, 0, 2, 2, 40, 0, 0, WeMoLink
0, 0, 0, 1, 0, 0, 1, 0, 165, 0, 0, 0, 0, 0, 0, 0, 0, 0, 12, 0, 2, 2, 77, 1, 5.1553993115749, WeMoLink
0, 0, 0, 1, 0, 0, 1, 0, 165, 0, 0, 0, 0, 0, 0, 0, 0, 0, 12, 0, 2, 2, 40, 0, 0, WeMoLink
0, 0, 0, 1, 0, 0, 1, 0, 0, 0, 0, 0, 0, 0, 0, 0, 0, 0, 12, 0, 2, 2, 40, 0, 0, WeMoLink
0, 0, 0, 1, 0, 0, 1, 0, 0, 0, 0, 0, 0, 0, 0, 0, 0, 0, 12, 0, 2, 2, 40, 0, 0, WeMoLink
0, 0, 0, 1, 0, 0, 0, 1, 0, 0, 0, 0, 0, 0, 1, 0, 0, 0, 12, 0, 2, 1, 58, 0, 0, WeMoLink
0, 0, 0, 1, 0, 0, 0, 1, 0, 0, 0, 0, 0, 0, 1, 0, 0, 0, 12, 0, 1, 2, 454, 0, 0, WeMoLink
0, 0, 0, 1, 0, 0, 1, 0, 5840, 0, 0, 0, 0, 0, 0, 0, 0, 0, 13, 0, 2, 2, 52, 0, 0, WeMoLink
0, 0, 0, 1, 0, 0, 1, 0, 14600, 0, 0, 0, 0, 0, 0, 0, 0, 0, 13, 0, 2, 2, 52, 0, 0, WeMoLink
0, 0, 0, 1, 0, 0, 1, 0, 2920, 0, 0, 0, 0, 0, 0, 0, 0, 0, 13, 0, 2, 2, 40, 0, 0, WeMoLink
0, 0, 0, 1, 0, 0, 1, 0, 2920, 0, 0, 0, 0, 0, 0, 0, 0, 0, 13, 0, 2, 2, 267, 1, 4.919753722543561, WeMoLink
0, 0, 0, 1, 0, 0, 1, 0, 62, 0, 0, 0, 0, 0, 0, 0, 0, 0, 13, 0, 2, 2, 40, 0, 0, WeMoLink
0, 0, 0, 1, 0, 0, 1, 0, 62, 0, 0, 0, 0, 0, 0, 0, 0, 0, 13, 0, 2, 2, 1420, 1, 7.144813947060241, WeMoLink
0, 0, 0, 1, 0, 0, 1, 0, 62, 0, 0, 0, 0, 0, 0, 0, 0, 0, 13, 0, 2, 2, 1420, 1, 7.202871773758742, WeMoLink
0, 0, 0, 1, 0, 0, 1, 0, 62, 0, 0, 0, 0, 0, 0, 0, 0, 0, 13, 0, 2, 2, 1376, 1, 7.107476588008091, WeMoLink
0, 0, 0, 1, 0, 0, 1, 0, 62, 0, 0, 0, 0, 0, 0, 0, 0, 0, 13, 0, 2, 2, 843, 1, 7.496263269339539, WeMoLink
0, 0, 0, 1, 0, 0, 1, 0, 4300, 0, 0, 0, 0, 0, 0, 0, 0, 0, 13, 0, 2, 2, 40, 0, 0, WeMoLink
0, 0, 0, 1, 0, 0, 1, 0, 5680, 0, 0, 0, 0, 0, 0, 0, 0, 0, 13, 0, 2, 2, 40, 0, 0, WeMoLink
0, 0, 0, 1, 0, 0, 1, 0, 7060, 0, 0, 0, 0, 0, 0, 0, 0, 0, 13, 0, 2, 2, 40, 0, 0, WeMoLink
0, 0, 0, 1, 0, 0, 1, 0, 8440, 0, 0, 0, 0, 0, 0, 0, 0, 0, 13, 0, 2, 2, 40, 0, 0, WeMoLink
0, 0, 0, 1, 0, 0, 1, 0, 8440, 0, 0, 0, 0, 0, 0, 0, 0, 0, 13, 0, 2, 2, 366, 1, 7.319889158626603, WeMoLink
0, 0, 0, 1, 0, 0, 1, 0, 66, 0, 0, 0, 0, 0, 0, 0, 0, 0, 13, 0, 2, 2, 99, 1, 5.496966990003134, WeMoLink
0, 0, 0, 1, 0, 0, 1, 0, 8440, 0, 0, 0, 0, 0, 0, 0, 0, 0, 13, 0, 2, 2, 40, 0, 0, WeMoLink
0, 0, 0, 1, 0, 0, 1, 0, 8440, 0, 0, 0, 0, 0, 0, 0, 0, 0, 13, 0, 2, 2, 285, 1, 7.129748794067674, WeMoLink
0, 0, 0, 1, 0, 0, 1, 0, 8440, 0, 0, 0, 0, 0, 0, 0, 0, 0, 13, 0, 2, 2, 1420, 1, 7.567604029592652, WeMoLink
0, 0, 0, 1, 0, 0, 1, 0, 81, 0, 0, 0, 0, 0, 0, 0, 0, 0, 13, 0, 2, 2, 40, 0, 0, WeMoLink
0, 0, 0, 1, 0, 0, 1, 0, 8440, 0, 0, 0, 0, 0, 0, 0, 0, 0, 13, 0, 2, 2, 1420, 1, 7.600692676495221, WeMoLink
0, 0, 0, 1, 0, 0, 1, 0, 8440, 0, 0, 0, 0, 0, 0, 0, 0, 0, 13, 0, 2, 2, 1420, 1, 7.572549861364188, WeMoLink
0, 0, 0, 1, 0, 0, 1, 0, 8440, 0, 0, 0, 0, 0, 0, 0, 0, 0, 13, 0, 2, 2, 1420, 1, 7.573055072377215, WeMoLink
0, 0, 0, 1, 0, 0, 1, 0, 104, 0, 0, 0, 0, 0, 0, 0, 0, 0, 13, 0, 2, 2, 40, 0, 0, WeMoLink
0, 0, 0, 1, 0, 0, 1, 0, 8440, 0, 0, 0, 0, 0, 0, 0, 0, 0, 13, 0, 2, 2, 1420, 1, 7.615611530545133, WeMoLink
0, 0, 0, 1, 0, 0, 1, 0, 8440, 0, 0, 0, 0, 0, 0, 0, 0, 0, 13, 0, 2, 2, 1420, 1, 7.619916769870114, WeMoLink
0, 0, 0, 1, 0, 0, 1, 0, 8440, 0, 0, 0, 0, 0, 0, 0, 0, 0, 13, 0, 2, 2, 714, 1, 7.43525939264737, WeMoLink
0, 0, 0, 1, 0, 0, 1, 0, 116, 0, 0, 0, 0, 0, 0, 0, 0, 0, 13, 0, 2, 2, 40, 0, 0, WeMoLink
0, 0, 0, 1, 0, 0, 1, 0, 127, 0, 0, 0, 0, 0, 0, 0, 0, 0, 13, 0, 2, 2, 40, 0, 0, WeMoLink
0, 0, 0, 1, 0, 0, 1, 0, 139, 0, 0, 0, 0, 0, 0, 0, 0, 0, 13, 0, 2, 2, 40, 0, 0, WeMoLink
0, 0, 0, 1, 0, 0, 1, 0, 149, 0, 0, 0, 0, 0, 0, 0, 0, 0, 13, 0, 2, 2, 40, 0, 0, WeMoLink
0, 0, 0, 1, 0, 0, 1, 0, 149, 0, 0, 0, 0, 0, 0, 0, 0, 0, 13, 0, 2, 2, 1420, 1, 7.855850924328261, WeMoLink
0, 0, 0, 1, 0, 0, 1, 0, 149, 0, 0, 0, 0, 0, 0, 0, 0, 0, 13, 0, 2, 2, 137, 1, 6.122957558615067, WeMoLink
0, 0, 0, 1, 0, 0, 1, 0, 8440, 0, 0, 0, 0, 0, 0, 0, 0, 0, 13, 0, 2, 2, 40, 0, 0, WeMoLink
0, 0, 0, 1, 0, 0, 1, 0, 8440, 0, 0, 0, 0, 0, 0, 0, 0, 0, 13, 0, 2, 2, 77, 1, 5.026888838543455, WeMoLink
0, 0, 0, 1, 0, 0, 1, 0, 8440, 0, 0, 0, 0, 0, 0, 0, 0, 0, 13, 0, 2, 2, 40, 0, 0, WeMoLink
0, 0, 0, 1, 0, 0, 1, 0, 149, 0, 0, 0, 0, 0, 0, 0, 0, 0, 13, 0, 2, 2, 77, 1, 5.047291203466791, WeMoLink
0, 0, 0, 1, 0, 0, 1, 0, 149, 0, 0, 0, 0, 0, 0, 0, 0, 0, 13, 0, 2, 2, 40, 0, 0, WeMoLink
0, 0, 0, 1, 0, 0, 1, 0, 0, 0, 0, 0, 0, 0, 0, 0, 0, 0, 13, 0, 2, 2, 40, 0, 0, WeMoLink
0, 0, 0, 1, 0, 0, 1, 0, 0, 0, 0, 0, 0, 0, 0, 0, 0, 0, 13, 0, 2, 2, 40, 0, 0, WeMoLink
0, 0, 0, 1, 0, 0, 1, 0, 65535, 0, 1, 0, 0, 0, 0, 0, 0, 0, 13, 0, 2, 1, 60, 0, 0, WeMoLink
0, 0, 0, 1, 0, 0, 1, 0, 65535, 0, 0, 0, 0, 0, 0, 0, 0, 0, 13, 0, 2, 2, 60, 0, 0, WeMoLink
0, 0, 0, 1, 0, 0, 1, 0, 65535, 0, 1, 0, 0, 0, 0, 0, 0, 0, 13, 0, 3, 1, 60, 0, 0, WeMoLink
0, 0, 0, 1, 0, 0, 1, 0, 245, 0, 0, 0, 0, 0, 0, 0, 0, 0, 13, 0, 2, 2, 40, 0, 0, WeMoLink
0, 0, 0, 1, 0, 0, 1, 0, 0, 0, 0, 0, 0, 0, 0, 0, 0, 0, 14, 0, 2, 2, 40, 0, 0, WeMoLink
0, 0, 0, 1, 0, 0, 0, 1, 0, 0, 0, 0, 0, 0, 0, 0, 1, 0, 14, 0, 2, 1, 76, 0, 0, WeMoLink
0, 0, 0, 1, 0, 0, 0, 1, 0, 0, 0, 0, 0, 0, 0, 0, 1, 0, 14, 0, 2, 1, 76, 0, 0, WeMoLink
0, 0, 0, 1, 0, 0, 0, 1, 0, 0, 0, 0, 0, 0, 1, 0, 0, 0, 14, 0, 3, 1, 72, 0, 0, WeMoLink
0, 0, 0, 1, 0, 0, 0, 1, 0, 0, 0, 0, 0, 0, 1, 0, 0, 0, 14, 0, 1, 3, 248, 0, 0, WeMoLink
0, 0, 0, 1, 0, 0, 1, 0, 65535, 0, 1, 0, 0, 0, 0, 0, 0, 0, 15, 0, 2, 1, 60, 0, 0, WeMoLink
0, 0, 0, 1, 0, 0, 0, 1, 0, 0, 0, 0, 0, 0, 0, 0, 1, 0, 15, 0, 2, 1, 76, 0, 0, WeMoLink
0, 0, 0, 1, 0, 0, 0, 1, 0, 0, 0, 0, 0, 0, 0, 0, 1, 0, 15, 0, 2, 1, 76, 0, 0, WeMoLink
0, 0, 0, 1, 0, 0, 0, 1, 0, 0, 0, 0, 0, 0, 0, 0, 1, 0, 15, 0, 1, 2, 76, 0, 0, WeMoLink
0, 0, 0, 1, 0, 0, 0, 1, 0, 0, 0, 0, 0, 0, 0, 0, 1, 0, 15, 0, 1, 2, 76, 0, 0, WeMoLink
0, 0, 0, 1, 0, 0, 0, 1, 0, 0, 0, 0, 0, 0, 0, 0, 1, 0, 15, 0, 2, 1, 76, 0, 0, WeMoLink
0, 0, 0, 1, 1, 0, 0, 0, 0, 0, 0, 0, 0, 0, 0, 0, 0, 0, 15, 0, 2, 1, 56, 0, 0, WeMoLink
0, 0, 0, 1, 0, 0, 0, 1, 0, 0, 0, 0, 0, 0, 0, 0, 1, 0, 15, 0, 2, 1, 76, 0, 0, WeMoLink
0, 0, 0, 1, 0, 0, 1, 0, 65535, 0, 1, 0, 0, 0, 0, 0, 0, 0, 15, 0, 2, 1, 60, 0, 0, WeMoLink
0, 0, 0, 1, 0, 0, 0, 1, 0, 0, 0, 0, 0, 0, 1, 0, 0, 0, 15, 0, 2, 1, 64, 0, 0, WeMoLink
0, 0, 0, 1, 0, 0, 0, 1, 0, 0, 0, 0, 0, 0, 1, 0, 0, 0, 15, 0, 1, 2, 466, 0, 0, WeMoLink
0, 0, 0, 1, 0, 0, 1, 0, 65535, 0, 1, 0, 0, 0, 0, 0, 0, 0, 16, 0, 2, 1, 60, 0, 0, WeMoLink
0, 0, 0, 1, 0, 0, 0, 1, 0, 0, 0, 0, 0, 0, 1, 0, 0, 0, 16, 0, 2, 1, 67, 0, 0, WeMoLink
0, 0, 0, 1, 0, 0, 0, 1, 0, 0, 0, 0, 0, 0, 1, 0, 0, 0, 16, 0, 1, 2, 253, 0, 0, WeMoLink
0, 0, 0, 1, 0, 0, 1, 0, 65535, 0, 1, 0, 0, 0, 0, 0, 0, 0, 17, 0, 2, 1, 60, 0, 0, WeMoLink
0, 0, 0, 1, 0, 0, 0, 1, 0, 0, 0, 0, 0, 0, 0, 0, 1, 0, 18, 0, 2, 1, 76, 0, 0, WeMoLink
0, 0, 0, 1, 0, 0, 1, 0, 65535, 0, 1, 0, 0, 0, 0, 0, 0, 0, 18, 0, 2, 1, 60, 0, 0, WeMoLink
0, 0, 0, 1, 0, 0, 1, 0, 65535, 0, 1, 0, 0, 0, 0, 0, 0, 0, 18, 0, 2, 1, 60, 0, 0, WeMoLink
0, 0, 0, 1, 0, 0, 1, 0, 65535, 0, 1, 0, 0, 0, 0, 0, 0, 0, 18, 0, 2, 1, 60, 0, 0, WeMoLink
0, 0, 0, 1, 0, 0, 0, 1, 0, 0, 0, 0, 0, 0, 0, 0, 1, 0, 19, 0, 2, 1, 76, 0, 0, WeMoLink
0, 0, 0, 1, 0, 0, 1, 0, 65535, 0, 1, 0, 0, 0, 0, 0, 0, 0, 19, 0, 2, 1, 60, 0, 0, WeMoLink
0, 0, 0, 1, 0, 0, 1, 0, 65535, 0, 1, 0, 0, 0, 0, 0, 0, 0, 19, 0, 2, 1, 60, 0, 0, WeMoLink
0, 0, 0, 1, 0, 0, 1, 0, 65535, 0, 1, 0, 0, 0, 0, 0, 0, 0, 19, 0, 2, 1, 60, 0, 0, WeMoLink
0, 0, 0, 1, 0, 0, 1, 0, 65535, 0, 1, 0, 0, 0, 0, 0, 0, 0, 19, 0, 2, 1, 60, 0, 0, WeMoLink
0, 0, 0, 1, 0, 0, 1, 0, 65535, 0, 1, 0, 0, 0, 0, 0, 0, 0, 19, 0, 2, 1, 60, 0, 0, WeMoLink
0, 0, 0, 1, 0, 0, 1, 0, 65535, 0, 1, 0, 0, 0, 0, 0, 0, 0, 19, 0, 2, 1, 60, 0, 0, WeMoLink
0, 0, 0, 1, 0, 0, 0, 1, 0, 0, 0, 0, 0, 0, 1, 0, 0, 0, 19, 0, 2, 1, 58, 0, 0, WeMoLink
0, 0, 0, 1, 0, 0, 0, 1, 0, 0, 0, 0, 0, 0, 1, 0, 0, 0, 19, 0, 1, 2, 454, 0, 0, WeMoLink
0, 0, 0, 1, 0, 0, 1, 0, 5840, 0, 0, 0, 0, 0, 0, 0, 0, 0, 20, 0, 2, 2, 52, 0, 0, WeMoLink
0, 0, 0, 1, 0, 0, 1, 0, 14600, 0, 0, 0, 0, 0, 0, 0, 0, 0, 20, 0, 2, 2, 52, 0, 0, WeMoLink
0, 0, 0, 1, 0, 0, 1, 0, 2920, 0, 0, 0, 0, 0, 0, 0, 0, 0, 20, 0, 2, 2, 40, 0, 0, WeMoLink
0, 0, 0, 1, 0, 0, 1, 0, 2920, 0, 0, 0, 0, 0, 0, 0, 0, 0, 20, 0, 2, 2, 267, 1, 4.889002841524415, WeMoLink
0, 0, 0, 1, 0, 0, 1, 0, 62, 0, 0, 0, 0, 0, 0, 0, 0, 0, 20, 0, 2, 2, 40, 0, 0, WeMoLink
0, 0, 0, 1, 0, 0, 1, 0, 62, 0, 0, 0, 0, 0, 0, 0, 0, 0, 20, 0, 2, 2, 1420, 1, 7.149086841714122, WeMoLink
0, 0, 0, 1, 0, 0, 1, 0, 62, 0, 0, 0, 0, 0, 0, 0, 0, 0, 20, 0, 2, 2, 1420, 1, 7.202871773758742, WeMoLink
0, 0, 0, 1, 0, 0, 1, 0, 62, 0, 0, 0, 0, 0, 0, 0, 0, 0, 20, 0, 2, 2, 1376, 1, 7.107476588008091, WeMoLink
0, 0, 0, 1, 0, 0, 1, 0, 62, 0, 0, 0, 0, 0, 0, 0, 0, 0, 20, 0, 2, 2, 843, 1, 7.496263269339539, WeMoLink
0, 0, 0, 1, 0, 0, 1, 0, 4300, 0, 0, 0, 0, 0, 0, 0, 0, 0, 20, 0, 2, 2, 40, 0, 0, WeMoLink
0, 0, 0, 1, 0, 0, 1, 0, 5680, 0, 0, 0, 0, 0, 0, 0, 0, 0, 20, 0, 2, 2, 40, 0, 0, WeMoLink
0, 0, 0, 1, 0, 0, 1, 0, 7060, 0, 0, 0, 0, 0, 0, 0, 0, 0, 20, 0, 2, 2, 40, 0, 0, WeMoLink
0, 0, 0, 1, 0, 0, 1, 0, 8440, 0, 0, 0, 0, 0, 0, 0, 0, 0, 20, 0, 2, 2, 40, 0, 0, WeMoLink
0, 0, 0, 1, 0, 0, 1, 0, 8440, 0, 0, 0, 0, 0, 0, 0, 0, 0, 20, 0, 2, 2, 366, 1, 7.286157678803446, WeMoLink
0, 0, 0, 1, 0, 0, 1, 0, 66, 0, 0, 0, 0, 0, 0, 0, 0, 0, 20, 0, 2, 2, 99, 1, 5.503583253148273, WeMoLink
0, 0, 0, 1, 0, 0, 1, 0, 8440, 0, 0, 0, 0, 0, 0, 0, 0, 0, 20, 0, 2, 2, 40, 0, 0, WeMoLink
0, 0, 0, 1, 0, 0, 1, 0, 8440, 0, 0, 0, 0, 0, 0, 0, 0, 0, 20, 0, 2, 2, 301, 1, 7.296362115317423, WeMoLink
0, 0, 0, 1, 0, 0, 1, 0, 8440, 0, 0, 0, 0, 0, 0, 0, 0, 0, 20, 0, 2, 2, 1420, 1, 7.580036538283378, WeMoLink
0, 0, 0, 1, 0, 0, 1, 0, 81, 0, 0, 0, 0, 0, 0, 0, 0, 0, 20, 0, 2, 2, 40, 0, 0, WeMoLink
0, 0, 0, 1, 0, 0, 1, 0, 8440, 0, 0, 0, 0, 0, 0, 0, 0, 0, 20, 0, 2, 2, 1420, 1, 7.608763288085285, WeMoLink
0, 0, 0, 1, 0, 0, 1, 0, 8440, 0, 0, 0, 0, 0, 0, 0, 0, 0, 20, 0, 2, 2, 1420, 1, 7.603172804779155, WeMoLink
0, 0, 0, 1, 0, 0, 1, 0, 8440, 0, 0, 0, 0, 0, 0, 0, 0, 0, 20, 0, 2, 2, 1420, 1, 7.608311282837228, WeMoLink
0, 0, 0, 1, 0, 0, 1, 0, 104, 0, 0, 0, 0, 0, 0, 0, 0, 0, 20, 0, 2, 2, 40, 0, 0, WeMoLink
0, 0, 0, 1, 0, 0, 1, 0, 8440, 0, 0, 0, 0, 0, 0, 0, 0, 0, 20, 0, 2, 2, 1420, 1, 7.59751331938094, WeMoLink
0, 0, 0, 1, 0, 0, 1, 0, 8440, 0, 0, 0, 0, 0, 0, 0, 0, 0, 20, 0, 2, 2, 1420, 1, 7.563716899330829, WeMoLink
0, 0, 0, 1, 0, 0, 1, 0, 8440, 0, 0, 0, 0, 0, 0, 0, 0, 0, 20, 0, 2, 2, 1420, 1, 7.574574270757145, WeMoLink
0, 0, 0, 1, 0, 0, 1, 0, 116, 0, 0, 0, 0, 0, 0, 0, 0, 0, 20, 0, 2, 2, 40, 0, 0, WeMoLink
0, 0, 0, 1, 0, 0, 1, 0, 8440, 0, 0, 0, 0, 0, 0, 0, 0, 0, 20, 0, 2, 2, 1420, 1, 7.6011284962618815, WeMoLink
0, 0, 0, 1, 0, 0, 1, 0, 8440, 0, 0, 0, 0, 0, 0, 0, 0, 0, 20, 0, 2, 2, 1420, 1, 7.601568781916905, WeMoLink
0, 0, 0, 1, 0, 0, 1, 0, 127, 0, 0, 0, 0, 0, 0, 0, 0, 0, 20, 0, 2, 2, 40, 0, 0, WeMoLink
0, 0, 0, 1, 0, 0, 1, 0, 139, 0, 0, 0, 0, 0, 0, 0, 0, 0, 20, 0, 2, 2, 40, 0, 0, WeMoLink
0, 0, 0, 1, 0, 0, 1, 0, 150, 0, 0, 0, 0, 0, 0, 0, 0, 0, 20, 0, 2, 2, 40, 0, 0, WeMoLink
0, 0, 0, 1, 0, 0, 1, 0, 8440, 0, 0, 0, 0, 0, 0, 0, 0, 0, 20, 0, 2, 2, 1420, 1, 7.560884820568515, WeMoLink
0, 0, 0, 1, 0, 0, 1, 0, 8440, 0, 0, 0, 0, 0, 0, 0, 0, 0, 20, 0, 2, 2, 41, 1, -0.0, WeMoLink
0, 0, 0, 1, 0, 0, 1, 0, 8440, 0, 0, 0, 0, 0, 0, 0, 0, 0, 20, 0, 2, 2, 1420, 1, 7.582563405654742, WeMoLink
0, 0, 0, 1, 0, 0, 1, 0, 8440, 0, 0, 0, 0, 0, 0, 0, 0, 0, 20, 0, 2, 2, 1420, 1, 7.608760382815386, WeMoLink
0, 0, 0, 1, 0, 0, 1, 0, 161, 0, 0, 0, 0, 0, 0, 0, 0, 0, 20, 0, 2, 2, 40, 0, 0, WeMoLink
0, 0, 0, 1, 0, 0, 1, 0, 165, 0, 0, 0, 0, 0, 0, 0, 0, 0, 20, 0, 2, 2, 40, 0, 0, WeMoLink
0, 0, 0, 1, 0, 0, 1, 0, 8440, 0, 0, 0, 0, 0, 0, 0, 0, 0, 20, 0, 2, 2, 1420, 1, 7.593442559094463, WeMoLink
0, 0, 0, 1, 0, 0, 1, 0, 8440, 0, 0, 0, 0, 0, 0, 0, 0, 0, 20, 0, 2, 2, 1420, 1, 7.587296629907402, WeMoLink
0, 0, 0, 1, 0, 0, 1, 0, 8440, 0, 0, 0, 0, 0, 0, 0, 0, 0, 20, 0, 2, 2, 1420, 1, 7.606515818629269, WeMoLink
0, 0, 0, 1, 0, 0, 1, 0, 165, 0, 0, 0, 0, 0, 0, 0, 0, 0, 20, 0, 2, 2, 40, 0, 0, WeMoLink
0, 0, 0, 1, 0, 0, 1, 0, 165, 0, 0, 0, 0, 0, 0, 0, 0, 0, 20, 0, 2, 2, 40, 0, 0, WeMoLink
0, 0, 0, 1, 0, 0, 1, 0, 8440, 0, 0, 0, 0, 0, 0, 0, 0, 0, 20, 0, 2, 2, 1420, 1, 7.607598886283818, WeMoLink
0, 0, 0, 1, 0, 0, 1, 0, 8440, 0, 0, 0, 0, 0, 0, 0, 0, 0, 20, 0, 2, 2, 751, 1, 7.369033275980879, WeMoLink
0, 0, 0, 1, 0, 0, 1, 0, 165, 0, 0, 0, 0, 0, 0, 0, 0, 0, 20, 0, 2, 2, 40, 0, 0, WeMoLink
0, 0, 0, 1, 0, 0, 1, 0, 8440, 0, 0, 0, 0, 0, 0, 0, 0, 0, 20, 0, 2, 2, 1420, 1, 7.559968240312186, WeMoLink
0, 0, 0, 1, 0, 0, 1, 0, 165, 0, 0, 0, 0, 0, 0, 0, 0, 0, 20, 0, 2, 2, 40, 0, 0, WeMoLink
0, 0, 0, 1, 0, 0, 1, 0, 8440, 0, 0, 0, 0, 0, 0, 0, 0, 0, 20, 0, 2, 2, 1420, 1, 7.577480139072842, WeMoLink
0, 0, 0, 1, 0, 0, 1, 0, 165, 0, 0, 0, 0, 0, 0, 0, 0, 0, 20, 0, 2, 2, 40, 0, 0, WeMoLink
0, 0, 0, 1, 0, 0, 1, 0, 8440, 0, 0, 0, 0, 0, 0, 0, 0, 0, 20, 0, 2, 2, 1420, 1, 7.590951183611066, WeMoLink
0, 0, 0, 1, 0, 0, 1, 0, 165, 0, 0, 0, 0, 0, 0, 0, 0, 0, 20, 0, 2, 2, 40, 0, 0, WeMoLink
0, 0, 0, 1, 0, 0, 1, 0, 8440, 0, 0, 0, 0, 0, 0, 0, 0, 0, 20, 0, 2, 2, 1420, 1, 7.567467868560566, WeMoLink
0, 0, 0, 1, 0, 0, 1, 0, 165, 0, 0, 0, 0, 0, 0, 0, 0, 0, 20, 0, 2, 2, 40, 0, 0, WeMoLink
0, 0, 0, 1, 0, 0, 1, 0, 8440, 0, 0, 0, 0, 0, 0, 0, 0, 0, 20, 0, 2, 2, 1420, 1, 7.59815152953593, WeMoLink
0, 0, 0, 1, 0, 0, 1, 0, 8440, 0, 0, 0, 0, 0, 0, 0, 0, 0, 20, 0, 2, 2, 1420, 1, 7.592504261289547, WeMoLink
0, 0, 0, 1, 0, 0, 1, 0, 165, 0, 0, 0, 0, 0, 0, 0, 0, 0, 20, 0, 2, 2, 40, 0, 0, WeMoLink
0, 0, 0, 1, 0, 0, 1, 0, 165, 0, 0, 0, 0, 0, 0, 0, 0, 0, 20, 0, 2, 2, 40, 0, 0, WeMoLink
0, 0, 0, 1, 0, 0, 1, 0, 8440, 0, 0, 0, 0, 0, 0, 0, 0, 0, 20, 0, 2, 2, 270, 1, 6.830355118711628, WeMoLink
0, 0, 0, 1, 0, 0, 1, 0, 165, 0, 0, 0, 0, 0, 0, 0, 0, 0, 20, 0, 2, 2, 40, 0, 0, WeMoLink
0, 0, 0, 1, 0, 0, 1, 0, 165, 0, 0, 0, 0, 0, 0, 0, 0, 0, 20, 0, 2, 2, 40, 0, 0, WeMoLink
0, 0, 0, 1, 0, 0, 1, 0, 165, 0, 0, 0, 0, 0, 0, 0, 0, 0, 20, 0, 2, 2, 40, 0, 0, WeMoLink
0, 0, 0, 1, 0, 0, 1, 0, 165, 0, 0, 0, 0, 0, 0, 0, 0, 0, 20, 0, 2, 2, 40, 0, 0, WeMoLink
0, 0, 0, 1, 0, 0, 1, 0, 165, 0, 0, 0, 0, 0, 0, 0, 0, 0, 20, 0, 2, 2, 1420, 1, 7.87083878494638, WeMoLink
0, 0, 0, 1, 0, 0, 1, 0, 165, 0, 0, 0, 0, 0, 0, 0, 0, 0, 20, 0, 2, 2, 137, 1, 6.282852146288543, WeMoLink
0, 0, 0, 1, 0, 0, 1, 0, 8440, 0, 0, 0, 0, 0, 0, 0, 0, 0, 20, 0, 2, 2, 40, 0, 0, WeMoLink
0, 0, 0, 1, 0, 0, 1, 0, 8440, 0, 0, 0, 0, 0, 0, 0, 0, 0, 20, 0, 2, 2, 77, 1, 5.155399311574899, WeMoLink
0, 0, 0, 1, 0, 0, 1, 0, 8440, 0, 0, 0, 0, 0, 0, 0, 0, 0, 20, 0, 2, 2, 40, 0, 0, WeMoLink
0, 0, 0, 1, 0, 0, 1, 0, 65535, 0, 1, 0, 0, 0, 0, 0, 0, 0, 20, 0, 3, 1, 60, 0, 0, WeMoLink
0, 0, 0, 1, 0, 0, 1, 0, 165, 0, 0, 0, 0, 0, 0, 0, 0, 0, 20, 0, 2, 2, 77, 1, 5.155399311574899, WeMoLink
0, 0, 0, 1, 0, 0, 1, 0, 165, 0, 0, 0, 0, 0, 0, 0, 0, 0, 20, 0, 2, 2, 40, 0, 0, WeMoLink
0, 0, 0, 1, 0, 0, 1, 0, 0, 0, 0, 0, 0, 0, 0, 0, 0, 0, 20, 0, 2, 2, 40, 0, 0, WeMoLink
0, 0, 0, 1, 0, 0, 1, 0, 0, 0, 0, 0, 0, 0, 0, 0, 0, 0, 20, 0, 2, 2, 40, 0, 0, WeMoLink
0, 0, 0, 1, 0, 0, 0, 1, 0, 0, 0, 0, 0, 0, 1, 0, 0, 0, 20, 0, 2, 1, 58, 0, 0, WeMoLink
0, 0, 0, 1, 0, 0, 0, 1, 0, 0, 0, 0, 0, 0, 1, 0, 0, 0, 20, 0, 1, 2, 454, 0, 0, WeMoLink
0, 0, 0, 1, 0, 0, 1, 0, 65535, 0, 0, 0, 0, 0, 0, 0, 0, 0, 21, 0, 2, 2, 60, 0, 0, WeMoLink
0, 0, 0, 1, 0, 0, 0, 1, 0, 0, 0, 0, 0, 0, 1, 0, 0, 0, 21, 0, 2, 1, 58, 0, 0, WeMoLink
0, 0, 0, 1, 0, 0, 0, 1, 0, 0, 0, 0, 0, 0, 1, 0, 0, 0, 21, 0, 1, 2, 454, 0, 0, WeMoLink
0, 0, 0, 1, 0, 0, 1, 0, 5840, 0, 0, 0, 0, 0, 0, 0, 0, 0, 22, 0, 2, 2, 52, 0, 0, WeMoLink
0, 0, 0, 1, 0, 0, 1, 0, 65535, 0, 1, 0, 0, 0, 0, 0, 0, 0, 22, 0, 2, 1, 60, 0, 0, WeMoLink
0, 0, 0, 1, 0, 0, 1, 0, 14600, 0, 0, 0, 0, 0, 0, 0, 0, 0, 22, 0, 2, 2, 52, 0, 0, WeMoLink
0, 0, 0, 1, 0, 0, 1, 0, 2920, 0, 0, 0, 0, 0, 0, 0, 0, 0, 22, 0, 2, 2, 40, 0, 0, WeMoLink
0, 0, 0, 1, 0, 0, 1, 0, 2920, 0, 0, 0, 0, 0, 0, 0, 0, 0, 22, 0, 2, 2, 267, 1, 4.911669127990171, WeMoLink
0, 0, 0, 1, 0, 0, 1, 0, 62, 0, 0, 0, 0, 0, 0, 0, 0, 0, 22, 0, 2, 2, 40, 0, 0, WeMoLink
0, 0, 0, 1, 0, 0, 1, 0, 62, 0, 0, 0, 0, 0, 0, 0, 0, 0, 22, 0, 2, 2, 1420, 1, 7.148390844550912, WeMoLink
0, 0, 0, 1, 0, 0, 1, 0, 62, 0, 0, 0, 0, 0, 0, 0, 0, 0, 22, 0, 2, 2, 1420, 1, 7.202871773758742, WeMoLink
0, 0, 0, 1, 0, 0, 1, 0, 62, 0, 0, 0, 0, 0, 0, 0, 0, 0, 22, 0, 2, 2, 1376, 1, 7.107476588008091, WeMoLink
0, 0, 0, 1, 0, 0, 1, 0, 62, 0, 0, 0, 0, 0, 0, 0, 0, 0, 22, 0, 2, 2, 843, 1, 7.496263269339539, WeMoLink
0, 0, 0, 1, 0, 0, 1, 0, 4300, 0, 0, 0, 0, 0, 0, 0, 0, 0, 22, 0, 2, 2, 40, 0, 0, WeMoLink
0, 0, 0, 1, 0, 0, 1, 0, 5680, 0, 0, 0, 0, 0, 0, 0, 0, 0, 22, 0, 2, 2, 40, 0, 0, WeMoLink
0, 0, 0, 1, 0, 0, 1, 0, 7060, 0, 0, 0, 0, 0, 0, 0, 0, 0, 22, 0, 2, 2, 40, 0, 0, WeMoLink
0, 0, 0, 1, 0, 0, 1, 0, 8440, 0, 0, 0, 0, 0, 0, 0, 0, 0, 22, 0, 2, 2, 40, 0, 0, WeMoLink
0, 0, 0, 1, 0, 0, 1, 0, 8440, 0, 0, 0, 0, 0, 0, 0, 0, 0, 22, 0, 2, 2, 366, 1, 7.207178410955124, WeMoLink
0, 0, 0, 1, 0, 0, 1, 0, 66, 0, 0, 0, 0, 0, 0, 0, 0, 0, 22, 0, 2, 2, 99, 1, 5.5647636001726255, WeMoLink
0, 0, 0, 1, 0, 0, 1, 0, 8440, 0, 0, 0, 0, 0, 0, 0, 0, 0, 22, 0, 2, 2, 40, 0, 0, WeMoLink
0, 0, 0, 1, 0, 0, 1, 0, 8440, 0, 0, 0, 0, 0, 0, 0, 0, 0, 22, 0, 2, 2, 285, 1, 7.057872710498546, WeMoLink
0, 0, 0, 1, 0, 0, 1, 0, 8440, 0, 0, 0, 0, 0, 0, 0, 0, 0, 22, 0, 2, 2, 1420, 1, 7.60815370949507, WeMoLink
0, 0, 0, 1, 0, 0, 1, 0, 65535, 0, 0, 0, 0, 0, 0, 0, 0, 0, 22, 0, 2, 2, 60, 0, 0, WeMoLink
0, 0, 0, 1, 0, 0, 1, 0, 81, 0, 0, 0, 0, 0, 0, 0, 0, 0, 22, 0, 2, 2, 40, 0, 0, WeMoLink
0, 0, 0, 1, 0, 0, 1, 0, 8440, 0, 0, 0, 0, 0, 0, 0, 0, 0, 22, 0, 2, 2, 1420, 1, 7.556626401074771, WeMoLink
0, 0, 0, 1, 0, 0, 1, 0, 8440, 0, 0, 0, 0, 0, 0, 0, 0, 0, 22, 0, 2, 2, 1420, 1, 7.61258941823514, WeMoLink
0, 0, 0, 1, 0, 0, 1, 0, 8440, 0, 0, 0, 0, 0, 0, 0, 0, 0, 22, 0, 2, 2, 1420, 1, 7.60533111962323, WeMoLink
0, 0, 0, 1, 0, 0, 1, 0, 104, 0, 0, 0, 0, 0, 0, 0, 0, 0, 22, 0, 2, 2, 40, 0, 0, WeMoLink
0, 0, 0, 1, 0, 0, 1, 0, 8440, 0, 0, 0, 0, 0, 0, 0, 0, 0, 22, 0, 2, 2, 1420, 1, 7.600479418524976, WeMoLink
0, 0, 0, 1, 0, 0, 1, 0, 8440, 0, 0, 0, 0, 0, 0, 0, 0, 0, 22, 0, 2, 2, 1420, 1, 7.604559984855113, WeMoLink
0, 0, 0, 1, 0, 0, 1, 0, 8440, 0, 0, 0, 0, 0, 0, 0, 0, 0, 22, 0, 2, 2, 1420, 1, 7.598340652138324, WeMoLink
0, 0, 0, 1, 0, 0, 1, 0, 116, 0, 0, 0, 0, 0, 0, 0, 0, 0, 22, 0, 2, 2, 40, 0, 0, WeMoLink
0, 0, 0, 1, 0, 0, 1, 0, 8440, 0, 0, 0, 0, 0, 0, 0, 0, 0, 22, 0, 2, 2, 999, 1, 7.537232816617573, WeMoLink
0, 0, 0, 1, 0, 0, 1, 0, 127, 0, 0, 0, 0, 0, 0, 0, 0, 0, 22, 0, 2, 2, 40, 0, 0, WeMoLink
0, 0, 0, 1, 0, 0, 1, 0, 139, 0, 0, 0, 0, 0, 0, 0, 0, 0, 22, 0, 2, 2, 40, 0, 0, WeMoLink
0, 0, 0, 1, 0, 0, 1, 0, 150, 0, 0, 0, 0, 0, 0, 0, 0, 0, 22, 0, 2, 2, 40, 0, 0, WeMoLink
0, 0, 0, 1, 0, 0, 1, 0, 8440, 0, 0, 0, 0, 0, 0, 0, 0, 0, 22, 0, 2, 2, 1420, 1, 7.5514022655874244, WeMoLink
0, 0, 0, 1, 0, 0, 1, 0, 161, 0, 0, 0, 0, 0, 0, 0, 0, 0, 22, 0, 2, 2, 40, 0, 0, WeMoLink
0, 0, 0, 1, 0, 0, 1, 0, 8440, 0, 0, 0, 0, 0, 0, 0, 0, 0, 22, 0, 2, 2, 140, 1, 6.232662034987099, WeMoLink
0, 0, 0, 1, 0, 0, 1, 0, 2920, 0, 0, 0, 0, 0, 0, 0, 0, 0, 22, 0, 2, 2, 188, 1, 5.519957751859619, WeMoLink
0, 0, 0, 1, 0, 0, 1, 0, 165, 0, 0, 0, 0, 0, 0, 0, 0, 0, 22, 0, 2, 2, 40, 0, 0, WeMoLink
0, 0, 0, 1, 0, 0, 1, 0, 165, 0, 0, 0, 0, 0, 0, 0, 0, 0, 22, 0, 2, 2, 40, 0, 0, WeMoLink
0, 0, 0, 1, 0, 0, 1, 0, 8440, 0, 0, 0, 0, 0, 0, 0, 0, 0, 22, 0, 2, 2, 77, 1, 5.101345257520845, WeMoLink
0, 0, 0, 1, 0, 0, 1, 0, 8440, 0, 0, 0, 0, 0, 0, 0, 0, 0, 22, 0, 2, 2, 1420, 1, 7.593081775303308, WeMoLink
0, 0, 0, 1, 0, 0, 1, 0, 245, 0, 0, 0, 0, 0, 0, 0, 0, 0, 22, 0, 2, 2, 120, 1, 5.342298359358301, WeMoLink
0, 0, 0, 1, 0, 0, 1, 0, 2920, 0, 0, 0, 0, 0, 0, 0, 0, 0, 22, 0, 2, 2, 40, 0, 0, WeMoLink
0, 0, 0, 1, 0, 0, 1, 0, 8440, 0, 0, 0, 0, 0, 0, 0, 0, 0, 22, 0, 2, 2, 1420, 1, 7.597058748809576, WeMoLink
0, 0, 0, 1, 0, 0, 1, 0, 8440, 0, 0, 0, 0, 0, 0, 0, 0, 0, 22, 0, 2, 2, 1420, 1, 7.580530509170046, WeMoLink
0, 0, 0, 1, 0, 0, 1, 0, 8440, 0, 0, 0, 0, 0, 0, 0, 0, 0, 22, 0, 2, 2, 1420, 1, 7.584525205534932, WeMoLink
0, 0, 0, 1, 0, 0, 1, 0, 165, 0, 0, 0, 0, 0, 0, 0, 0, 0, 22, 0, 2, 2, 40, 0, 0, WeMoLink
0, 0, 0, 1, 0, 0, 1, 0, 8440, 0, 0, 0, 0, 0, 0, 0, 0, 0, 22, 0, 2, 2, 1439, 1, 7.588077011395108, WeMoLink
0, 0, 0, 1, 0, 0, 1, 0, 165, 0, 0, 0, 0, 0, 0, 0, 0, 0, 22, 0, 2, 2, 40, 0, 0, WeMoLink
0, 0, 0, 1, 0, 0, 1, 0, 8440, 0, 0, 0, 0, 0, 0, 0, 0, 0, 22, 0, 2, 2, 1420, 1, 7.611801728583242, WeMoLink
0, 0, 0, 1, 0, 0, 1, 0, 165, 0, 0, 0, 0, 0, 0, 0, 0, 0, 22, 0, 2, 2, 40, 0, 0, WeMoLink
0, 0, 0, 1, 0, 0, 1, 0, 8440, 0, 0, 0, 0, 0, 0, 0, 0, 0, 22, 0, 2, 2, 1420, 1, 7.543640157484098, WeMoLink
0, 0, 0, 1, 0, 0, 1, 0, 165, 0, 0, 0, 0, 0, 0, 0, 0, 0, 22, 0, 2, 2, 40, 0, 0, WeMoLink
0, 0, 0, 1, 0, 0, 1, 0, 165, 0, 0, 0, 0, 0, 0, 0, 0, 0, 22, 0, 2, 2, 40, 0, 0, WeMoLink
0, 0, 0, 1, 0, 0, 1, 0, 165, 0, 0, 0, 0, 0, 0, 0, 0, 0, 22, 0, 2, 2, 40, 0, 0, WeMoLink
0, 0, 0, 1, 0, 0, 1, 0, 8440, 0, 0, 0, 0, 0, 0, 0, 0, 0, 22, 0, 2, 2, 610, 1, 7.36260527680318, WeMoLink
0, 0, 0, 1, 0, 0, 1, 0, 165, 0, 0, 0, 0, 0, 0, 0, 0, 0, 22, 0, 2, 2, 40, 0, 0, WeMoLink
0, 0, 0, 1, 0, 0, 1, 0, 165, 0, 0, 0, 0, 0, 0, 0, 0, 0, 22, 0, 2, 2, 40, 0, 0, WeMoLink
0, 0, 0, 1, 0, 0, 1, 0, 165, 0, 0, 0, 0, 0, 0, 0, 0, 0, 22, 0, 2, 2, 40, 0, 0, WeMoLink
0, 0, 0, 1, 0, 0, 1, 0, 165, 0, 0, 0, 0, 0, 0, 0, 0, 0, 22, 0, 2, 2, 1245, 1, 7.812159322409618, WeMoLink
0, 0, 0, 1, 0, 0, 1, 0, 8440, 0, 0, 0, 0, 0, 0, 0, 0, 0, 22, 0, 2, 2, 77, 1, 5.101345257520845, WeMoLink
0, 0, 0, 1, 0, 0, 1, 0, 65535, 0, 1, 0, 0, 0, 0, 0, 0, 0, 22, 0, 2, 1, 60, 0, 0, WeMoLink
0, 0, 0, 1, 0, 0, 1, 0, 8440, 0, 0, 0, 0, 0, 0, 0, 0, 0, 22, 0, 2, 2, 40, 0, 0, WeMoLink
0, 0, 0, 1, 0, 0, 1, 0, 165, 0, 0, 0, 0, 0, 0, 0, 0, 0, 22, 0, 2, 2, 77, 1, 4.993237149412737, WeMoLink
0, 0, 0, 1, 0, 0, 1, 0, 165, 0, 0, 0, 0, 0, 0, 0, 0, 0, 22, 0, 2, 2, 40, 0, 0, WeMoLink
0, 0, 0, 1, 0, 0, 1, 0, 0, 0, 0, 0, 0, 0, 0, 0, 0, 0, 22, 0, 2, 2, 40, 0, 0, WeMoLink
0, 0, 0, 1, 0, 0, 1, 0, 0, 0, 0, 0, 0, 0, 0, 0, 0, 0, 22, 0, 2, 2, 40, 0, 0, WeMoLink
0, 0, 0, 1, 0, 0, 1, 0, 65535, 0, 1, 0, 0, 0, 0, 0, 0, 0, 22, 0, 2, 1, 60, 0, 0, WeMoLink
0, 0, 0, 1, 0, 0, 0, 1, 0, 0, 0, 0, 0, 0, 1, 0, 0, 0, 22, 0, 2, 1, 58, 0, 0, WeMoLink
0, 0, 0, 1, 0, 0, 0, 1, 0, 0, 0, 0, 0, 0, 1, 0, 0, 0, 22, 0, 1, 2, 454, 0, 0, WeMoLink
0, 0, 0, 1, 0, 0, 1, 0, 5840, 0, 0, 0, 0, 0, 0, 0, 0, 0, 23, 0, 2, 2, 52, 0, 0, WeMoLink
0, 0, 0, 1, 0, 0, 1, 0, 14600, 0, 0, 0, 0, 0, 0, 0, 0, 0, 23, 0, 2, 2, 52, 0, 0, WeMoLink
0, 0, 0, 1, 0, 0, 1, 0, 2920, 0, 0, 0, 0, 0, 0, 0, 0, 0, 23, 0, 2, 2, 40, 0, 0, WeMoLink
0, 0, 0, 1, 0, 0, 1, 0, 2920, 0, 0, 0, 0, 0, 0, 0, 0, 0, 23, 0, 2, 2, 267, 1, 4.867616264554049, WeMoLink
0, 0, 0, 1, 0, 0, 1, 0, 62, 0, 0, 0, 0, 0, 0, 0, 0, 0, 23, 0, 2, 2, 40, 0, 0, WeMoLink
0, 0, 0, 1, 0, 0, 1, 0, 62, 0, 0, 0, 0, 0, 0, 0, 0, 0, 23, 0, 2, 2, 1420, 1, 7.146351786765458, WeMoLink
0, 0, 0, 1, 0, 0, 1, 0, 62, 0, 0, 0, 0, 0, 0, 0, 0, 0, 23, 0, 2, 2, 1420, 1, 7.202871773758742, WeMoLink
0, 0, 0, 1, 0, 0, 1, 0, 62, 0, 0, 0, 0, 0, 0, 0, 0, 0, 23, 0, 2, 2, 1376, 1, 7.107476588008091, WeMoLink
0, 0, 0, 1, 0, 0, 1, 0, 62, 0, 0, 0, 0, 0, 0, 0, 0, 0, 23, 0, 2, 2, 843, 1, 7.496263269339539, WeMoLink
0, 0, 0, 1, 0, 0, 1, 0, 4300, 0, 0, 0, 0, 0, 0, 0, 0, 0, 23, 0, 2, 2, 40, 0, 0, WeMoLink
0, 0, 0, 1, 0, 0, 1, 0, 5680, 0, 0, 0, 0, 0, 0, 0, 0, 0, 23, 0, 2, 2, 40, 0, 0, WeMoLink
0, 0, 0, 1, 0, 0, 1, 0, 7060, 0, 0, 0, 0, 0, 0, 0, 0, 0, 23, 0, 2, 2, 40, 0, 0, WeMoLink
0, 0, 0, 1, 0, 0, 1, 0, 8440, 0, 0, 0, 0, 0, 0, 0, 0, 0, 23, 0, 2, 2, 40, 0, 0, WeMoLink
0, 0, 0, 1, 0, 0, 1, 0, 8440, 0, 0, 0, 0, 0, 0, 0, 0, 0, 23, 0, 2, 2, 366, 1, 7.317545631457773, WeMoLink
0, 0, 0, 1, 0, 0, 1, 0, 66, 0, 0, 0, 0, 0, 0, 0, 0, 0, 23, 0, 2, 2, 99, 1, 5.509761693429634, WeMoLink
0, 0, 0, 1, 0, 0, 1, 0, 8440, 0, 0, 0, 0, 0, 0, 0, 0, 0, 23, 0, 2, 2, 40, 0, 0, WeMoLink
0, 0, 0, 1, 0, 0, 1, 0, 8440, 0, 0, 0, 0, 0, 0, 0, 0, 0, 23, 0, 2, 2, 861, 1, 7.7420031321124165, WeMoLink
0, 0, 0, 1, 0, 0, 1, 0, 72, 0, 0, 0, 0, 0, 0, 0, 0, 0, 23, 0, 2, 2, 40, 0, 0, WeMoLink
0, 0, 0, 1, 0, 0, 1, 0, 72, 0, 0, 0, 0, 0, 0, 0, 0, 0, 23, 0, 2, 2, 781, 1, 7.705417367461808, WeMoLink
0, 0, 0, 1, 0, 0, 1, 0, 8440, 0, 0, 0, 0, 0, 0, 0, 0, 0, 23, 0, 2, 2, 40, 0, 0, WeMoLink
0, 0, 0, 1, 0, 0, 1, 0, 8440, 0, 0, 0, 0, 0, 0, 0, 0, 0, 23, 0, 2, 2, 77, 1, 5.026888838543454, WeMoLink
0, 0, 0, 1, 0, 0, 1, 0, 8440, 0, 0, 0, 0, 0, 0, 0, 0, 0, 23, 0, 2, 2, 40, 0, 0, WeMoLink
0, 0, 0, 1, 0, 0, 0, 0, 0, 0, 0, 0, 0, 0, 0, 0, 0, 0, 24, 0, 0, 0, 40, 1, 2.646782221599798, WeMoLink
0, 0, 0, 1, 0, 0, 1, 0, 72, 0, 0, 0, 0, 0, 0, 0, 0, 0, 24, 0, 2, 2, 40, 0, 0, WeMoLink
0, 0, 0, 1, 0, 0, 1, 0, 72, 0, 0, 0, 0, 0, 0, 0, 0, 0, 24, 0, 2, 2, 77, 1, 5.101345257520845, WeMoLink
0, 0, 0, 1, 0, 0, 1, 0, 72, 0, 0, 0, 0, 0, 0, 0, 0, 0, 24, 0, 2, 2, 40, 0, 0, WeMoLink
0, 0, 0, 1, 0, 0, 1, 0, 0, 0, 0, 0, 0, 0, 0, 0, 0, 0, 24, 0, 2, 2, 40, 0, 0, WeMoLink
0, 0, 0, 1, 0, 0, 1, 0, 0, 0, 0, 0, 0, 0, 0, 0, 0, 0, 24, 0, 2, 2, 40, 0, 0, WeMoLink
0, 0, 0, 1, 0, 0, 0, 1, 0, 0, 0, 0, 0, 1, 0, 0, 0, 0, 25, 0, 2, 2, 409, 1, 5.543512326013383, WeMoLink
0, 0, 0, 1, 0, 0, 0, 1, 0, 0, 0, 0, 0, 1, 0, 0, 0, 0, 25, 0, 2, 2, 407, 1, 5.539353104526072, WeMoLink
0, 0, 0, 1, 0, 0, 0, 1, 0, 0, 0, 0, 0, 1, 0, 0, 0, 0, 25, 0, 2, 2, 431, 1, 5.530538838206589, WeMoLink
0, 0, 0, 1, 0, 0, 0, 1, 0, 0, 0, 0, 0, 1, 0, 0, 0, 0, 25, 0, 2, 2, 439, 1, 5.551546121369958, WeMoLink
0, 0, 0, 1, 0, 0, 0, 1, 0, 0, 0, 0, 0, 1, 0, 0, 0, 0, 25, 0, 2, 2, 437, 1, 5.544501625639333, WeMoLink
0, 0, 0, 1, 0, 0, 0, 1, 0, 0, 0, 0, 0, 1, 0, 0, 0, 0, 25, 0, 2, 2, 441, 1, 5.527366521468329, WeMoLink
0, 0, 0, 1, 0, 0, 0, 1, 0, 0, 0, 0, 0, 1, 0, 0, 0, 0, 25, 0, 2, 2, 449, 1, 5.542410153363998, WeMoLink
0, 0, 0, 1, 0, 0, 0, 1, 0, 0, 0, 0, 0, 1, 0, 0, 0, 0, 25, 0, 2, 2, 431, 1, 5.528159310576253, WeMoLink
0, 0, 0, 1, 0, 0, 0, 1, 0, 0, 0, 0, 0, 1, 0, 0, 0, 0, 25, 0, 2, 2, 437, 1, 5.54055548464403, WeMoLink
0, 0, 0, 1, 0, 0, 0, 1, 0, 0, 0, 0, 0, 1, 0, 0, 0, 0, 25, 0, 2, 2, 445, 1, 5.524497349335643, WeMoLink
0, 0, 0, 1, 0, 0, 0, 1, 0, 0, 0, 0, 0, 1, 0, 0, 0, 0, 25, 0, 2, 2, 441, 1, 5.52857514682275, WeMoLink
0, 0, 0, 1, 0, 0, 0, 1, 0, 0, 0, 0, 0, 1, 0, 0, 0, 0, 25, 0, 2, 2, 433, 1, 5.53153785380157, WeMoLink
0, 0, 0, 1, 0, 0, 0, 1, 0, 0, 0, 0, 0, 1, 0, 0, 0, 0, 25, 0, 2, 2, 443, 1, 5.536167510714293, WeMoLink
1, 0, 0, 0, 0, 0, 0, 0, 0, 0, 0, 0, 0, 0, 0, 0, 0, 0, 25, 0, 0, 0, 0, 0, 0, WeMoLink
1, 0, 0, 0, 0, 0, 0, 0, 0, 0, 0, 0, 0, 0, 0, 0, 0, 0, 25, 0, 0, 0, 0, 0, 0, WeMoLink
0, 0, 0, 1, 0, 0, 0, 0, 0, 0, 0, 0, 0, 0, 0, 0, 0, 0, 25, 0, 0, 0, 40, 1, 2.646782221599798, WeMoLink
0, 0, 0, 1, 1, 0, 0, 0, 0, 0, 0, 0, 0, 0, 0, 0, 0, 0, 25, 0, 0, 0, 84, 1, 0.5140894694980185, WeMoLink
0, 0, 0, 1, 1, 0, 0, 0, 0, 0, 0, 0, 0, 0, 0, 0, 0, 0, 25, 0, 0, 0, 84, 1, 0.5140894694980185, WeMoLink
0, 0, 0, 1, 1, 0, 0, 0, 0, 0, 0, 0, 0, 0, 0, 0, 0, 0, 25, 0, 0, 0, 84, 1, 0.5140894694980185, WeMoLink
0, 0, 0, 1, 1, 0, 0, 0, 0, 0, 0, 0, 0, 0, 0, 0, 0, 0, 25, 0, 0, 0, 84, 1, 0.5140894694980185, WeMoLink
0, 0, 0, 1, 1, 0, 0, 0, 0, 0, 0, 0, 0, 0, 0, 0, 0, 0, 25, 0, 0, 0, 84, 1, 0.5140894694980185, WeMoLink
0, 0, 0, 1, 1, 0, 0, 0, 0, 0, 0, 0, 0, 0, 0, 0, 0, 0, 25, 0, 0, 0, 84, 1, 0.5140894694980185, WeMoLink
1, 0, 0, 0, 0, 0, 0, 0, 0, 0, 0, 0, 0, 0, 0, 0, 0, 0, 25, 0, 0, 0, 0, 0, 0, WeMoLink
1, 0, 0, 0, 0, 0, 0, 0, 0, 0, 0, 0, 0, 0, 0, 0, 0, 0, 25, 0, 0, 0, 0, 0, 0, WeMoLink
0, 0, 0, 1, 0, 0, 0, 1, 0, 0, 0, 0, 0, 0, 1, 0, 0, 0, 25, 0, 2, 1, 58, 0, 0, WeMoLink
0, 0, 0, 1, 0, 0, 0, 1, 0, 0, 0, 0, 0, 0, 1, 0, 0, 0, 25, 0, 1, 2, 454, 0, 0, WeMoLink
0, 0, 0, 1, 0, 0, 1, 0, 5840, 0, 0, 0, 0, 0, 0, 0, 0, 0, 25, 0, 2, 2, 52, 0, 0, WeMoLink
0, 0, 0, 1, 0, 0, 1, 0, 14600, 0, 0, 0, 0, 0, 0, 0, 0, 0, 25, 0, 2, 2, 52, 0, 0, WeMoLink
0, 0, 0, 1, 0, 0, 1, 0, 2920, 0, 0, 0, 0, 0, 0, 0, 0, 0, 25, 0, 2, 2, 40, 0, 0, WeMoLink
0, 0, 0, 1, 0, 0, 1, 0, 2920, 0, 0, 0, 0, 0, 0, 0, 0, 0, 25, 0, 2, 2, 267, 1, 4.938100846051845, WeMoLink
0, 0, 0, 1, 0, 0, 1, 0, 62, 0, 0, 0, 0, 0, 0, 0, 0, 0, 25, 0, 2, 2, 40, 0, 0, WeMoLink
0, 0, 0, 1, 0, 0, 1, 0, 62, 0, 0, 0, 0, 0, 0, 0, 0, 0, 25, 0, 2, 2, 1420, 1, 7.132636938467287, WeMoLink
0, 0, 0, 1, 0, 0, 1, 0, 62, 0, 0, 0, 0, 0, 0, 0, 0, 0, 25, 0, 2, 2, 1420, 1, 7.202871773758742, WeMoLink
0, 0, 0, 1, 0, 0, 1, 0, 62, 0, 0, 0, 0, 0, 0, 0, 0, 0, 25, 0, 2, 2, 1376, 1, 7.107476588008091, WeMoLink
0, 0, 0, 1, 0, 0, 1, 0, 62, 0, 0, 0, 0, 0, 0, 0, 0, 0, 25, 0, 2, 2, 843, 1, 7.496263269339539, WeMoLink
0, 0, 0, 1, 0, 0, 1, 0, 4300, 0, 0, 0, 0, 0, 0, 0, 0, 0, 25, 0, 2, 2, 40, 0, 0, WeMoLink
0, 0, 0, 1, 0, 0, 1, 0, 5680, 0, 0, 0, 0, 0, 0, 0, 0, 0, 25, 0, 2, 2, 40, 0, 0, WeMoLink
0, 0, 0, 1, 0, 0, 1, 0, 7060, 0, 0, 0, 0, 0, 0, 0, 0, 0, 25, 0, 2, 2, 40, 0, 0, WeMoLink
0, 0, 0, 1, 0, 0, 1, 0, 8440, 0, 0, 0, 0, 0, 0, 0, 0, 0, 25, 0, 2, 2, 40, 0, 0, WeMoLink
0, 0, 0, 1, 0, 0, 1, 0, 8440, 0, 0, 0, 0, 0, 0, 0, 0, 0, 25, 0, 2, 2, 366, 1, 7.188484177711921, WeMoLink
0, 0, 0, 1, 0, 0, 1, 0, 66, 0, 0, 0, 0, 0, 0, 0, 0, 0, 25, 0, 2, 2, 99, 1, 5.4419650832601425, WeMoLink
0, 0, 0, 1, 0, 0, 1, 0, 8440, 0, 0, 0, 0, 0, 0, 0, 0, 0, 25, 0, 2, 2, 40, 0, 0, WeMoLink
0, 0, 0, 1, 0, 0, 1, 0, 8440, 0, 0, 0, 0, 0, 0, 0, 0, 0, 25, 0, 2, 2, 749, 1, 7.760674819140964, WeMoLink
0, 0, 0, 1, 0, 0, 1, 0, 71, 0, 0, 0, 0, 0, 0, 0, 0, 0, 25, 0, 2, 2, 733, 1, 7.687856352558145, WeMoLink
0, 0, 0, 1, 0, 0, 1, 0, 8440, 0, 0, 0, 0, 0, 0, 0, 0, 0, 25, 0, 2, 2, 77, 1, 5.155399311574899, WeMoLink
0, 0, 0, 1, 0, 0, 1, 0, 8440, 0, 0, 0, 0, 0, 0, 0, 0, 0, 25, 0, 2, 2, 40, 0, 0, WeMoLink
0, 0, 0, 1, 0, 0, 1, 0, 71, 0, 0, 0, 0, 0, 0, 0, 0, 0, 25, 0, 2, 2, 77, 1, 5.101345257520844, WeMoLink
0, 0, 0, 1, 0, 0, 1, 0, 71, 0, 0, 0, 0, 0, 0, 0, 0, 0, 25, 0, 2, 2, 40, 0, 0, WeMoLink
0, 0, 0, 1, 0, 0, 1, 0, 0, 0, 0, 0, 0, 0, 0, 0, 0, 0, 25, 0, 2, 2, 40, 0, 0, WeMoLink
0, 0, 0, 1, 0, 0, 1, 0, 0, 0, 0, 0, 0, 0, 0, 0, 0, 0, 25, 0, 2, 2, 40, 0, 0, WeMoLink
1, 0, 0, 0, 0, 0, 0, 0, 0, 0, 0, 0, 0, 0, 0, 0, 0, 0, 25, 0, 0, 0, 0, 0, 0, WeMoLink
1, 0, 0, 0, 0, 0, 0, 0, 0, 0, 0, 0, 0, 0, 0, 0, 0, 0, 25, 0, 0, 0, 0, 0, 0, WeMoLink
